:040000006F10B06766
:100004000000000000000000080200000A020000D6
:1000140000000000781E0000000000000000000046
:10002400781E0000781E00000000000000000000A0
:10003400781E000000000000781E00000000000090
:10004400781E0000781E0000781E000000000000EA
:10005400160B0000781E0000781E0000781E0000B9
:10006400781E0000781E0000781E0000781E000034
:10007400781E0000781E0000781E0000781E000024
:10008400781E0000781E0000781E00003411000065
:10009400781E0000781E0000781E0000EA0C0000A4
:1000A400781E0000781E0000781E00009A0E0000E2
:1000B400781E0000781E0000781E0000781E0000E4
:1000C400781E0000781E0000781E0000781E0000D4
:1000D400781E0000781E0000781E0000000000005A
:1000E400000000000000000000000000000000000C
:0C00F40000000000000000000000000000
:10010000397101436EC619A0397141536AC866CA74
:1001100062CC5ECE19A0397101535AD056D252D456
:100120004ED64AD826DA22DC06DE330161408282CE
:1001300041114AC026C222C406C68282B24D410184
:10014000024D924C224CB24B4101024B924A224A40
:10015000B2494101024992442244B24041018280A5
:100160003D432A876373C3029377F700BDEFADE584
:10017000937606FF3D8ABA960CC34CC30CC74CC796
:100180004107E36BD7FE11E28280B306C3408A06C3
:100190009702000096966780A6002307B700A30683
:1001A000B7002306B700A305B7002305B700A304D3
:1001B000B7002304B700A303B7002303B700A302CB
:1001C000B7002302B700A301B7002301B700A300C3
:1001D000B7002300B700828093F5F50F9396850052
:1001E000D58D93960501D58D61B79396270097021B
:1001F000000096968682E78086FA9680C1171D8F4A
:100200003E96E374C3F8A5B701A0B707EFBE37E782
:1002100000E0938707083CC701A0EFF27FF1AA84B2
:10022000EF30B00EB54763FBA702838604001307C7
:10023000400281476392E602370400201304041F42
:100240000C402685EF301010854719E54C40268577
:10025000EF30500FB337A0003E85EDBD8147EDBFB5
:10026000EFF21FEDB79700002E8483A5C7B12A894E
:100270006D98EF208079EF30E00EAA8413054006D8
:100280003385A402EF308019AA854A85EF201055E6
:10029000B797000083A507B2EF2020772A8926852B
:1002A000EF30C017AA854A85EF20803F93073005BD
:1002B0006315F400B70700803D8D69BDEFF2DFE400
:1002C0009305C0022A84EF30D00125C9930415009C
:1002D0009305A0022285EF30D0002A8A7D55630B5A
:1002E0000A041385C18C1306001E8145953D7D547B
:1002F000D14B9389C18C9305C0022685EF30607E77
:100300002A89054B19E15289014B33069940930A1A
:100310001400635BC00063D3CB004D4633857A0382
:10032000A6854E95EF30A0499304190063150B0084
:100330001305240031B556847DBF7D55E5BF1821D6
:10034000A546930707FD93F7F70F63E3F602E2076D
:10035000E1871831A546130507FD1375F50F63ED09
:10036000A6026205618592075D8D1375F50F828087
:100370009307F7FB93F7F70F15466365F6009307AE
:1003800097FCF1B79306F7F993F6F60F8147E3620E
:10039000D6FC930797FA65BF9306F7FB93F6F60F23
:1003A0001546130597FCE37ED6FA9306F7F993F604
:1003B000F60F0145E369D6FA130597FA5DB7EFF238
:1003C0009FD5B70400209384041F8C400111194667
:1003D0002A84EF30A07405CDCC4019462285EF3039
:1003E000E073814715E105499305A0022285231694
:1003F0000100EF30006FAA8409ED83D7418593E7B0
:100400000708239AF18481473E8505613DBB014978
:10041000E1BF1C315C863C216800DC860D37AA896F
:10042000930540022285EF30C06B814711C9050555
:100430006378950005050347F5FFB98FE39CA4FE9B
:10044000E39D37FB83D7418513F7070809C793F767
:10045000F7F7239AF184228595356349A00083D765
:10046000418593E70702239AF18471BF02C802CA4B
:1004700002CC02CE9384C18C6317090883C701851F
:1004800091CB37960000A286130646A98545014503
:10049000EF0090688387840791CB13858407EF3042
:1004A000002F9387C188AAAF4181CAAF8387040A0E
:1004B00081CF1385040AEF30202DEF30600F1384B5
:1004C000C1886AAC41810AB08387440B99C32387F2
:1004D000F18A8387840C95C71385840CEF30C02A7A
:1004E000EF30000D1384C18893578500A301A40247
:1004F0002302F402935705016181A302F40223034E
:10050000A402854711B783C7218591CB3796000098
:10051000A286130646A985450145EF00F05F838753
:1005200004001384C18881CB1385C18CEF30C025B2
:10053000EF30000848C88387440199C3A303F4023D
:100540000307740293071004138911856311F714CC
:1005500085472300F9002308F4028387840281CBB6
:1005600013858402EF304022EF30800408C883876F
:10057000C40391C31CAC8387040581CB1385040598
:10058000EF308020EF30C00248C48387440691C317
:100590001CBC8387840781CB13858407EF30C01E82
:1005A000EF30000108D48387C40881CB1385C408C9
:1005B000EF30801DEF20D07F48D41385040AEF3040
:1005C000C05499476311F50483D7040A0808FC80D6
:1005D000EF30601C83D7240A230AA4020808FC8099
:1005E000EF30601B83D7440AA309A4020808FC80EB
:1005F000EF30601A1305057D42054181A308A4026E
:1006000021812309A4021385C18CEF300050954746
:1006100063F4A7069E200808FC80EF30C017BE20B8
:10062000A30AA4020808FC80EF30E016DE20230BAA
:10063000A4020808FC80EF300016A30BA402930567
:10064000E0021385C18CEF30C04911C50505EF30BC
:100650008014230EA40213051403512283470900BA
:1006600008DC99CB83C7018781EB85472388F18616
:1006700023ACA1802380F182830584010848CD3614
:1006800048C0830594014844E13E08C09DBD230055
:10069000090023080402D1B5EFF29FA90111AE842D
:1006A000638405101384C1881C580347740383486E
:1006B0006403A1830348540383464403105C3AC097
:1006C000C20703473403C183B795000093870783AC
:1006D000938585A9268502CC02CEEF30403A48406A
:1006E0002C08F1202685EF304042F2466246B7954D
:1006F00000009385C5AC2695EF30603808402C0883
:100700007D202685EF306040584CC1671389F7FF84
:10071000362C337727014207558F6246F246B7954C
:100720000000938585AD2695EF3060351C506A2C0E
:100730002C08B3F72701C2075D8D95282685EF3079
:10074000C03CF246E1679387076AB3D6F602624679
:10075000B79500009385C5AE2695096913090971FF
:10076000EF30E03108542C0899202685EF30E0392D
:10077000F2466246B7950000B3D626039385C5AF0F
:100780002695EF30C02F48542C0815202685EF30D1
:10079000C037F2466246B7950000B3D6260393856C
:1007A000C5B02695EF30A02D2685056165B2EFF224
:1007B0003F982E84AA84EF20104108C0EF20705289
:1007C000AA852685EF209001B797000083A547C52D
:1007D000EF208057EF20303F48C06FF0BF971831AF
:1007E0001C21342122075D8F8947303163E4D70013
:1007F000B1067D179307D016B307F702B705F5FFCB
:10080000938535592E96B29713562700B297130643
:1008100000193356C702B297130640063357C70272
:100820001306C003998F13079009B386E602154794
:10083000938676E3B3D6E602556713070718B69793
:10084000B387E70258218566938606E13307D7020E
:1008500054316821B386C60236973A953E95828018
:10086000556713070718B377E5028566938606E197
:1008700037480200130E18AB1303405B33D6D70280
:10088000B3F7D7029306C003D0A133D6D702B3F78C
:10089000D702D0B13355E502FCA1B7070B0093870F
:1008A000C7A625671306C7EA3E95B378C503930725
:1008B000001933D6C802B3D668024696158E930641
:1008C00008ABB3D6D8021308D0163355C503B30608
:1008D000D64033D606033305F502930747E9B3D76D
:1008E000F6023295B3D66602C69733060603958F95
:1008F000154893069009918F3386070385070906EB
:100900003357D602B306D7028906B3D60603958FAE
:10091000BCB19377F70F1307905F6362C7028D072F
:1009200093F7F70F4205BCA1094741816365F700C2
:1009300005054205418188A1218188B18280DD17AA
:10094000C5B7A30105002301050093064500014733
:10095000954513060002B307B7022380060005077A
:100960009506AA97A382070023830700A3830700A5
:1009700023840700E311C7FEA3000500054582801C
:100980002A869C2193F7F70FEDFFB42185479CA1A0
:100990009547B387F6020145AE970387470039E3D1
:1009A00003070600850693F6F60FD8A3282218320F
:1009B0002205598D38324207598D58226207498FD6
:1009C00013558700D8B3E8A3135507016183E8B333
:1009D00098A7FD4763EBD700B4A19C31030506003F
:1009E00085079CB123800500828023810500F5B72F
:1009F000EFF20FF49C21814493F7F70FC9E32E84A3
:100A0000AC311549B3852503B307B400838447008F
:100A1000BDC091051546A295EF20705A38303307B6
:100A20002703229774234833A206C98E68334205F0
:100A3000C98E08276205558D19CDEF20B0573C307F
:100A4000B3872703A297A382070023830700A3830A
:100A50000700238407003C3015473387E7022297BD
:100A60002302070063599000850793F7F70F7D472E
:100A7000636AF7003CB01C3099C3FD171CB0268593
:100A80006FF04FEDA3010400FDB7EFF2CFE87971ED
:100A900085451545B719014002CA02CC02CE02D0E5
:100AA00002D202D402D602C602C8EF105014894402
:100AB000130A80024C081385098026CA52CEEF1013
:100AC000206385450145EF10807E054441490810AB
:100AD00026D04AD422D602D2EF1060584C08138593
:100AE000098022CA52CEEF10A06081450145EF1067
:100AF000007C081022D04AD422D602D2EF10205611
:100B00009307401168007C86448722C8EF10607DFF
:100B100045616FF08FE30111094522CE26CC4ACA08
:100B2000EF10805A49C183C71187ADE737150140DF
:100B3000894513050580EF108074A381A18683C7C2
:100B400081862A84A1CB83C72186A9C7A54785456D
:100B500005455C84A304010023050100A3050100F1
:100B600023060100EF20B04319C99357850000A167
:100B7000C8845C85935705016181DC85488693852F
:100B8000C1B62800F53B19E5938741859A23136781
:100B900007019AA30945EF1000557244E2445249F7
:100BA0000561730020300545EF1000527DD53715E3
:100BB0000140854513050580EF10606C2380A186F8
:100BC00009C503A7C18623A2E18683C7A185138433
:100BD000A185BDC735E583C78186BDC39387C1861F
:100BE000984393874186904323040100A3040100A6
:100BF000118F23050100A30501002306010009460A
:100C00001389C1866363E604B147938411875C84CA
:100C10009C208DCBEF106010238004009385C1B61B
:100C20002800B93B19E5938741859A23136707018B
:100C30009AA38327090023000400890723AEF184C7
:100C4000054591BFAD475C84D1BF0547588423A0BB
:100C50000700E9B7EFF2CFCD011102C802CA02CCFA
:100C600002CEB7170240984FB70602003714014072
:100C70001367470098CFD84F2A89E144558FD8CFC2
:100C800091473EC24C008547130504803EC426C6EA
:100C9000EF100046A1474C00130504803EC23744C4
:100CA000004026C6EF10C044B7070C000C0813051F
:100CB00004403ECC4AC802CA231E0100EF10F002D5
:100CC00005461305044093055052EF10700CB7E72A
:100CD00000E01307000823A2E71085451305044030
:100CE000EF10B00905616FF0EFC6797122D6374475
:100CF0000040930500021305044026D44AD2EF10A9
:100D0000900D6305050E13050440EF10500C9386FB
:100D100081859C229384818593F7F70F13871700B1
:100D20001377F70F98A21387C1AEBA9788A31375EC
:100D3000F50FA947631CF50A9C20F91793F7F70FE5
:100D40009CA09C203E9783C7118723000700D1E712
:100D500083C78186D9C383C72186C1C31385C1AE2A
:100D6000EF20B05AB9472A8963F9A7061385C1AEA7
:100D7000EFF0AFCA3DC113061900A147B285054582
:100D8000230CF100A30C0100230D0100A30D0100B1
:100D9000230E010032C6EF2090202A8905C5324675
:100DA0009385C1AEEF20B02193578900A30C210198
:100DB000230DF1009357090113598901A30DF10087
:100DC000230E21019385C1B628085D3E19E593875E
:100DD00041859A23136707019AA3130600088145EA
:100DE0001385C1AE23800400EFF08FB73254A254B4
:100DF0001259456173002030EFF28FB3011102C820
:100E000002CA02CC02CEB7170240984FB7060800BC
:100E1000371401401367870098CFD84F2A89E144DF
:100E2000558FD8CF370701405C439D664C00D58F66
:100E30005CC3130504C085473EC23EC426C6EF10FE
:100E4000202B89474C00130504C03EC23754004094
:100E500026C6EF10E029B7070C000C08130504C0E4
:100E60003ECC4AC802CA231E0100EF1000680546A6
:100E7000130504C093055052EF108071856737E762
:100E800000E0938707802322F7108545130504C0EF
:100E9000EF10A06E05616FF0EFAB797152CE375A4B
:100EA00000409305000213050AC022D626D44AD278
:100EB0004ED0EF1040726309050E13050AC0EF1003
:100EC00000711384718518209387C1AA3E97937986
:100ED000F50F23003701182013050AC01389718507
:100EE000BA978C23EF10206E1C201387C1AA8507A8
:100EF00093F7F70F1CA0A9476386F900B547014493
:100F00006398F90683470900B7950000938585B774
:100F1000850793F7F70F2300F9001385C1AABA9745
:100F200023800700EF201042354415E9B7950000F3
:100F3000938505B81385C1AAEF20D040054405E18B
:100F4000B7950000938545B81385C1AAEF20903F5F
:100F50003DC503C721852DE32389818415441306EC
:100F6000000481451385C1AA23000900EFF04F9FBB
:100F700083C7118795EB83C781869DC715C4938569
:100F8000C1B628004084A304010023050100A30585
:100F9000010023060100EFF0BF9E19E5938741850C
:100FA0009A23136707019AA33254A2541259825903
:100FB000724A4561730020302389018445B7B79593
:100FC0000000938585B81385C1AAEF20B03719C9F1
:100FD00003C7018509E723888184194449B7238819
:100FE0000184E5BFB79500009385C5B81385C1AAF4
:100FF000EF205035114425F5B7950000938545B98C
:101000001385C1AAEF2010341D4431F9B7950000B3
:10101000938585B91385C1AAEF20D032394421D1F7
:101020009305D0031385C1AAEF20B02B0D4405D939
:101030000505EF20407623ACA18005472380E1829F
:10104000014431BFEFF2CF8EB71602409C4E0567C8
:10105000011113070780D98F231C0100231E0100F3
:1010600002C602C8231B0100231D01009CCE83D7AA
:101070000181373401404C08FC8483D7E18113059A
:1010800004C0930404C0FC8293072003230EF100E4
:10109000EF10003EF9572318F4C0930730027C8606
:1010A00085475C87680085473EC8EF1080238357DB
:1010B000C4C093E717002316F4C0835704C093E716
:1010C00017002310F4C005616FF0CF88EFF24F8650
:1010D000B7170140938607C0411121476306D50029
:1010E00011476313F5004147B71602409C4ED98F54
:1010F0009CCEC1472EC23EC64C0085473EC4EF0081
:10110000307F41016FF00F85EFF28F8203A5C18020
:1011100083D5818083C711861384118689CBEF1014
:1011200080171C2093C7F7FF1CA06FF0AF82EF1051
:10113000A015C5BF3735014001118545130505C010
:1011400022CEEF1040388547631EF508753F1387A0
:10115000018214239387C18699C683A681812300C7
:101160000700850694C39843050798C303C7818683
:101170001384818615CB83C711879DE789479385A3
:10118000C1B628005C84A304010023050100A30567
:10119000010023060100EFF0AFFE19E593874185BA
:1011A0009A23136707019AA383C7C18185EF83C779
:1011B00011878DCB1C209DC7B1479385C1B62800F0
:1011C0005C84A304010023050100A305010023069C
:1011D0000100EFF0EFFA19E5938741859A23136731
:1011E00007019AA3373501408545130505C0EF1067
:1011F000002F7244056173002030EFE27FF341114C
:101200002E842C00B284EFF0AFE50348E1009C8609
:101210001886148590858DC02C84C2883E88BA8734
:1012200013870583B7950000938505BA2285EF20C3
:10123000100541016FE01FF2B7950000938505BCD2
:101240002285EF20D003F5B7EFE2FFECB71702409D
:10125000984F056993064900558F98CF984F011113
:10126000371401401367870098CF8544930789841A
:10127000C1498A85130504C03EC04EC426C2EF0092
:101280003067930700048A85130504803EC04EC46E
:1012900026C2EF00F06593070008E1498A8513052F
:1012A00004803EC04EC426C2EF0090649307000243
:1012B0008A85130504803EC04EC426C2EF005063E9
:1012C00093050980130504C0EF00107C130504C0CA
:1012D000A145EF00507C1305048093050004EF0046
:1012E000B07AB7C7040102C83EC68947FC81B70778
:1012F000000285076C00373501403ECA02CC231E30
:101300000100EF108012373701401E2393E70704D6
:101310001EA305616FE07FE35D714AD052CC2A893C
:101320002E8A0545930500404ECE06D622D426D2FD
:10133000B28936DEBAC0BEC2C2C4C6C6EF202046DD
:101340002DC52A84814463000A0203A5C186014693
:10135000A2856535B7950000AA849385C5B6228518
:10136000EF2040768D04630E09002285EF20E0799E
:10137000B79500004A86938505B72295EF20207027
:10138000AA949305004074184E86858D3305940009
:1013900036C6EF30006737950000A285130505CAF1
:1013A000EF2020672285EF20E040B2502254925473
:1013B0000259F249624A61618280EFE27FD7EF0011
:1013C0007049B70757031375F5F0938717606303E8
:1013D000F50663EAA702B707510393871760630016
:1013E000F506B707560393871760630FF504B70731
:1013F000500393871760630EF504379500001305BB
:10140000C5BD6FE03FD5B7075B03938717606307E0
:10141000F504B7075E03938717606306F504B70703
:101420005A0393871760E31AF5FC379500001305FC
:1014300045C3C1BF37950000130545C2D9B73795DD
:101440000000130545C475BF37950000130545C05E
:101450004DBF37950000130545BE65B737950000B1
:10146000130545C179BF37950000130545BF51BF2E
:10147000EFE21FCC83A68182411136C63D3F03A80F
:10148000C18683A84181B24683A7C18237960000F6
:101490002A871306C6D885450145BD3D41016FE049
:1014A0007FCBEFE2FFC549710545EF003063EF00E8
:1014B000F00A83D5818003A5C180EFF03FC1EF1012
:1014C00020121385C1B6EFF0CFC72384A186EFF0B9
:1014D0007FB7716513050520EFF01F92EFF0EFDA8B
:1014E000096513050558EFF0EFF6EF00D00AEF009D
:1014F000100F1305C05DEF1000119D3FB13329455A
:10150000EF106010EF00206D13052003EF10A00F07
:1015100003A64182B7990000938509CA138501C1CA
:10152000EF20E055EF00407183C69185AA851146F2
:10153000138501C1EF0020721306000C81450819C4
:10154000EFE01FC21306000881450818EFE05FC1F5
:10155000EFF0AFD32945EF10000B8547238DF184C1
:101560002381F186938781863EC6938741823EC858
:10157000B797000003AD87C5B797000083ADC7C517
:1015800083A74184A56CA388018602D023020102AF
:10159000854A014C4ECA13849185138BA18513890A
:1015A0001187938C4CB33ECCB247938941859C23E1
:1015B0009DCF9385C1B60810EFF08FC393876185E7
:1015C0001375F50F88A39C233547FD1793F7F70F85
:1015D000636FF7008A07E6979C43828783A6418161
:1015E00037960000130606C78545014535339387B6
:1015F000C185984311CB83A6C18663E7E60023A08B
:10160000070085472300FB0083D60900B1C203A76A
:10161000418137960000130686D685450145ED3990
:101620000C201145412903D60900B7950000938588
:1016300005D8138501C1EF208044EF00E05F14203E
:10164000AA851146138501C1EF00E06023900900CF
:101650000545EF00507B89BF0C201145A129B795A6
:101660000000938545C8138501C1EF200049354529
:10167000EF00805C1420AA851146138501C1EF009C
:10168000805D03A7418137960000130646C9BA86DC
:101690008545014551311305A00FEF00D076B707FE
:1016A000EFBE37E700E0938707083CC789B7854757
:1016B0009385C1B628102304F102A3040102230577
:1016C0000102A305010223060102EFF06FABE31054
:1016D00005F283D7090093E707012390F90001BFC2
:1016E0000145238E01806D2685478545370500100D
:1016F0002300F900EF0090518347090099EFB79557
:101700000000938585C637950000130545CAEF2074
:1017100040300545EF003042D9BDB79500009385B4
:1017200005C6D5B705470545238EE18095261305E7
:101730004006EF00506DB795000037950000938587
:1017400085C61305C5CC23000900EF20802C45B5C4
:10175000938B01C1930700022380FB0003A5C18680
:10176000850B0146DE85EFF05FA93D47AA87634CF4
:10177000A700B79500002ACE9385055B5E85EF2014
:101780006034F24785073E85452914200546AA8521
:10179000138501C1C9211145EF00E06AEF107054B3
:1017A000EA85EF10605AEE85EF102026E24523AC63
:1017B000A186EF10A050635C05040545EF000061B1
:1017C00083470900E39507E2E3830AE283C71185B3
:1017D000639F072003A581872C1002D402D6EFE077
:1017E0001FFD0C201145F924B2569307803E225666
:1017F000B3D6F602B7950000938545CF0818EF20C1
:1018000000281D2914201146AA8508189DA001450D
:1018100075B703A581872C1002D402D6EFE03FF9FB
:101820003257A25637960000130646D0854501452B
:10183000EFF09FAE6DBB83A6C1863796000003A76D
:101840004181130646D1DDB705472388E18645B3BC
:10185000EFF01FC2C247138501C19043D247938561
:1018600007CAEF20C021C92E14201146AA8513856E
:1018700001C1D526ADBB02559357850003454102F2
:1018800062055D8DE30505D6EF10D0728DB38347F9
:101890000900E39E07D4825B93D78B00834B410200
:1018A000E20BB3EBFB0063840B12DE850819EF201B
:1018B000C0245E85EF1010700819EFE05FB0E308F8
:1018C00005D263080C1283CA1185014CE3810AD248
:1018D00003A5C1860C19EFE03FDC03A741813796D1
:1018E0000000AA86130606D285450145EFF0DFA267
:1018F000938BC18802D402D603C55B0083C74B001B
:101900002C1022055D8D83C76B00C207C98F03C5EC
:101910007B0062055D8DEFE09FE9B2562256B795D8
:101920000000938585D20818EF20601503C5D18883
:1019300083C7C1882C1022055D8D83C7E188C2074B
:10194000C98F03C5F18862055D8DEFE05FE6081879
:10195000EF20A01BB25622561C18B79500009385A5
:10196000C5D33E95EF20A01103C5FB0183C7EB0152
:101970002C1022055D8D83C70B02C207C98F03C5DA
:101980001B0262055D8DEFE09FE20818EF20E01773
:1019900003C6BB0183C7AB01A25622065D8E83C777
:1019A000CB01B7950000938505D5C207D18F03C63B
:1019B000DB0162065D8E1C183E95EF20400C102066
:1019C00091450945B52A1420094685453DBD0C20A1
:1019D0000D45CD20B7950000938505D6138501C12F
:1019E000EF20A0111945892C14200D4641B5BE8A5F
:1019F000FDBE054CEDBEEFE2AFF337140140856547
:101A0000130504C093850580EF00100893050004BA
:101A100013050480EF0030080545EF00D03E930524
:101A2000000413050480EF0030060545EF00B03DCB
:101A30006FE04FF2EFE22FEE371901402E848565FB
:101A400093850580AA89130509C0B284EF00B0040C
:101A5000A145130509C063820902EF00D003A294D7
:101A60006310940285653715014093850580130541
:101A700005C0EF0070016FE04FEDEF00F000C5B75B
:101A800005048345F4FF37350140EF00301DC9BF21
:101A9000EFE20FEA3335A00041111305E50A930781
:101AA00000F8C8866C00094605455C86613741012F
:101AB0006FE04FEAEFE2CFE77D1541111375F50FA7
:101AC000B7077F22938717024886136505FB3EC43C
:101AD00048879D47AE84054593050008DC86EF10D6
:101AE000104C23AAA18615C51384418799C41306F7
:101AF00000089305F00FEFE0AFE61D462C0005450A
:101B0000153F0C400145130600082D370840EF1023
:101B1000704A0545EF00302F41016FE0AFE3EFE27F
:101B20002FE1054495442285050481451374F40F83
:101B30005137E31A94FE0545EF00F02C6FE08FE17A
:101B4000EFE20FDFB7077F2201117D1593871702A0
:101B50001374F50F3ECC9D47A30EF1002E899367B9
:101B600004FB93050008054532C6230E8100230FB0
:101B7000F100EF10D04223AAA1861DC13246938402
:101B8000418719C6130600089305F00FEFE04FDDFB
:101B90007D191379F90F637B89008840EF1090411C
:101BA0000545EF00502605616FE0CFDA936704FB2F
:101BB0001D462C080545230E8100230FF100EFF090
:101BC0007FE78C401306000801450504EFF09FE60F
:101BD0001374F40FC9B7EFE2AFD5B7D780A80111DE
:101BE0009387E75A3EC2B7D700409387F7313EC488
:101BF000B717A1C89387D7483EC6B707818F938789
:101C0000A72D3EC8B7F7DB409387971D3ECAB7277D
:101C1000002E9387470A3ECCED77938767FAFC86C0
:101C2000EFF07FDD4C0069460545EFF0BFE0C53DB4
:101C3000014505616FE00FD21307F5FFB94763EA6D
:101C4000E700C1473385A740058505051375F50FE6
:101C5000828001458280EFE22FCB79717D1613746B
:101C6000F60F2EC6B68A2A8AEF10306AB24585670B
:101C7000FC86930710022300F102FD1589678E058B
:101C80009387F727A300B1022311F102AA899D4788
:101C900019460C1005452569230F010002D402D610
:101CA00023028102A302F1028144EFF0BFD8294B45
:101CB000130949DD930BF10263C5340145616FE0FF
:101CC0002FC8B3079A008387070063926703050450
:101CD0001374F40F936704FB230FF1000D466C0897
:101CE00005458504EFF01FD593F4F40FF1B793F792
:101CF000F70F8E07CA979843DC433AD43ED6638ADF
:101D00000A003C10983385071347F7FF98A3E39B1D
:101D100077FF21462C100145E9B7B71702409843D9
:101D2000B70600F99386F6F51367170098C3D843F2
:101D300013670705D8C3D843758FD8C33727024028
:101D40001443F19A14C3144393E6260014C3D843F2
:101D50001377F7F0D8C3D843D8C38280B7160240B0
:101D6000DC42918313F7F700B70700209387070041
:101D7000BA979C23D4423777DC0293F7F70F130707
:101D800007C093F606083356F70099E23356F70278
:101D900023A6C1828280EFE2AFB9371702401C4F01
:101DA00041114C0093E707011CCF91673EC2C14728
:101DB0003EC63715014085473EC41D2E014691653C
:101DC00037150140D92941016FE0CFB8EFE24FB696
:101DD0002A86916537150140C9216FE0AFB7EFE260
:101DE0002FB579711306000281450808EFE04FB75F
:101DF0008545130540203724014002C202C402C6B3
:101E0000FD2313050440CD45812437150140C1470A
:101E10004C00130505803EC202C6D92C8547370702
:101E20000E000C08130504403ECC3ACE2302F1020A
:101E300002C802CA02D0E920854513050440212AC0
:101E400045616FE02FB1EFE2AFAE37240140AA85C4
:101E50009D460546130504401D2285451305044093
:101E600019229304044089452685D12A6DDD130586
:101E70000440D1226FE00FAE01A097F1FF1F9381C4
:101E800061B7173100201301E11717850000130512
:101E9000258E97E5FF1F9385E5161386018563FA66
:101EA000C5008322050023A0550011059105E3EA32
:101EB000C5FE13850185938541C56377B500232051
:101EC00005001105E36DB5FEFD42739002BC8D4225
:101ED00073904280930280087390023097E2FFFF74
:101EE0009382821293E2320073905230EFF0FFE25D
:101EF00097F2FFFF9382225B7390123473002030BD
:101F00005C413707F1E01307F7EF944D7D8F9C415B
:101F1000D58FD44DD58FD441A206D58FD98F5CC132
:101F20001C4537F7F1FF1307D77FD4457D8F9C49B8
:101F3000D58F94458606D58FD98F1CC55C5537073C
:101F400010FF7D177D8FDC29FD1793F7F70FD20760
:101F5000D98F5CD582801C4589C593E717001CC5C5
:101F60008280F99BEDBF1C4591C537075000D98F82
:101F70001CC582803707B0FF7D17F98FD5BFA547F5
:101F800063F7B7048D47138765FF3307F70203280C
:101F9000C5009D47B397E70093C7F7FFB3F7070165
:101FA000B396E600DD8E54C5994763E3C7049547B1
:101FB0007D163306F6025859FD47B397C70093C7FD
:101FC000F7FFF98F3396C5005D8E50D982800D479B
:101FD0003387E502032805019D47B397E70093C7C0
:101FE000F7FFB3F70701B396E600DD8E14C96DBFA6
:101FF000B14763E2C702954765163306F6021859E2
:10200000FD47B397C70093C7F7FFF98F3396C50015
:102010005D8E10D9828095474D163306F6025855CD
:10202000FD47B397C70093C7F7FFF98FB395C50076
:10203000DD8D4CD582806845420541818280084112
:102040006D8D3335A00082803C4993F707E0DD8D2C
:102050002CC98280B7F7FF1F03A5477082805841C3
:10206000032805004C4537060140930706403E977C
:102070009346F8FFB1C583250640F58D2320B64071
:10208000D043F18ED4C31443B3E6060114C3184100
:1020900090479346F7FF758E90C7D047F18ED4C70F
:1020A000144541466399C6009447D98E94C7D447D6
:1020B000558FD8C78280B6979443558F98C3828036
:1020C0001C43F58F1CC38280B7070140138707406C
:1020D00083A70740584B698F09C77D8D3335A00012
:1020E000828001458280B707014023AAA7408280F1
:1020F0009845937707011378F70081C7DC4133686F
:10210000F8009441814713F6F60F39C21C4101468D
:10211000854E3D4F930F800293028004214EB39869
:10212000CE00B3F516016391B80213132600B31560
:102130006F0093C5F5FFED8F33136800B367F300AD
:102140006315F70F232A15010506E31AC6FD1CC106
:102150004166130606F0758E49C237F6FF1F032647
:1021600046701376060F7DE2371601409305068010
:102170006312B50C83A70183A145854E3D4F930F94
:10218000800293028004414E3393BE0033F6660012
:102190006312C302139625000116B318CF0093C82B
:1021A000F8FFB3F7F8003316C800D18F6312F70BAE
:1021B000232A65008505E399C5FD5CC137F6FF1F3D
:1021C000032646701376060F09EA37160140930579
:1021D00006806314B50823A8F182C16763E6F6049C
:1021E000504D8147054E3D4F930F8002930280046E
:1021F000A14E93850701B315BE00B3F8B6006391F5
:1022000015039398270033131F011343F3FF33760D
:10221000C300B318180133E6C800631CF7054CC9A6
:102220008507E398D7FD50CD8280E31F57F0232820
:10223000150119BF930506C06315B50083A7418337
:1022400025BFE31BC5F283A781833DB75C412DB752
:10225000E31257F623286500B1BF930506C0631546
:10226000B50023AAF18295BFE319C5F623ACF1822C
:10227000ADB7E31757FAB315FE000CD155B70845B3
:102280006D8D3335A000828093970501C1831CC9F1
:10229000C1810CD182804CC9828001CA939705010B
:1022A000C1831CC9C1810CD182804CC9828093F743
:1022B000F500918113972500B7050140BA95944523
:1022C00086070D473317F7001347F7FF758F98C53B
:1022D00098453315F500598D88C5828023AEA186B7
:1022E000828003A7C187854714216310F7021C3140
:1022F000639CE7023C21960793E707F837E700E085
:1023000093F7F70F36972300F740054793D756000A
:102310003317D700544189CE938707048A07B7E65D
:1023200000E0B69798C38280EDF33C219607F9B799
:1023300093870706E5B7377700401C43F59B1CC31E
:10234000B7F700E003A707D11367470023A8E7D03A
:1023500005476311E50203A707D15D9B23A8E7D0DA
:102360007300501037F700E0832707D1ED9B232837
:10237000F7D0828083A607D103A707D193F6060280
:102380001367870223A8E7D003A707D11377F7FDC8
:10239000558F23A8E7D003A707D11367870023A889
:1023A000E7D07300501003A707D1136787007DB7EC
:1023B000B777DC02938707C01CC13716024058422A
:1023C00011839376F700370700201307070136972C
:1023D0001423504293F6F60F1376060833D7D7002E
:1023E00019E233D7D70258C118C558C5828099C59C
:1023F000371702401C4F5D8D08CF8280B71702400F
:10240000984F1345F5FF798D88CF828099C537178E
:1024100002405C4F5D8D48CF8280B7170240D84F95
:102420001345F5FF798DC8CF82801A218D67938778
:102430000704B6217D8F9E21D58FD621D58FF62119
:10244000D58F9625D58FB625D58FD625D58FF62550
:10245000D58FD98F1EA19E291EA982801E2593F794
:102460000708EDFF4EA51E2593F70708EDFF8280B4
:102470001E2137370140130707C0C207C183630617
:10248000E500370700406316E500BA2193F7F7F837
:10249000D98FFA2193F7F7CFC207C183D98F1EA135
:1024A000DE215EB59E211EB5B7370140938707C078
:1024B0006306F500B70700406314F5009C251EB9BC
:1024C00085475EA982801E294A25ED8F42054181FC
:1024D00089C76D8D3335A00082800145828093C508
:1024E000F5FFC205C1810EA98280EFD27FC41629F3
:1024F000F577FD17F58FF621DA250111D58F1EA985
:102500005625FD779387379FF58FD6212A842EC6CF
:10251000D58F9625D58FB625D58F5EA55E29C207A6
:10252000C18393F7F7CFD98F5EA90808EFF05FE872
:10253000B747014093870780B245631EF402F24714
:102540006547B387E7029841930640060A07B3D769
:10255000E70233D7D702B3F7D70212079207938760
:102560002703B3D7D702BD8BD98FC207C1831EA45F
:1025700005616FD03FBEE247E1B791C55E250967AF
:10258000D98F5EA582805A25F977FD17F98FD5BFBF
:1025900013F7F50F85471583B395B7006319F70057
:1025A0009307C500984301CED98D8CC3828089469C
:1025B00093074501E318D7FE93070501E5B793C5D7
:1025C000F5FFF98DDDB793F5F51F4EA182804A2105
:1025D0001375F51F82800A216D8D3335A00082802E
:1025E00083A7C18237177A0013070720B3D7E70202
:1025F00093F7F70F2381F1881307803EB387E70233
:102600002390F1888280B7F700E0D8438146799B18
:10261000D8C303D701883306A70290CBD4CB984305
:102620001367070198C398431367170298C3D843E9
:10263000058B75DF9843799B98C38280EFD2BFAD3D
:10264000B7540040AE8932890144938404C0634585
:1026500024014A856FD07FAF930500042685EFF0F3
:102660009FF77DD9B38789008385070026850504F8
:10267000C205C181EFF03FF5D9BF1387C1831C4369
:10268000938641C53E95636BD500B756002093866F
:10269000068063E5A60008C33E858280FD57EDBF36
:1026A0004111370780007D1713D8750126C2935456
:1026B00075013373A70093F4F40FB376B7004AC0E3
:1026C0001378F80F1359F50106C622C4FD819A87C5
:1026D00026854A86131E3300939E3600B388044134
:1026E000630AB90E6350100D630408149307F00FCA
:1026F000638BF414B7070004B3EEFE00ED4763C12B
:10270000172993070002B3871741B397FE00B3D888
:102710001E01B337F000B3E7F800B307FE4013978C
:102720005700635E0718370400047D147D8C2285F2
:10273000EF00B07E6D15B317A4006348951A058DA0
:102740001304150013070002018F3397E700333796
:10275000E000B3D78700D98F814413F7770019C7FA
:1027600013F7F70091466303D700910713975700BB
:10277000635B071485041307F00F4A866383E4162E
:102780009A07A58313F5F40FB2402244A6079314C9
:10279000750113D59700458D7E0692440249518DEF
:1027A000410182806399080A138714001377E70FA9
:1027B0006317071463900422630D0E1EE3860EFC5C
:1027C000B307DE411397570063500722B387CE410A
:1027D0002E8961B7635C100B630E08089307F00F36
:1027E0006383F406B7070004B3EEFE00ED4763C948
:1027F000171F93070002B3871741B397FE00B3D8A2
:102800001E01B337F000B3E7F800F29713975700B3
:102810006357070A85041307F00F6384E40CB706B7
:10282000007E13D71700FD16858B758FD98F35B7AE
:10283000638D0E08FD18B307DE41E38208EE9307AF
:10284000F00FE39DF4EA630D030801461305F00F52
:10285000B707400015BF33079840EDE863020E1438
:102860007D17630807189307F00F6319F80E2E8978
:102870003683D1BF638B0E04FD18B307DE01E387F7
:1028800008F89307F00FE393F4F675BF6395080813
:10289000850413F7E40F6313071263170510630F22
:1028A0000E14E3830EEEB307DE0113975700814445
:1028B00063570700370700FC7D17F98F854413F72E
:1028C0007700E31F07E813D337009307F00FE38C7B
:1028D000F4F693179300A58313F5F40F4A866DB5AC
:1028E0004A861305F00F814745B5370700FC7D1771
:1028F000F98F13F77700898CE31407E6E9B73304FF
:10290000DE419317540063C3070CE31204E201464F
:102910000145814795BD33079840ADC49307F00F3B
:10292000E308F8F4B7070004336EFE00ED4763CC0C
:10293000E70C93070002998FB317FE003357EE00A0
:10294000B337F000D98FF697C284C9B59307F00F5B
:10295000E30FF8F0B7070004336EFE00ED4763C3E2
:10296000E70893060002998EB316DE00B357EE0017
:102970003337D000D98FB387FE40C2842E8945B348
:10298000854761BB630E0E067D17B307DE01C28467
:10299000E30E07E69307F00FE31AF8F8368365B500
:1029A0003683C2842E8915B7E3040EECE38D0EE85E
:1029B00069BD638D0E022E86B687F9B39307F00FBB
:1029C000E381F4F2B307DE018583D5BD3384CE41C4
:1029D0002E89B1BBE31C0EFCE3890EE62E8949BDAE
:1029E000854725B5854741BFE39B07EC01468147F5
:1029F00061BBB387CE41C2842E8915B3B68769B354
:102A00003683C284D9B585473DBF39719357750167
:102A10004AD856D25ECE931A95001359F50106DEB8
:102A200022DC26DA4ED652D45AD093F7F70F93DA37
:102A30009A00CA8B638207121307F00F6384E712B0
:102A40008E0A37070004B3EAEA00138A17F8014434
:102A5000014B93D775019394950093F7F70FA580D9
:102A600093D9F501FDC71307F00F6387E7028E04C2
:102A7000938717F837070004D98C330AFA40814648
:102A8000558C17670000130727750A043A941C40F9
:102A900033493901BA978287130A1AF0F9E889464F
:102AA000558C17670000130727770A043A941C40D7
:102AB00033493901BA97828701491307F00FB707E5
:102AC000400013959700F2506254931777012581C7
:102AD0007E095D8D33652501D2544259B259225A7F
:102AE000925A025BF24B216182801307F00F8147FB
:102AF000C9BFA68ACE8B368B8947630BFB1A8D47DD
:102B0000E30CFBFA8547630AFB0A1307FA0713F97C
:102B10001B006357E01293F77A0099C793F7FA0006
:102B200091466383D700910A93974A0063D90700BF
:102B3000B70700F8FD17B3FAFA0013070A0893075E
:102B4000E00FE3C4E7FA93976A00A5831377F70FC2
:102B50008DBFB9E48546A9B763940A021144014ABE
:102B6000054BC5BD63990A002144130AF00F094BB8
:102B7000CDB58D4631B73144130AF00F0D4BD1BDA1
:102B800056852EC6EF0070399307B5FFB39AFA0049
:102B90009307A0F8338AA7400144014BB24555BDC5
:102BA0002685EF0090371307B5FFB307AA00B3944B
:102BB000E400138A67078146E1B513F91B0001475A
:102BC000814701B74166139554007D16935705015F
:102BD000698E63FA9A0AB3D5FA027D1AD68601473E
:102BE0003388C502B3F6F602C206558F637B070130
:102BF0002A979386F5FF6368A70A6376070BF91592
:102C00002A9733070741B356F7023377F702B38A9F
:102C1000C6029317070163FB5701AA971387F6FFB4
:102C200063E1A70863FF5707F916AA97C205B38A9D
:102C30005741D58DB33A5001B3EA5501CA8BF1B56E
:102C40008546998E11C76D4601478147E34BD6E60D
:102C5000130AEA09339A4A01B3D7DA00B33A4001BA
:102C6000B3E7570113F7770019C713F7F700914639
:102C70006303D700910713975700634807029A0729
:102C8000A58301473DBD93D61A00B3D5F60213972D
:102C9000FA0141833388C502B1B7CE8B368B814AA6
:102CA000A1BDBA8661B7B685A9BF0547814711BDE9
:102CB00013F91B001307F00F814721B593567501D7
:102CC000B7078000FD1713D6750193F6F60F1308AA
:102CD000F00FB3F8A7001357F501ED8F1376F60F39
:102CE000FD81638706036309060185EA11EA89EB22
:102CF0000145639B080082800945F5FFE5DA31A8AC
:102D0000638C08026300B704054575D77D55828042
:102D10000945639808026304D60211E2F5D7E3156A
:102D2000B7FEE343D6FE63C7C600E3EF17FD0145D8
:102D3000E3F3F8FC19E3D9BFF1D905458280E5D367
:102D4000828082808146C5B7797122D4135475017F
:102D50004ECE52CC9319950006D626D24AD056CAEA
:102D60005AC81374F40F93D99900135AF50169C422
:102D70009307F00F6308F40E9397390037070004A8
:102D8000B3E9E700130414F88144014B13D775012C
:102D9000939A95001377F70F93DA9A0013D9F501F8
:102DA00045CF9307F00F630CF7028E0A130717F84D
:102DB000B7070004B3EAFA003A94014633452A0102
:102DC000BD47AA869305140063E2971017670000B9
:102DD000130787488A04BA949C40BA9782871304E1
:102DE000F40F63980A0C93E424000946C1BF01451F
:102DF0001307F00FB7074000B2502254A6075E0732
:102E0000A5837E05D98F92540259F249624AD24A6B
:102E1000424B5D8D45618280CA86D689328B894757
:102E20006301FB0A8D47E304FBFC8547368563128B
:102E3000FB1A01478147C9B7639E090413D775017F
:102E4000939A95001377F70F91440144054B93DA59
:102E50009A0013D9F50131F7639D0A0093E4140039
:102E60000546A9BF63930902A1441304F00F094B5F
:102E700031BF5685EF00700A9307B5FF098CB39AEE
:102E8000FA001304A4F8014615BFB1441304F00F6F
:102E90000D4BEDBD4E852EC6EF0030089307B5FFF4
:102EA0001304A0F8B399F900098C8144014BB24591
:102EB000F1BD93E434000D4611B78947D286E31380
:102EC000FBF636851307F00F81473DB74163930644
:102ED000F3FF13D6090193D80A01B3F7D900B3FA67
:102EE000DA0033885703B389F80213570801B30A8D
:102EF0005603D6994E9733061603637357011A96F5
:102F0000C167FD17B376F7003378F800C206C296A2
:102F10009399660093570701B3393001E982B2975C
:102F20009A07B3E6D900B3E9D7009397490063D96C
:102F3000070013D7190093F71900B369F7002E841F
:102F40001307F4076350E00493F7790099C793F7E8
:102F5000F90091466383D70091099397490063D99B
:102F60000700B70700F8FD17B3F9F90013070408C5
:102F70009307E00F63CBE70493976900A58313776A
:102F8000F70F9DBD8547B386E74011C76D460147E2
:102F90008147E343D6E61307E4093397E900333763
:102FA000E000B3D7D900D98F13F7770019C713F70B
:102FB000F70091466303D700910713975700634CBE
:102FC00007009A07A583014705BD1307F00F814746
:102FD00025B52E84B5B70547814739BD3707800031
:102FE00041117D179356750113D87501B377A7006A
:102FF00093F6F60F935EF5013376B70026C24AC00A
:103000001378F80F06C622C41303F00F3E8E3689DC
:10301000F684139F3700FD8113153600B3880641EF
:103020006302681093C51500638CBE106354100DC5
:10303000631008106304051EFD18B307AF406386D4
:1030400008029307F00F6388F616ED4763C7172948
:1030500013070002330717413317E500B357150173
:103060003337E000D98FB307FF4013975700635100
:10307000071A370400047D147D8C2285792D6D1587
:10308000B317A400634E251B330525411304150017
:1030900013070002018F3397E7003337E000B3D7FF
:1030A0008700D98F014913F7770019C713F7F70085
:1030B00091466303D700910713975700635E071487
:1030C000930619001307F00F93FE14006386E616AB
:1030D0009A07A58393F6F60FA607B240224413D5AC
:1030E0009700DE069397FE01558D924402495D8D4F
:1030F000410182806392080A138716001377E70F55
:10310000631B07146394062263020F2071D5B30773
:10311000AF401397570063550722B307E5410149B4
:10312000AE8451B7E30005F0638ABE0AE35410FD94
:103130009307F00F6381F608B70700045D8D31B780
:10314000635E1009630108089307F00F6385F606B4
:10315000B70700045D8DED4763C0171F130700021A
:10316000330717413317E500B35715013337E00034
:10317000D98FFA9713975700635C0708050913075F
:10318000F00F630BE90AB706007E13D71700FD1690
:10319000858B758FD98F01BF3307D8406395061093
:1031A000630D0F147D176303071A9307F00F631461
:1031B000F810AE84328E630F0E06814E9306F00F28
:1031C000B707400011BF39C9FD18B307AF00E3834B
:1031D00008FA9307F00FE390F6F8F1BF6399080837
:1031E000138916001377E90F63160712639B061005
:1031F00063030F16E30205EEB307AF001397570002
:10320000014963570700370700FC7D17F98F05490F
:1032100013F77700E31C07E813DE37009307F00F7E
:10322000E30BF9F893179E00A5839376F90F93FEAD
:1032300014005DB593FE14009306F00F814769BD3D
:10324000370700FC7D17F98F13F777003309A94082
:10325000E31E07E4D1B73304AF409317540063C3B0
:10326000070CE31C04E0814E81468147B5B5330766
:10327000D840B5C69307F00FE30EF8F2B707000485
:10328000336FFF00ED4763CDE70C93070002998F82
:10329000B317FF003357EF00B337F0005D8FB3076C
:1032A000A7004289C1BD9307F00FE304F8F0B70708
:1032B0000004336FFF00ED4763C2E7089307000285
:1032C000998FB317FF003357EF00B337F000D98F52
:1032D000B307F5404289AE8449BB854769B3630EA5
:1032E0000F067D17B307AF004289E30507E8930790
:1032F000F00FE319F8F8328E7DBD328E4289AE842C
:1033000031BFE3090FEAE30805EA45BD0DCDAE8EF6
:10331000B287D9B39307F00FE300F9F2B307AF0018
:103320008583FDB53304E541AE8481BBE31D0FFC0D
:10333000E30505E8AE84BDBD854725BD854749BF8A
:103340000149E39707EC814E814779B3B307E54123
:103350004289AE8419BBB28741B3328E42897DBDAA
:10336000054735BF37068000135775019307F6FFF1
:103370001377F70F9305E007B3F6A7009357F5010E
:1033800063FCE5009305D00963FAE500370500808A
:103390001345F5FF3E9582800145828093055009D3
:1033A000D18E63CDE500130660093307E64033D7BD
:1033B000E6003305E040F5F33A8582801307A7F66F
:1033C0003397E600FDB71357750137068000930762
:1033D000F6FF1377F70F9305E007B3F6A7009357AF
:1033E000F501014563F4E50099C38280828093076B
:1033F000E0097D55E3EBE7FE93055009B3E7C6000E
:1034000063D7E5001307A7F63395E700828013051D
:1034100060093307E54033D5E7008280411106C6D5
:1034200022C426C20DCD9357F54133C4A7001D8C8D
:10343000AA842285DD249307E0093387A7409307F8
:103440006009FD8063CCE702A1469377F70F63D54F
:10345000A60061153314A4002604258021A0814410
:1034600081470144260413559400B2402244DE07EC
:10347000FE045D8D458D9244410182809307900941
:1034800063DDE7009307B5019546B317F400898E15
:103490003354D400B337F0005D8C954763D6A70052
:1034A0009307B5FF3314F400B70600FCFD169377BD
:1034B00074003376D40085C39377F4009145638C10
:1034C000B70011069317560063D707009307F0095A
:1034D000758E3387A7401314660025809377F70F06
:1034E00051B7411106C622C415CD2A843D24930745
:1034F000E0093387A7409307600963C0E704A1464A
:103500009377F70F63D5A60061153314A400260442
:103510002580260413559400B2402244DE075D8DB9
:10352000410182800144260413559400B240224494
:103530008147DE075D8D410182809307900963DD3D
:10354000E7009307B5019546B317F400898EB337AA
:10355000F0003354D4005D8C954763D6A7009307E1
:10356000B5FF3314F400B70600FCFD169377740022
:103570003376D40085C39377F4009145638CB7000C
:1035800011069317560063D707009307F009758E4D
:103590003387A74013146600258026041355940032
:1035A000B24022449377F70FDE075D8D41018280A0
:1035B00093D645019397C50093F6F67FB1831386A2
:1035C00016008E071357D5011376E67FFD815D8FB8
:1035D0009318350035CE138806C89307E00F63DDD6
:1035E00007018147139597009306F00FDE062581AA
:1035F000FE05558D4D8D82806355000B9317650038
:103600000E07B337F000D98F93D8D801B3E717016D
:1036100013F777006301071013F7F7009146630370
:10362000D7009107370700047D8F75C7130718006F
:103630001306F00F9376F70FE305C7FA9A07A583F1
:1036400013959700DE062581FE05558D4D8D8280F0
:10365000B367170199EE85CF95479A07A583139510
:10366000970093F6F60FDE062581FE05558D4D8DEC
:103670008280A5DBB7074000139597009306F00FF3
:10368000DE0681452581FE05558D4D8D8280814761
:10369000139597008146DE062581FE05558D4D8DDB
:1036A0008280A5576348F804F94737068000B3873E
:1036B00007417D45598E6351F5047957330707411A
:1036C000130500023357E6006388A700938626CAD5
:1036D000B316D600B3E8D800B3371001D98F13F76B
:1036E0007700014815FB139757008546E34807F418
:1036F0008146A5B781468DB7938626C83397D800F3
:103700003337E000B316D600B3D8F800B367D7005C
:10371000B3E7F800E9B7C28689B7C167637CF502F1
:103720009307F00F1307000263EBA70097670000F1
:10373000938787B6AA9788233305A7408280218183
:1037400097670000938747B5AA9788236147330599
:10375000A7408280B7070001636DF500618197671C
:103760000000938767B3AA97882321473305A740B2
:103770008280418197670000938707B2AA978823C8
:1037800041473305A740828081456F10800A294652
:1037900081456F10601F294681456F10E01E938799
:1037A00001842E86AA858843E1A093870184AA8597
:1037B000884371A293870184AA858843E9A8B3C787
:1037C000A5008D8B3307C50081E78D4763EDC700EA
:1037D000AA87637EE508942185078505A38FD7FE18
:1037E000E3EBE7FE828093763500AA8789CA9421AD
:1037F00085078505A38FD7FE93F63700C5BF93765F
:10380000C7FF138606FE63F0C70683A3050083A2E5
:10381000450083AF850003AFC50083AE050103AE4D
:10382000450103A3850183A8C5019385450223A013
:10383000770003A8C5FF23A2570023A4F70123A6FE
:10384000E70123A8D70123AAC70123AC670023AE51
:1038500017019387470223AE07FF75B79041910781
:10386000910523AEC7FEE3EBD7FEE3E6E7F68280E1
:103870003386C502011122CC06CEB28532C6C120E4
:103880002A8409C532468145EFC09F8D2285F240CA
:10389000624405618280DDC183A7C5FF411122C456
:1038A00006C626C21384C5FF63D307003E94AA84CC
:1038B000EF109030938741889C4381EF23220400CE
:1038C00023A281882244B2402685924441016F1090
:1038D000D02E637EF40014403307D4006396E700D3
:1038E0009843DC43369718C05CC0D9BFBA87D84329
:1038F00019C3E37DE4FE94433386D700631F86003B
:103900001040B29694C33386D700E31DC7FA104324
:103910005843B29694C3D8C375B76375C400B14712
:103920009CC04DB71040B306C4006316D7001443C3
:103930005843B29614C058C0C0C369B78280011101
:1039400026CA93843500F19806CE22CC4AC84EC6CA
:10395000A104B14763F3F404B14463E2B4042A89D7
:10396000EF1090259387418898433A8439E09387F4
:1039700081889C4391E781454A85E92823A4A18851
:10398000A6854A85C128FD5963193507B14723200B
:10399000F9004A85EF10702229A0E3D004FCB1475A
:1039A0001CC10145F2406244D2444249B24905611A
:1039B00082801C40858F63CF0702AD4663F6F60018
:1039C0001CC03E9404C031A05C406313870223A254
:1039D000F1884A85EF10701E1305B4009307440068
:1039E00061993307F5405DDF3A94898F1CC05DBF54
:1039F0005CC3C5B72287404095BF1304350071985A
:103A0000E30285FCB305A4404A85A920E31C35FBED
:103A1000B5BF39713EDA2ED232D436D63AD842DC2E
:103A200046DE9387018422CC804326CA06CEAA8430
:103A300011C41C4C81E72285EF1040090C4454103E
:103A40002686228536C6EF20606BF2406244D2445F
:103A500021618280411122C42A842E8523A801C4B9
:103A600006C6EFE09FC1FD576317F500938701C5B8
:103A70009C4391C31CC0B2402244410182803571F5
:103A80003ECBB707008093C7F7FF3ECE3EC8C17755
:103A90009387872032C536C73AC942CD46CF3ECA42
:103AA000938701842AC42ACC884334012E862C00B3
:103AB00086DE36C2EF206037A24723800700F6502B
:103AC0000D618280AA8798239386170009EB8505EC
:103AD00003C7F5FF8507A38FE7FE75FB8280B687D6
:103AE000DDB793F5F50F1C2191C76393B700828072
:103AF0000505D5BF91C101458280AA879821850718
:103B00008505A38FE7FE7DFB8280AA87850703C713
:103B1000F7FF6DFF3385A7407D15828015C27D16A6
:103B20000147B307E500B386E5009C239422639622
:103B3000D7006304C7000507EDF73385D7408280BF
:103B40000145828018219C2101E791C301458280B3
:103B5000814739A01C3113071500EDDB81473A85F9
:103B60003387F500182365D7B306F5009422E39355
:103B7000E6FE85072A87E5B7011122CC2A872E8425
:103B80003A85A28532C606CEEF10107032462A88DA
:103B9000AE8805C651801374F47F9307B006818FF9
:103BA000635DF000D2073707F03F01483E97428639
:103BB000BA86EF4020112A88AE88F24062444285DE
:103BC000C6850561828035714AC92A89368532D415
:103BD00036C606CF22CD26CB4EC7EAD8EED62E8DDE
:103BE00052C556C35AC1DEDEE2DCE6DA82C8EF1007
:103BF0002079AA8D084181440144EFF01FF1B246BB
:103C0000AA89EAC635469305B0021305D002130807
:103C10000002A548B6479823636BE608637F17093F
:103C200055C702C8364A93070003814A03470A0072
:103C3000631BF71283471A00130780056388E700A8
:103C400013068007130700036396C710C247368820
:103C50009808D408175600001306C679EC004A8568
:103C6000EF10800993797500AA8A63880900994743
:103C70006397F906050AD2C602C8A25781C7B6479C
:103C800022571CC3C247B9C7B7050080A18DFA40AF
:103C90006A4426854A49DA44BA492A4A9A4A0A4B6A
:103CA000F65B665CD65C465DB65D0D61828063093D
:103CB000B7006303A702E31607F78507BEC699BFDF
:103CC00002C813871700BAC69C33A9FFA257EAC6D9
:103CD00002C8D5F7A28565BF05473AC8DDB7464695
:103CE00011CA93055003A808EF10307EC6454A85D7
:103CF000EF108075FD19914763EE370117570000EB
:103D0000130787698A09BA9983A70900BA97828736
:103D1000E644764493FA8A00E3810AF6B707008006
:103D20005D8CA1BFF6453704F0FF7D14B3F7850025
:103D30005644E644130434439315440133E4B70076
:103D4000D1BF3704F07FF9B7B705008013C4F5FF82
:103D5000FD54C9B7B64793861700B6C69C33E38BAC
:103D6000E7FE81DF854AB64C014A814B014CA546EE
:103D7000A145A9473645034B050013070BFD1376F4
:103D8000F70F63FDC60483A50D004E86EFF01FD923
:103D90003DC1DA87E28D8146014B0145130750068C
:103DA0006387E7001307500481496395E71663961C
:103DB0000D00B3E7560199DB814D364D1307B00274
:103DC00093071D00BEC683471D00638FE70C1307D2
:103DD000D00201486390E70E0548C1A863C9850178
:103DE000B38BFB02BA9B0505050CAAC661B7330A63
:103DF000FA023A9ACDBF364581464E95AAC61C2195
:103E0000630B0C06014BE28D138707FD2546637596
:103E1000E602054561B7B647850613861700B2C6A8
:103E20009C33E38AE7FE1387F7FC2146E366E61E30
:103E3000B64C368B814D8146938707FD138716005C
:103E400085C73A9B3385B6016E872148C14829460C
:103E50006316A702850DB69DA14663CEE6022947EB
:103E6000B38BEB020147BE9BB64793861700B6C6DD
:103E70009C33BA8651BF1307000365B7930517003B
:103E80006346E800B38BCB022E87D9B7E3CEB8FEEA
:103E9000330ACA02D5BFC1460147E3C7B6FDA946EA
:103EA000330ADA023E9AC9B7014893072D00BEC60D
:103EB00083472D00138707FD25466365E60C13072E
:103EC00000036385E70A1387F7FC21468149636392
:103ED000E604B648138707FD2543294EB6471386E7
:103EE0001700B2C69C33938507FD93F5F50F6375F4
:103EF000B3089569330616419389F9E1A148CE8547
:103F000063C6C800BA8963D3E500AE8963040800BC
:103F1000B309304163960D0CB3E6DA00E39F06D493
:103F2000E31605DA1307E0046389E706634FF70435
:103F300013079004E39CE7D8975500009385854AC2
:103F4000E800EF10C02AE30305D8B64797550000F4
:103F500093858549E800FD17BEC6EF10402901E5AD
:103F6000B6478507BEC63704F07F01BBB647138648
:103F70001700B2C69C33B1B73307C703BA9713878C
:103F800007FDA9BFEAC6814971B713079006E3850B
:103F9000E7FA1307E006E39BE7D297550000938505
:103FA0002545E800EF10A024E30205D2B647982388
:103FB000930780026313F702B008975500009385BA
:103FC000A544E800EF10802595476318F500F645F5
:103FD0003704F07FE6444D8C4DB13704F8FF71B9DA
:103FE000B38A694163130C006E8CC1476E8D63D335
:103FF000B701414D5E85EF40B01FA547AA842E84CE
:1040000063DCB70393077DFF1397370097570000D2
:104010009387C74CBA979043D443EF30B04A2A8471
:104020005285AE84EF40D01C2A86AE862285A685B6
:10403000EF20305EAA842E84BD4763CDB709E38E9E
:104040000AC2635450075947634357038E0A975770
:1040500000009387A748BE9A03A50A0083A54A00DB
:104060002686A286EF301046AA842E8439B1130723
:1040700050023307B741634F5705B38DB741175906
:1040800000001309A94593973D00CA978843CC4384
:10409000B38DBA412686A2868E0DEF30B042CA9DFE
:1040A00003A60D0083A64D0075BFA95763C4FA028D
:1040B000B3093B41139B390097590000938909428A
:1040C000DA9903A6090083A649002685A285EF3068
:1040D000404759BF338DAD41569D6357A01193772B
:1040E000FD0099CF175700001307473F8E07BA9777
:1040F0008843CC432686A286EF30D03CAA842E8407
:10410000137D0DFF63080D0A9307401363D5A705C0
:10411000014B814902C6814B930720022320F900FD
:104120003704F07F8144B247E38907B4C6454A8526
:10413000EF108031DE854A85EF100031CE854A854B
:10414000EF108030B2454A85EF100030DA854A859D
:10415000EF10802F1DB6135D4D402685A285814747
:10416000014A0548975800009388C8346346A8055B
:1041700099C3AA842E84175700001307A7339317F7
:104180003A00BA978843CC433707B0FC229726867B
:10419000BA86EF3030333704F07FB377B400370797
:1041A000A07CAA84E366F7F63707907C637AF7026F
:1041B0007D14FD54014ADDA813771D0011CF13179C
:1041C0003A00469710435443EF30D02F85470548B7
:1041D000975800009388082E050A135D1D4079B793
:1041E000370450032E94F9B7E3060DFC330DA041BC
:1041F0009377FD0099CF175700001307272E8E07DE
:10420000BA979043D4432685A285EF308033AA84A1
:104210002E84135D4D40E30F0DF8FD4763DDA701CC
:10422000014B814902C6814B93072002814401441E
:104230002320F900CDBD137A0D0163040A00130A8F
:10424000A0062685A285975700009387271D014762
:1042500093761D0081CA9043D4433EC6EF3090262A
:10426000B2470547135D1D40A107E3130DFE19C3B7
:10427000AA842E8463050A029357440113F7F77F3B
:104280009307B006998F635CF0007D476354F72273
:104290001307400381446359F72037047003014634
:1042A00081462685A285EF3010053DD95E87EE86D2
:1042B0006286E6854A85EF10E0262AC6E30A05E411
:1042C00093D7FA41B3093B41B3F7F9003ED056CE3C
:1042D00063D30A0002CEB247014B8149B1073ED8F1
:1042E000B7071000FD173ED6B2474A85CC43EF1002
:1042F000E00CAA8BE30205E2B247C2553105904BB0
:1043000009060A06EFF0AFCBB808D4082286A685C6
:104310004A8526CA22CCEF10D006AAC8E30E05DED5
:1043200085454A85EF104035AA89E30705DED64763
:1043300063C707180257724C338DE7006647B3878F
:10434000474193066003BA97FD17930D20C0998EDD
:1043500063D6B7193387FD407D46998E6346E616CE
:10436000854DB397ED003ED2814C369CB30DDD00F8
:10437000529CEA8763D3AD01EE876353FC00E2876A
:104380006358F000B38DFD40330CFC40330DFD400D
:1043900082576358F002CE853E864A85EF10C043AF
:1043A000AA89E30B05D64646AA854A85EF10802EDA
:1043B0002ADAE30305D6C6454A85EF10E008D2574E
:1043C000BEC8634FB011635A50017246DE854A85FC
:1043D000EF108040AA8BE30105D4635A8001DE858B
:1043E00062864A85EF10204BAA8BE30705D2635AF9
:1043F000A001CE856A864A85EF10E049AA89E30DBF
:1044000005D0C6455E864A85EF10E0582A8BE30545
:1044100005D0032CC500CE8523260500EF1080545F
:104420006359050C336C9C0063110C129317C40084
:10443000639D0710B707F07FE18F3707B0066376FB
:10444000F71083274B0191E703270B01854763DEB4
:10445000E70EDA8505464A85EF10E043CE852A8BC4
:10446000EF1040506353A00E630C0A10B707F07FA3
:10447000E18F3707B0066345F71037077003E35540
:10448000F7DA0147B70750392685A2853A86BE86F6
:10449000EF3050032E84C98DAA84E39905C8930791
:1044A00020022320F90059B181177D57B317F70077
:1044B0007D8CF5B37D57B317F700FD8CCDB37247F4
:1044C000025D330CF7409DBD930C20BEB387FC40CA
:1044D000854CB39CFC0085473ED241BD814CE5BF75
:1044E000C6456E864A85EF10003BAAC8E31D05EC61
:1044F00025B169E9370710007D17B377E400630938
:104500000C046399E7047D5763000A02B707F07F44
:10451000E18FB706A00663E9F600D1839306B006E3
:10452000B387F6403317F7006396E402B707F07FCE
:10453000FD176315F400FD57E380F4BEB705F07F67
:10454000E18D370410002E948144E31C0AF2F9BE79
:10455000C58F99DB63820C04B3FC8C00E3870CFEEF
:1045600052862685A285630F0C02EFF0EFE02A86C3
:10457000AE865245E245EF20D009AA842E84F1B7D9
:10458000B705F07FE18D3704F0FFA29537041000E6
:104590007D144D8CFD5455BF9257B3FD9700E386B3
:1045A0000DFA7DBFEFF04FDD2A86AE865245E2451B
:1045B000EF30D03C01468146AA842E84EF30A053D0
:1045C00049F59DB1CE855A85EF10E06897570000F8
:1045D0009387C7DE9043D4432A8DAE8DEF3020639E
:1045E0006342A01063010C0A814D370DF03F014773
:1045F000B707F03FB706F07FB37CD400B706E07F83
:10460000639FDC166AD2370DB0FC229D2685EA85B1
:104610003EDE3ADC6EDAEF102047D25812582A8676
:10462000AE864685C285EF30E0692686EA86EF20B1
:10463000407EAA843705F07F3376B500B706A07CAC
:104640006257F2576365D60C62479307F5FF63968E
:10465000E7005247FD57E381E7ACB707F07F1384CB
:10466000F7FFFD54C6454A85EF00105EDE854A859A
:10467000EF00905DCE854A85EF00105DDA854A85B2
:10468000EF00905C95B1B1E0B257E18FA1E7975789
:104690000000938727D29043D4436A85EE85EF309C
:1046A0000057634D050297570000938727D090432A
:1046B000D4436A85EE85EF30E0602A87AE87370DF8
:1046C0000080BA8D334DFD0035B785476394F40003
:1046D000E30C04B4814D370DF0BF11BF0147B7079C
:1046E000E03FF1BF97570000938747CC9043D443F6
:1046F0006A85EE85EF30005D2A87AE872E8D6316C2
:104700000C00370D0080334DBD00AA8DE5B5370490
:1047100050032E94E3180AF4B706F07FE18EE3937A
:10472000DCF4BE853A853A8DBE8CEF400019EF402F
:1047300000252A86AE866A85E685EF303024B2579A
:104740002A8DAE8DE18FC58F33EC8701630B0C0A88
:1047500097570000938787C79043D443EF30204B8F
:10476000E346059C975700009387C7C69043D44300
:104770006A85EE85EF30C03EE356A0EE45BA630D84
:104780000A04B706A00663E99605975600009386CB
:1047900066C39042D4423A85BE853ADA3ED2EF30C3
:1047A0000047925752576344A0023A85BE85EF40B6
:1047B000401711E10545EF40A0232A87AE872E8DD3
:1047C00063160C00370D0080334DBD00AA8DB70570
:1047D000B0062E9D330D9D415245E2453EDA3AD258
:1047E000EF10802A2A86AE866E85EA85EF30804DEE
:1047F0005246E246EF20E061AA842E84D257125737
:1048000011BF97570000938767BD9043D443EF30A3
:104810000040E35905E419BA130750066387E7001F
:104820001307500405456399E7EE014B05456FF00A
:104830004FD8938701849C432E86945389E697C66C
:10484000FF1F93862684AA853E856FF0CFB77971C6
:104850004AD04ECE06D622D426D2AA892E899304D7
:10486000190003C4F4FF3A8536C632C42EC23AC0DA
:10487000EF00B03022951C3102479245A18B2246B1
:10488000B246D1E39307D0026311F4089C2005439C
:1048900093042900E5C641476390E602130700032D
:1048A000639CE7009C201307800593F7F70D639244
:1048B000E70C9C30C1468904B708008063140300EC
:1048C00093C8F8FF33FFD80201480145A54FE54ED4
:1048D000FD5233DED802138707FD63E3EF04BA8786
:1048E00063DED704630D58007D58636AAE0063141D
:1048F000AE006346FF0005483385A6023E95850459
:1049000083C7F4FFC9BF268999BF9307B002630527
:10491000F400A2870143BDBF9C2093042900DDBFA2
:104920001387F7FB63E5EE00938797FC55BF13876A
:10493000F7F963E5EE00938797FA5DB7FD57631FBC
:10494000F8009307200223A0F900468519EEB25023
:10495000225492540259F249456182806304030053
:104960003305A0406DD6630408009385F4FF0CC2A4
:10497000F9BF93070003A9F2A1463DBF1307000347
:10498000E382E7F2A9460DBF938701849C43B28678
:10499000985309E717B7FF1F1307C76E2E86AA851E
:1049A0003E856FF0DFEA1971A2DC86DEA6DA32847A
:1049B000635B06009307B0081CC17D55F650665432
:1049C000D654096182803686930680202EC42ECC70
:1049D000F482814519C09305F4FFFD572EC82ECEF1
:1049E000BA862C00FC83AA84EF102044FD5763553F
:1049F000F5009307B0089CC071D0A2472380070040
:104A000075BF938701843687B2862E86AA85884330
:104A10006FF07FF9411122C406C62A844EA572A503
:104A20002320050023220500232405002322050658
:104A300023280500232A0500232C05002146814553
:104A40001305C505EFB0CFF1972700009387E7CE98
:104A50005CD097270000938707D11CD497270000CC
:104A60009387E7D45CD497270000938747D700D07B
:104A70001CD8B240224441018280972500009385D2
:104A8000C50C99AA411126C2130680069384F5FF2E
:104A9000B384C4024AC02E8922C406C69385440743
:104AA000EFE0FFE92A8401CD232005002322250120
:104AB000310508C4138684068145EFB06FEA22856C
:104AC000B240224492440249410182801C4DA5E734
:104AD000411106C622C497070000938747FA1CD5E8
:104AE000938781849C4323240504232605042328DB
:104AF00005046314F50085471CCD2A84352848C079
:104B000022851D2808C42285052848C4484001463E
:104B10009145EFF03FF008440546A545EFF09FEFC3
:104B200048440946C945EFF0FFEE85471CCCB2402A
:104B3000224441018280828041119387818426C270
:104B400084434AC006C69C4C22C42A8981E7268534
:104B5000EFF0DFF7938484048044DC40FD1763D6D4
:104B600007009C40B9CF8440C5BF0317C40039E794
:104B7000C177850723220406232004002322040092
:104B8000232404005CC423280400232A0400232CCB
:104B90000400214681451305C405EFB06FDC232ACC
:104BA0000402232C04022324040423260404228563
:104BB000B240224492440249410182801304840697
:104BC00071BF91454A85EFF0FFEB88C049FDB147C1
:104BD0002320F9000144E1BF797122D44AD052CC9C
:104BE00056CA5AC85EC606D626D24ECE2A8AAE8A83
:104BF000130485040149054BFD5B09ECB2502254B6
:104C00004A8592540259F249624AD24A424BB24B07
:104C100045618280044483294400FD1963D409005E
:104C20000040E1BFDE24637BFB008397E4006387E1
:104C30007701A6855285829A3369A90093848406F8
:104C4000E9BF10499306450113D75540B68763560F
:104C5000C7020A060A07FD8936963697B9C91308AE
:104C600047001843130300023303B3403357B70020
:104C7000636EC80098C311C391073387D740098773
:104C800018C96394D700232A05008280832808006E
:104C900091071108B398680033E7E80023AEE7FEF8
:104CA0000327C8FFE1B711078325C7FF910723AE8C
:104CB000B7FEE36AC7FED1B7930705FD93F7F70F79
:104CC00025476367F70001159377F50F3E858280CE
:104CD0009307F5F993F7F70F954663E5F60013058B
:104CE00095FBDDB71307F5FB1377F70F8147E3EF6C
:104CF000E6FC130595FDC9BF1D71D6C2AA8A42857F
:104D000036C63AC286CECAC8D2C4DAC05EDE3E8B90
:104D10006ED63289AE8DA2CCA6CACEC662DC66DA69
:104D20006AD8B92D832B05005E85EFE01FDEB387BF
:104D3000AB0083A60D0083C7F7FF7957158F3EC8D8
:104D40002A8A93872600930600033306F700BE8461
:104D5000850703C5F7FF32C4E309D5FEEFF0DFF5A1
:104D6000631E05105286DE852685EFE03FDB631C5F
:104D70000510338C440103450C00EFF0FFF363058D
:104D80000510E284930700038820630BF500EFF021
:104D9000BFF2854793391500E28C3EC4268C21A0D2
:104DA0008504DDB7050C03450C00EFF0FFF07DF93D
:104DB0005286DE856285EFE07FD611E9639C0C00A8
:104DC000529CE28C03450C00EFF01FEF5DE90144BB
:104DD00063850C0033848C410A0483470C0013075D
:104DE00000056387E70013060007E28C6390C7069F
:104DF00083471C001307B002638BE7081307D00238
:104E0000638BE708930C1C00014D03C50C00EFF009
:104E1000BFEA9307F5FF93F7F70FE14563E4F50861
:104E2000930705FF850C03C50C003ECAEFF0DFE8D1
:104E30009305F5FF93F5F50F6148D247A948637EC6
:104E4000B80463040D00B307F0403E9423A09D0115
:104E5000638C0904A247814491E39944F640664477
:104E600026854649D644B649264A964A064BF25B01
:104E7000625CD25C425DB25D256182808149814C79
:104E800031BF050C81B7268C01448549B9B7014D66
:104E9000930C2C009DBF054DE5BFB3871703AA9760
:104EA000C11749B7E28C5DB7B3079C40FD17814538
:104EB0001D476343F70A56851123054693094501AB
:104EC000B3074641AA8D4E8D8148814C3ECA63E8A6
:104ED000840913054D0033053541098523209D01C3
:104EE00023A8AD00931455006685F92D832B090086
:104EF000898C63D89B0CB3847441A6856E85EF00C2
:104F000030602A8A05C91386F4FF935656408A06F4
:104F1000CE96944205473317C700758F054A19CBC3
:104F20006359CA009385E4FF6E85EF00705D0D4AFA
:104F300011E1094AA6856E85EFF0BFD026940327BC
:104F40008900635F8708EE855685FD2992479304A3
:104F5000300A23A0070019B78505858799BF9307F5
:104F6000FCFF3EC40346FCFFC2476309F6029307F9
:104F700000026397F80023209D018148110D814CA8
:104F80000345FCFF46CCEFF03FD3E2483D89224386
:104F900033151501B3ECAC00910815A052479307E7
:104FA000FCFF3383E700E36493FC1A855286DE85B9
:104FB00046CE1ACCEFE09FB66243F2484DF91A8C08
:104FC00039B7014AE3DD74F7B3849B40EE8526864A
:104FD0005685EF00500CAA8D058C9309450185B7C5
:104FE000032749006355E40E330487406345740783
:104FF0000327C9008946630AD7048D46630AD7048C
:105000008546631BD70263998B026391EB020327EA
:105010004900B2479304200698C30547924723A846
:10502000ED0023A0E90023A0B7010DBD9385FBFF90
:105030006E85EF00F04C61FDEE855685312192477B
:105040009304000523A0070011BDE3170BFEC1B7B1
:10505000E31F0BFAD5B79304F4FF63180A0691C453
:10506000A6856E85EF00D0492A8A13D754400A07D7
:105070004E9718438545B3959500F98D99C1136AEC
:105080002A00A2856E85B38B8B40EFF09FBB032473
:1050900049008944630B0A080327C9008946630A4B
:1050A000D7028D46630AD7028546631DD700137762
:1050B0002A0009CB03A70900336AEA00137A1A0011
:1050C000631E0A0093E404018DA0054A79BF85445C
:1050D000D1B70547330B6741E3060BFE83A90D01EA
:1050E00013874D01FD55139A2900330647011443D8
:1050F0006383B604850614C3894613874D01639400
:10510000D40883260900FD16639F760193D65B4081
:105110008A06369718438546B39B7601B3FBEB00AE
:1051200063830B00854493E40402924723A0B701F4
:10513000B24780C325B31107232E07FEE369C7FAE0
:1051400003A78D0063C5E90283A54D00568585053B
:10515000B52403A60D019385CD002A8B09060A0606
:105160003105EFE0CFE5EE855685F92CDA8D03A702
:105170000D019306170011070A0723A8DD006E979B
:10518000854654C395BF83A60D0163DCD9008545D0
:105190006E85EFF01FAB032789000504E35487F801
:1051A0005DB393FBFB018544E38F0BF65297032518
:1051B000C7FF192913070002B30B7741E34975FDB7
:1051C0009DB7A1473386C7400A0693060002918E19
:1051D0005C41184111053398D70033670701B3D7F5
:1051E000C700232EE5FE1CC1E364B5FE82801C418E
:1051F0006548850503C6F5FF850701E61CC1054521
:10520000828098239306F7FB93F6F60F6364D80029
:1052100013070702E30FC7FC014582805D7152DC72
:1052200003AA0500A6C24EDE93545A405AD88A04F7
:1052300086C6A2C4CAC056DA5ED662D466D26AD026
:105240006ECE137AFA012A8BB289B29463030A00F4
:10525000910483270B001389C4FF23AE04FECA8D7B
:105260004A840146814A814B214C930C00021D4D1A
:105270009433138717003AC0B1CA368532C63EC48C
:1052800036C2EFF07FA3324659E59246A24763E863
:10529000DC0263D47A036378B4016346CD00EE8503
:1052A0002285EFF01FF2214663F98900930DC4FFB8
:1052B000232E04FEDE8A6E840146824755BF930585
:1052C0009002639CB60889072320FB0063870B08C4
:1052D0006379B4019D4763C6C700EE852285EFF070
:1052E0005FEE63FA8904CE8711040327C4FF910798
:1052F00023AEE7FEE37A89FE910723AE07FEE37D46
:10530000F9FE8327090091E76317390585472320B4
:10531000F9001545A1A00506850B6358CC00E3FEF6
:1053200089F8232E04FE054671141C403D8992071E
:10533000C98F1CC059B7E3060AFC93070002B38764
:1053400047417D5AB357FA0003AAC4FF337AFA00E3
:1053500023AE44FF7DB771196DB71145B6402644A1
:1053600096440649F259625AD25A425BB25B225CB9
:10537000925C025DF24D616182800325C50E8280E0
:105380001305050F828091ED41116C00014501CAA2
:10539000795591C61C229CC108223335A0004101D9
:1053A0008280014509CA795599C61C229CC10822F0
:1053B0003335A00082808280828082805C514111DE
:1053C00022C44AC006C626C22A842E8989EF4145D6
:1053D000EFE0AFBD48D023220500232405002320A1
:1053E0000500232605004450DC449DC75850931700
:1053F00029005847BA97884329E18544B39424018A
:10540000138654000A0685452285EFE06FC619CD44
:105410002322250104C525A01306100291452285EB
:10542000EFE00FC55C50C8C4DC47E9F30145B2406A
:1054300022449244024941018280184198C32328A2
:10544000050023260500E5B75C51011122CC06CEEC
:105450002A8499EF41452EC6EFE02FB5B24548D0DA
:105460002322050023240500232005002326050010
:1054700091C95450DC4113972700DC46BA979843F2
:1054800098C18CC3F24062440561828079714ECE2E
:10549000AA89416522D426D22E84844906D64AD0D0
:1054A000D10501487D159C419105050833F7A700FA
:1054B0003307C702C183B387C702369793560701E4
:1054C000698FB69793D60701C207BA9723AEF5FE48
:1054D000E34B98FCA1C21C4463C7F4024C404E85C8
:1054E00036C68505EFF09FED10489305C4002A8964
:1054F00009060A063105EFE08FACA2854E85EFF074
:10550000BFF4B2464A84938744008A07A297D4C363
:10551000850404C82285B250225492540259F2499B
:105520004561828079719387860052CC368AA54680
:1055300022D426D24ECE2E84B3C7D70206D64AD066
:1055400056CAAA89B2848546814563CCF6044E8545
:105550003AC6EFF0BFE6324785471CC958C9A54790
:1055600063D49704930A94005689269405098346C8
:10557000F9FFAA852946938606FD4E85EFF01FF1B7
:10558000E31689FE138484FF5694268963414903F8
:10559000B250225492540259F249624AD24A4561A9
:1055A00082808606850555B72904A544F9BFB3074F
:1055B0009940A2979423AA852946938606FD4E8595
:1055C000EFF0DFEC0509D9B74177698FAA8701456C
:1055D00019E3C2074145370700FF7D8F19E3210515
:1055E000A207370700F07D8F19E3110592073707EF
:1055F00000C07D8F19E309058A0763C90700139767
:1056000017000505634407001305000282801C4152
:1056100013F777000DC393F61700014799E613F7C8
:10562000270011C785831CC105473A85828089837D
:105630001CC10947DDBF93960701C182014799E26A
:10564000C183414793F6F70F99E22107A18393F6AF
:10565000F70099E21107918393F6370099E2090761
:10566000898393F6170081E68583050799C31CC1DA
:105670006DBF1307000255BF411122C42E8485451A
:1056800006C6EFF0BFD340C9B2402244054718C94F
:105690004101828098491C4A797126D206D622D4CB
:1056A0004AD04ECEAE846354F700B2842E8683A9CE
:1056B0000401032906019C44CC403384290163D3AF
:1056C0008700850532C6EFF07FCF324613084501CB
:1056D000131324004293C28763ED6702938544014C
:1056E000939829005106131E2900C166AE98329E78
:1056F000FD166364C603635680007113832703009D
:10570000F1CB00C9B250225492540259F24945617A
:10571000828023A007009107C1B7832F0600B3FF43
:10572000DF00638A0F04428FAE82814403A7020028
:1057300083230F00110FB37ED700B38EFE03B3F7A0
:10574000D30093D303019102BE9E93570701B38701
:10575000F703A69E13D70E01B3FEDE009E97BA97FD
:1057600093D40701C207B3E7D701232EFFFEE3EF6F
:1057700012FB23209F0083522600638A02048327A2
:105780000800C28E2E8F814F03270F0083D32E0077
:10579000F58F758F33075702910E110F1E977E9765
:1057A000931F0701B3E7FF0023AEFEFE8357EFFF11
:1057B00083AF0E004183B3875702B3FFDF00FE972C
:1057C000BA9793DF0701E3611FFD23A0FE001106D6
:1057D000110805B77D1405B7011126CA4AC84EC67F
:1057E00006CE22CC52C4937736002A89B284AE8981
:1057F00089CFFD17174700001307C7DA8A07BA9742
:1058000090438146EFF09FC8AA898984A5CC83275D
:10581000490291EF4145EFD05FF92322A9022322EB
:105820000500232405002320050023260500032A64
:10583000490203248A0019E8930510274A85EFF0EE
:10584000BFE32324AA002A842320050093F7140031
:1058500081CFCE8522864A85EFF0DFE32A8ACE8586
:105860004A85EFF07FBED289858489CC084009E95A
:105870002286A2854A85EFF0FFE108C023200500BB
:105880002A84E9B7F24062444E85D2444249B24983
:10589000224A05618280797126D2AE844ECE83A9D8
:1058A000040122D4CC41135456409C44A2994AD0BE
:1058B00056CA06D652CCAA8A1389190063C427098E
:1058C000568532C6EFF09FAF3246930745012A8ACC
:1058D000BE8601479106634A87066353040001446C
:1058E00094480A04338787008A06938744017D8A97
:1058F000BE9625C2130800023308C840814588437C
:10590000110791073315C500C98D232EB7FE83A556
:10591000C7FFB3D50501E3E4D7FE0CC399C11389D2
:1059200029007D1923282A015685A685EFF0DFB1CD
:10593000B2502254528592540259F249624AD24AD4
:10594000456182808505860795BF23AE06FE050763
:1059500051B7910703A6C7FF1107232EC7FEE3EA3D
:10596000D7FEC1B71C499849998F8DE30A075105A5
:10597000D105B306E500BA95F116F11590429841AC
:105980006308E600FD576363E60085473E85828035
:10599000E364D5FEE5BF011126CAAE844EC6B285CA
:1059A000AA89268522CC06CE4AC83284EFF09FFB16
:1059B00005E181454E85EFF07FA085471CC9232A6C
:1059C0000500F2406244D2444249B24905618280F6
:1059D000054963460500A28701492684BE844C40E0
:1059E0004E85EFF0BF9D0323040183A80401130635
:1059F0004401131E2300138844018A08C16E232624
:105A00002501329EC29893064501014FFD1E1842A2
:105A1000832F08009106B375D701B3F7DF01FA951C
:105A20009D8D93DF0F0193570701B387F74113D77C
:105A30000541BA9713DF0741B3F5D501C207CD8FF2
:105A4000110823AEF6FE1106E36318FDC165FD15CE
:105A50006368C601F1169C4295C72328650095B777
:105A60001C429106110633F7B7007A971358074185
:105A7000C183C29713DF07416D8FC207D98F23AE51
:105A8000F6FEF9B77D13F9B7B707F07FFD8DB707BD
:105A9000C0FCBE956355B00081473E858280B3054A
:105AA000B04093D745414D476347F700B70508001D
:105AB000B3D5F540D5B71387C7FEF946814585476D
:105AC000E3CDE6FCB7070080B3D7E700F9B77971FB
:105AD00026D204494ECE930945018A04CE9422D49D
:105AE00003A4C4FF4AD02EC6228506D6EFF0DFAD50
:105AF000B24593070002898F9CC1A9471389C4FF4F
:105B000063CDA702AD47898F3707F03FB356F40046
:105B1000D98E014763F4290103A784FF5505331586
:105B2000A400B357F700C98FB250225492540259BF
:105B3000F2493E85B68545618280814763F6290139
:105B400083A784FF138984FF551505C91307000235
:105B50003306A74033D7C7003314A400598CB706C7
:105B6000F03FC18E014763F429010327C9FFB397B2
:105B7000A7003357C700D98F45BFB706F03FC18E86
:105B800065B7797122D42E84854526D24AD0B28455
:105B90004ECE52CC3A8906D6368AEFF03F8237078E
:105BA00010009307F7FFE58FD18093F4F47FAA8963
:105BB000B5E03EC62DC4280022C4EFF05FA5A24682
:105BC00021CD324793070002898FB317F700D58F95
:105BD0003357A70023AAF9003AC6324423AC890000
:105BE00033348000050423A88900B9C49384D4BC4D
:105BF000AA949307500323209A003385A7402320BB
:105C0000A900B25022544E8592540259F249624A78
:105C100045618280D98F71BF23AAD9007DBF6800FA
:105C2000EFF0FF9EB24713050502054423AAF900D1
:105C3000854723A8F90055BF931724001305E5BC39
:105C4000CE972320AA00884B1604EFF0FF97098C0B
:105C5000232089007DB779714AD02E892C0006D681
:105C600022D426D24ECE52CC2A8AEFF05FE6AA8901
:105C7000AE842E844A856C00EFF07FE5832709010E
:105C800003270A01A2461D8FB24716079D8EB30750
:105C9000D7006355F002D2072E86338497003287EF
:105CA000A2852A86BA864E85EF10B009B2502254DA
:105CB00092540259F249624A456182803707F0FFE7
:105CC000B387E7023386B700D9BF9387F5FF184A39
:105CD000958785078A07930646010A07AA9736978C
:105CE00063E5E600636AF5008280910603A6C6FFBD
:105CF0001105232EC5FEEDB71105232E05FEDDB7D8
:105D0000144993D755401307450163C7F60263DF73
:105D1000D700FD8981CD93962700BA96904205451C
:105D2000B356B600B395B600631EB6008A07BA979D
:105D30006366F70001458280B687CDBFF1179443B3
:105D4000E5DA0545828001114AC803A9850022CC05
:105D500052C45AC006CE26CA4EC656C22E84328BB4
:105D6000368A63E92609DE2513F7074851C3044044
:105D70008C495848AA8AB389B4408D44B384E4025C
:105D80000947B3C4E402138716004E9763F3E40097
:105D9000BA8493F70740BDCFA6855685EFD03FBAAA
:105DA0002A891DE1B14723A0FA005E247D5593E7BF
:105DB00007045EA4F2406244D2444249B249224AF6
:105DC000924A024B056182800C484E86EFD03F9F7D
:105DD0005E2493F7F7B793E707085EA4232824010E
:105DE00044C84E99B38434412320240104C4528909
:105DF00063732A01528908404A86DA85EF00106EE3
:105E00001C440145B38727411CC41C403E992320F4
:105E100024014DB726865685EF00B0702A895DFDB6
:105E20000C485685EFD03FA7B5BFDE25717126D34C
:105E30004AD14ECF06D722D552CD56CB5AC95EC7CE
:105E400062C566C393F70708AA892E89B284B9C3CD
:105E50009C49A9E39305000436C6EFD05FAE23202A
:105E6000A9002328A900B24615E1B14723A0F900F3
:105E70007D55BA502A549A540A59FA496A4ADA4A5C
:105E80004A4BBA4B2A4C9A4C4D61828093070004CE
:105E9000232AF90093070002A30CF10293070003E1
:105EA00002DA230DF10236CE930B5002973A00002E
:105EB000938A0A70054C294B26841C2099C3639948
:105EC0007709B30C9440638E0C00E6862686CA855B
:105ED0004E85EFF05FE7FD57630BF518D256E69657
:105EE00036DA1C2063850718FD579304140002D08E
:105EF00002D63ED202D4A301010682DC8C201546D4
:105F00005685EF00305C13841400825721E513F7A7
:105F1000070109C713070002A301E10613F7870071
:105F200009C71307B002A301E10694201307A002DA
:105F3000638AE602B25726848146254618209305D7
:105F40001400130707FD6372E6068DC63ED61DA03A
:105F50000504A5B7330555413315AC00C98F3ED0B4
:105F6000A28469BF724793064700184336CE634741
:105F700007023AD618209307E002631DF704183091
:105F80009307A002631BF702F24709041387470037
:105F90009C433ACE63C107023ED22DA83307E040AE
:105FA00093E727003AD63ED0F1B7B387670385461B
:105FB0002E84BA9761B7FD57C5B7050402D2814652
:105FC00081472546182093051400130707FD6376C3
:105FD000E606F9F20C200D46173500001305C55DE5
:105FE000EF00504E11CD973700009387E75C1D8D71
:105FF00093070004B397A700025505045D8D2AD0CE
:106000000C201946173500001305455B9304140056
:10601000230CB102EF00104B25C597A7FFFF938714
:1060200067FE95E70257F2471377071009CF9107EC
:106030003ECED257D2973EDA41B5B3876703854645
:106040002E84BA9741B79D07E19BA107D5B7780881
:1060500097060000938666CF4A860C104E859700FF
:106060000000E7000000FD572A8AE314F5FC83577F
:10607000C9007D5593F70704E39D07DE5255D5BB54
:10608000780897060000938646CC4A860C104E8509
:106090001121D1BF1C46FD171CC663D90700184E3D
:1060A00063C5E700A9476393F5001DAF1C422E8529
:1060B0001387170018C28CA38280011122CC26CA34
:1060C0004AC84EC652C406CE2A89AE893284B30469
:1060D000D6007D5A63149400014509A80C204E8611
:1060E0004A85EFF03FFB0504E31645FFF2406244AA
:1060F000D2444249B249224A05618280357122CD9B
:1061000026CB4AC94EC706CF52C556C35AC1DEDE9A
:10611000E2DCE6DAAA89AE843289368409C51C4DF0
:1061200099E3EFE0BF9A973700009387A73363990D
:10613000F40C83A44900DE24A18BEDC79C48FDC369
:1061400093070002A304F1029307000302D2230580
:10615000F10222C6930B5002973A0000938A4A45F7
:10616000054C294B4A841C2099C3639F770DB30CBF
:106170002441638E0C00E6864A86A6854E85EFF0A4
:10618000DFF3FD576301F51E9256E69636D21C20CA
:10619000638B071CFD571309140002C802CE3ECAC8
:1061A00002CCA309010482D4834509001546568513
:1061B000EF00503113041900C24749E913F70701F2
:1061C00009C713070002A309E10413F7870009C7F1
:1061D0001307B002A309E104834609001307A002D4
:1061E000638EE606F2474A848146254618209305C9
:1061F0001400130707FD6376E60AADCA3ECEBDA0C4
:1062000097370000938707286395F40083A48900DB
:106210001DB7973700009387E722E39EF4F083A42D
:10622000C90011BFA6854E85C92519D97D55FA40EB
:106230006A44DA444A49BA492A4A9A4A0A4BF65BFE
:10624000665CD65C0D618280050431BF3305554123
:106250003315AC00C98F3EC82289B9B732479306BF
:106260004700184336C6634707023ACE1820930703
:10627000E002631DF70418309307A002631BF702C6
:10628000B2470904138747009C433AC663C107021B
:106290003ECA2DA83307E04093E727003ACE3EC818
:1062A000F1B7B387670385462E84BA9781B7FD5748
:1062B000C5B7050402CA81468147254618209305C3
:1062C0001400130707FD6376E606F9F20C200D466D
:1062D000173500001305452EEF00D01E11CD97375E
:1062E00000009387672D1D8D93070004B397A700C7
:1062F000424505045D8D2AC80C201946173500005B
:106300001305C52B130914002304B102EF00901BE1
:1063100035C197A7FFFF9387E7CE95E74247B2477E
:106320001377071009CF91073EC69257D2973ED2F6
:1063300015BDB387670385462E84BA9741B79D077D
:10634000E19BA107D5B7780097060000938626D772
:1063500026860C084E8597000000E7000000FD57D8
:106360002A8AE314F5FCDE2493F70704E39007EC94
:10637000125575BD780097060000938646D4268690
:106380000C084E85012AE1BF797156CA9C49BA8A28
:10639000984522D426D24ECE52CC06D64AD05AC8E0
:1063A0005EC6AA892E84B284368A63D3E700BA8790
:1063B0009CC00347340419C385079CC01C4093F755
:1063C000070281C79C4089079CC0032904001379F8
:1063D0006900631A0900130B9401FD5B5C4498404B
:1063E000998F634CF9041C408346340493F70702E9
:1063F000B336D000A5EB13063404D2854E85829ABD
:10640000FD576303F5041C4011469840998B544492
:1064100081446397C700B384E64063D3040081449A
:106420001C4418486354F700998FBE9401496904CD
:106430007D5B63982405014509A885465A86D28567
:106440004E85829A631E75017D55B2502254925436
:106450000259F249624AD24A424BB24B45618280AC
:106460000509ADBF3307D40013060003A301C70419
:106470000347540493871600A2978906A381E70473
:106480009DBF85462286D2854E85829AE30E65FBA6
:10649000050945B7797122D426D24AD04ECE06D608
:1064A00052CC56CA5AC8B689942D930790063289A1
:1064B000AA842E8413863504638DF60263E2D70620
:1064C000930780056386F61863EDD700638E062078
:1064D00093073004638EF60A930A24042301D4043C
:1064E000C9A0930730066385F60A93074006E39533
:1064F000F6FE1C40084393F6070893054500C5C601
:106500001C410CC363D807001307D002B307F04047
:10651000A301E404973600009386C60A294765A8BC
:10652000930700076382F61663E5D7029307E00638
:106530006389F6189307F006E390F6FA0C401C43C3
:1065400013F80508138547006307080608C39C4332
:1065500085A893075007E383F6FE930780076389B6
:10656000F61293073007E399F6F61C43D0418145B4
:106570009386470014C383AA07005685A12701C547
:106580003305554148C05C401CC8A301040461A800
:106590001C43930A2404938647009C4314C323019D
:1065A000F4048547D5B793F607041C410CC3B9DA48
:1065B000C207C18781BF93F5050408C3C9D99E23CB
:1065C0001307F0066387E60E97360000938686FF72
:1065D0002947A30104044C400CC463C505000840CE
:1065E0006D9908C099E3B28A89CDB28AB3F5E70202
:1065F000FD1AB6958C212380BA00B3D5E70263F06B
:10660000E70CA147631EF7001C40858B91CB5840D7
:106610001C4863C7E70093070003A38FFAFEFD1A27
:106620003306564110C84E87CA867000A28526855B
:10663000EFF09FD57D5A631D450B7D55B250225416
:1066400092540259F249624AD24A424B45618280D1
:10665000A382D504973600009386C6F60C40084303
:1066600013F805081C411105630D080208C313F750
:10667000150001C793E505020CC04147B9FB0C406A
:1066800093F5F5FD0CC0B1B79C4193E707029CC19F
:1066900093078007A302F404973600009386C6F39D
:1066A00075BF13F8050408C3E30308FCC207C183E0
:1066B0007DBF973600009386E6F0214719BFAE876D
:1066C00035B794411C43CC4913F80608138547009D
:1066D0006306080008C39C438CC339A008C393F623
:1066E00006049C43F5DA8EA323280400B28A25BF52
:1066F00014485686CA8526858299E30045F51C40D4
:10670000898B8DE7B2474844E35AF5F23E853DB7A1
:1067100085465686CA8526858299E30065F3050A73
:106720005C443247998FE345FAFEE9BF014A930A78
:1067300094017D5BF5B7411122C42E848395E50059
:1067400006C6252D634905007C48AA977CC8B2403F
:106750002244410182805E247D777D17F98F5EA4FB
:10676000FDB7DE25011122CC26CA4AC84EC606CE88
:1067700093F70710AA842E843289B68991C783952E
:10678000E5008946014625215E247D777D17F98F36
:106790005EA48315E4006244F240CE864A86B24984
:1067A00042492685D244056111AA411122C42E8492
:1067B0008395E50006C6E52EFD575A24631AF500B9
:1067C000FD77FD17F98F5EA4B2402244410182801B
:1067D0008567D98F5EA468C8C5BF8395E50031A4DD
:1067E000011122CC26CA4AC806CE4EC6AA842E89DA
:1067F000328409C51C4D99E3EFE04FAD9737000097
:10680000938747C66317F406C0401C4C1CC45E2423
:10681000A18BC1C31C48B5CF1C4808409379F90F20
:106820001379F90F1D8D5C486346F500A285268516
:10683000192E25E51C440505FD171CC41C401387B3
:10684000170018C0238037015C486388A7005E24C6
:10685000858B81CBA9476316F900A2852685E5249F
:106860000DEDF24062444A85D2444249B249056185
:106870008280973700009387E7C06314F400804458
:1068800069B7973700009387E7BBE310F4F8C0447B
:10689000ADBFA2852685912841D17D59D9B789CD33
:1068A0009307F00F63F7C7009307A0081CC17D553D
:1068B000828090A10545828001458280411122C4D9
:1068C0002A842E85B285368623A801C406C6EFB079
:1068D000FFD6FD576317F500938701C59C4391C30D
:1068E0001CC0B2402244410182804111938701843F
:1068F00026C2844322C44AC006C62A892E8491C473
:106900009C4C81E72685EFE06F9C973700009387CA
:1069100067B5631BF402C0400317C4009317070157
:10692000C18393F68700B5EA93F6070195EEA54774
:106930002320F900136707045AA47D55B24022446E
:10694000924402494101828097370000938787B3C0
:106950006314F4008044C9B797370000938787AE6B
:10696000E31CF4FAC0444DBF918B85C74C5891C9C4
:10697000930744046385F5004A85EFC0DFF1232ABD
:1069800004025E242322040093F7B7FD5EA41C4892
:106990001CC05E2493E787005EA41C4899EB5E242C
:1069A0001307002093F707286385E700A2854A852F
:1069B00049245E2413F717001DC35C4823240400F8
:1069C000B307F0401CCC1C480145ADFB8317C40045
:1069D00013F7070825D793E707045EA4B9BF898B8F
:1069E000014791E3584818C4F9BF411122C42A84D1
:1069F0002E8523A801C406C6EF200006FD576317A5
:106A0000F500938701C59C4391C31CC0B24022444A
:106A100041018280DE25011122CC26CA06CE4AC859
:106A20004EC613F78700AA842E8461EFD841634DC8
:106A3000E000B841634AE0000145F2406244D244BC
:106A40004249B2490561828058547DD703A90400A8
:106A50009396370123A0040063DC060670485E2489
:106A6000918B99C75C401D8E5C5899C33C401D8E2C
:106A70005C540C50814626858297FD575A24631D2D
:106A8000F5009440F54763E9D706B707402085072E
:106A9000B3D7D700858BADC31C48232204001CC08C
:106AA0009317370163D80700FD576314F5009C4026
:106AB00091E368C84C5823A02401BDDD930744042A
:106AC0006385F5002685EFC01FDD232A0402ADB7DC
:106AD0000C500146854626850297FD572A86E3100D
:106AE000F5F89C40ADDF75476385E7005947639330
:106AF000E70423A0240189B7136707045AA47D552E
:106B00002DBF83A90501E38909F203A905008D8B37
:106B100023A0350133093941014791E3D84918C40D
:106B2000E35C20F11C540C50CA864E862685829761
:106B30006347A0005E2493E707045EA4C9B7AA993F
:106B40003309A940F1BF9C49ADC3011122CC06CE47
:106B50002A8419C51C4D89E72EC6EFD03FF7B245F0
:106B60009737000093870790639CF5004C4083970C
:106B7000C5009DC722856244F24005616FF09FE920
:106B800097370000938707906394F5000C44C5B7CE
:106B9000973700009387078BE39BF5FC4C44C1BFFC
:106BA000F2406244014505618280014582804111C5
:106BB00022C42A842E85B285368623A801C406C63F
:106BC000EF10D06BFD576317F500938701C59C4309
:106BD00091C31CC0B2402244410182801971A6DADF
:106BE000AE848395E500A2DC86DE328463DB05009B
:106BF000DE2423A0060093F707089DE393070040D7
:106C000015A0300836C64D22B246E34305FE724752
:106C1000BD67F98F7977BA9793B717009CC2F9BF10
:106C2000930700041CC0F6506654D6540145096110
:106C30008280DE25011122CC06CE26CA4AC8898B65
:106C40002E8489CF930774041CC01CC885475CC878
:106C5000F2406244D24442490561828074003000AF
:106C6000AA84EFF0BFF7A2452A892685EFC03FCD61
:106C700019E98317C40013F7072079FBF19B93E709
:106C800027005EA4C1B797E7FFFF938747DF9CD437
:106C90005E2408C008C893E707085EA4A2475CC842
:106CA000B24799CB8315E40026852D2211C55E24B9
:106CB000F19B93E717005EA45E243369F900231665
:106CC000240179B793F5F50F2A966314C5000145A1
:106CD00082801C21E38EB7FE0505C5BF63F1A504C4
:106CE000B386C500637DD5029345F6FF8147FD1746
:106CF0006393F50082803387F600034807003387EB
:106D0000C7002A9723000701DDB73387F500142356
:106D10003307F500850714A3E319F6FE8280814747
:106D2000E5BF81E5B2856FC09FC1011122CC06CEBF
:106D300026CA4AC84EC6328401EEEFC0DFB501490B
:106D4000F24062444A85D2444249B2490561828098
:106D5000AE84AA896D202689E37485FEA2854E85BE
:106D6000EFC0FFBD2A8969DDA6852286EFC03FA559
:106D7000A6854E85EFC03FB2E1B7411122C42A84F7
:106D80002E85B285368623A801C406C6EF10D04FE3
:106D9000FD576317F500938701C59C4391C31CC041
:106DA000B240224441018280411122C42A842E85AE
:106DB000B28523A801C406C6EF10D04AFD57631759
:106DC000F500938701C59C4391C31CC0B240224487
:106DD00041018280411122C42A842E8523A801C446
:106DE00006C6EF10F048FD576317F500938701C5FD
:106DF0009C4391C31CC0B24022444101828083A7BE
:106E0000C5FF1385C7FF63D50700AA959C413E9532
:106E100082803708100001117D183377B80026CA28
:106E20003378D80093D4450113D34601131E37009D
:106E30004EC61357D5010E089357D60193F4F47F2D
:106E40001373F37F06CE22CC4AC893D9F50193DEA3
:106E5000F6013367C701131F350033E80701931F9D
:106E60003600338E64406380D9196356C0136304BF
:106E7000031CB70680009307F07F3368D800638F48
:106E8000F4369307800363C0C735FD4763CDC7471A
:106E9000130500023305C541B3D7CF01B316A800CF
:106EA0003399AF00DD8E33392001B357C80133E980
:106EB00026011D8F33092F41B3372F013306F740C9
:106EC0009317860063D40724370780007D17337437
:106ED000E600630C042C2285EFC03F84130785FF76
:106EE00093070002998FB357F9003316E400D18F4E
:106EF0003319E9006341972A3305974013061500BB
:106F00007D47634DC73813070002118FB356C90080
:106F10003319E9003397E700558F3339200133697E
:106F2000270133D6C70081449377790081CF137747
:106F3000F90091476308F700130749003339270127
:106F40004A963A899317860063D6071C1385140066
:106F50009307F07FCE856304F520B70780FFFD1708
:106F6000F18F9398D70113593900A607B3E8280188
:106F7000B1831375F57F9396C7005205F2406244C2
:106F8000B182FE05C98ECD8ED2444249B2494685B2
:106F9000B68505618280631E0E0A13831400137385
:106FA000E37F63170322B367E701B368F801639DCA
:106FB000041A63870740638608443309FF41B30717
:106FC000074133362F013386C7409317860063D6B7
:106FD000074C3389EF41B307E84033B62F013386BE
:106FE000C740F68991B76350C00F6300030CB70622
:106FF00080009307F07F3368D800638AF43A9307E0
:10700000800363CBC713FD4763DFC73513090EFE4B
:1070100093070002B3562801630AFE001309000417
:107020003309C94133192801B3EF2F013339F00176
:107030003369D90031A2B367F801638A071C93074B
:10704000FEFF638C07389306F07F6309DE1A3E8EDD
:107050000DBDB305934063910422B367E7016387D5
:1070600007329387F5FF638107449306F07F638CB3
:10707000D520BE859307800363CCB72AFD4763CF35
:10708000B73C930700028D8F3319F700B356BF004A
:10709000B317FF003369D900B337F0003357B70097
:1070A0003369F9003308E84041ACB367F801638005
:1070B00007349307FEFF638A07209306F07F630877
:1070C000DE2E3E8E2DBF631E0E149386140093F7A2
:1070D000E67F63910734B367E7016395042C63800F
:1070E000073EB367F801638E07303309FF01B3072A
:1070F0000701333FE9013386E7019317860063D721
:107100000700B70780FFFD177D8E854493777900D0
:10711000E39F07E09317D60193583900B3E8F800CE
:10712000935736001307F07F638DE404B207B183F1
:1071300013F5F47FCE8581B53369F8013339200129
:107140007A99B337E9013386E70093178600E3DFC6
:1071500007FA85049307F07F6396F418CE8513052C
:10716000F07F8147814801BDC1EB6384083A9316E3
:1071700036009317D8018D82B3E8D700F68993576C
:107180003800B3E7F800F9DB81451305F07FB70756
:1071900008008148CDB3370680FF7D167D8E93773A
:1071A0007900998CE39507D8B5B74A85EFC0EFD63B
:1071B00013078501FD47E3D5E7D2130685FFB31713
:1071C000C900014905BB3369F80133392001DDB13C
:1071D0003309FF413306074133342F01330486401E
:1071E0009317840063CD0724B3688900E39308CE26
:1071F0008147814981441DBFE39808F80E05931724
:10720000D7010D81B3E8A700935737009DBF0E0546
:107210009317D7010D81B3E8A700F2849357370085
:1072200011B73305934063820412B70680009307B9
:10723000F07F558F630DF32E9307800363CBA72058
:10724000FD4763C3A72A93070002898F3319F7000C
:10725000B356AF00B317FF003369D900B337F0005E
:107260003357A7003369F9003A987E99B337F9018B
:10727000338607019A84D1BDB70680009307F07F5B
:10728000558FE319F3DE931736008D839318D801D9
:10729000B3E81701F68993573800E5B5130715FED3
:1072A0009306000233D7E700630AD6009306000472
:1072B0003386C6403396C7003369C900333920018D
:1072C0003369E9000146814491B53309FF01B307F1
:1072D00007013336E9013E96931786008544E3D7CC
:1072E00007E28944B70780FFFD17F18F1357190094
:1072F00013791900336927019398F70133E92801BD
:1073000013D6170015B113090EFE93070002B356EA
:107310002801630AFE00130900043309C941331927
:107320002801B3EF2F013339F0013369D90059B681
:107330003369E7013339200133892F41B3B72F0176
:107340003306F8409A84F689A5BEB367E7016382E5
:1073500007189307F5FF6384071C9306F07F630407
:10736000D5123E85D1BD93070002B387C741B3163E
:10737000F8003399FF0033D6CF01D18E3339200185
:10738000B357C80133E926013E975DBB931736001A
:107390008D839318D801B3E81701AE849357380052
:1073A000F68949B3EDC33369F801E31F09DC0E0523
:1073B0009317D7010D81B368F50093573700D1B308
:1073C0006381080E931636009317D8018D82B3E8B7
:1073D000D700F6899357380091BB3309FF41B307B3
:1073E0000741333F2F013386E7418544D1BC0E0569
:1073F0009317D7010D81B368F500F28493573700D6
:1074000015B30E059317D7010D81B3E8A700935765
:10741000370029BB9307F07FE382F6D43309FF01DD
:107420003336E901B3070701B2979398F70113596F
:10743000190033E9280113D61700B684C1B933897E
:10744000EF413307E84033B62F013304C740F689D4
:1074500049B43369E7013339200101BD938705FE43
:1074600093060002B357F700638AD5009306000421
:10747000B385B6403317B700336FEF003339E001FF
:107480003369F90055BD931736008D839318D801E1
:10749000B3E8170193573800EDB1B368C900E3971B
:1074A00008C68147814959B13389EF41B307E840A4
:1074B00033B62F013386C740F689854411B493163D
:1074C00036009317D8018D82B3E8D7009357380060
:1074D000B1B9931636009317D8018D82B3E8D7005F
:1074E000AA84935738003DB9930705FE930600021E
:1074F000B357F700630AD500930600043385A6400E
:107500003317A700336FEF003339E0013369F90017
:10751000A9BB81451305F07FB7070800A9BC330953
:10752000FF01B30707013336F9013E9675B3931691
:1075300036009317D8018D82B3E8D70093573800EF
:1075400089B1397193D7450122DC4AD856D22A89AC
:107550001394C50006DE26DA4ED652D45AD05ECE3B
:1075600013F5F77F318093DAF501630B051093076C
:10757000F07F630BF514135AD9010E0433648A00AB
:10758000370A8000336A4401131B3900930415C085
:107590000144814B13D846011399C6001378F87F34
:1075A000B2881359C90093D9F601630E08089307EE
:1075B000F07F6300F8041357D6010E0933692701E1
:1075C000130818C0B70780003367F9009318360016
:1075D000B38404418145BD4733C83A0163E4871A47
:1075E000972700009387C7100A043E9410403E96E8
:1075F00002863367C90093841480631207101364F2
:10760000240081488945C1BF1306F07F81470147A7
:10761000B207F25062545206B1837E08D18FB3E7AD
:107620000701D2544259B259225A925A025BF24B84
:107630003A85BE852161828001481306F07FB70735
:1076400008000147F1B73367C9004DC76308093027
:107650004A8532C4EFC06F8C2246130755FFF547A9
:10766000930685FF998F3319D900B357F60033E796
:107670002701B318D60026959304353F8145A1BF55
:10768000336A240163030A0636C632C46306042A39
:107690002285EFC08F882246B246AA84130755FF81
:1076A000754A138B84FF330AEA4033146401335A5A
:1076B0004901336A8A00331B69011305D0C0B30442
:1076C00095400144814BF9B5336A240163180A00DF
:1076D0002144014B9304F07F894B6DBD228A4A8B74
:1076E00031449304F07F8D4B75B51144014B8144B7
:1076F000854B4DB51364140081488545E9BD13647D
:1077000034004A878D45C1BD630A052E8547898FA0
:107710009306800363DDF632014681470147CDBD04
:10772000CE868947638DF53A8D47E387F5F0854727
:107730003688E383F5FE1385F43FE357A0FC93F707
:1077400078006396072893D638009317770063D89C
:107750000700B70700FFFD177D8F138504409307CF
:10776000E07FE3C3A7EA1316D70193179700B1830D
:107770003367D6001376F57F61BDD6865287DA88E7
:10778000DE8545B763614723630DEA20DA86FD1481
:107790005284014B9317870013D388013363F3009E
:1077A000935E0301B357D403131F0301135F0F014B
:1077B00093D50601139E88003374D4033307FF0268
:1077C0004204C18D63FBE5009A951386F7FF63EED3
:1077D000652663FCE526F9179A95998D33D7D5036D
:1077E000C206C182B3F5D5033306EF02C205D58DBB
:1077F00063FBC5009A959306F7FF63E6652463F47F
:10780000C52479179A95C20741645D8F9307F4FFE9
:107810003375F70093580701935F0E01B377FE00AD
:10782000B302F502B386C540B383F80293D50201D3
:107830003386AF021E962E963385F8036373760067
:107840002295C168FD18935506013376160142064C
:10785000B3F81201AA95469663E6B6126382B61291
:107860003306CB408D8E333BCB00338B6641138583
:10787000F43F630C6317B358DB0393550601337B66
:10788000DB03B3061F03420B33EB6501637BDB00B5
:107890001A9B9385F8FF636D6B20637BDB20F918DF
:1078A0001A9B330BDB40B356DB0342064182337B2A
:1078B000DB03330FDF02420B33666601637BE601B5
:1078C0001A969385F6FF6367661E6375E61FF916C1
:1078D0001A96C208B3E8D8009395080193D208011C
:1078E000C181B38EF5023306E641B385BF0293D65C
:1078F0000E01B387F202BE95AE96B38F5F0263F4BA
:10790000F600C167BE9FC165FD1593D70601ED8ED8
:10791000C206B3FEBE00BE9FF696637FF6091A96B6
:107920009387F8FF6369661A6368F619630FF61B9D
:10793000BE8893E8180011B54A85EFB01FDE130723
:107940005501F145930405022246B246E3DAE5D437
:10795000130485FF331A8900014B85B3328532C485
:10796000EFB0BFDB13075501F146AA872246130586
:107970000502E3D6E6CEE1173317F6008148E5B9F4
:10798000E370CBEE729B3335CB011A95AA961305A3
:10799000F7FF6378D30263E6B6106382D5102A87B7
:1079A000C1B5E3651BDF93551B009316FA01135411
:1079B0001A00CD8E7E0BF9BBE31DF6F7E38F06D6DA
:1079C000B9BFE31ED3FCE378CBFD2A8751BD93F703
:1079D000F8009146E389D7D693B7C8FF938648004D
:1079E00093C717008D823E978DB381468547E34C40
:1079F000A0FEFD58E31C05D0930410C085471385F5
:107A0000E441B316A70033D6F8003395A800D18E11
:107A10003335A000C98E13F676003357F70001CE38
:107A200093F7F60011466388C70093874600B3B604
:107A3000D7003697BE869317870063D8070405469C
:107A400081470147F1B636877DBBB28779B3FD46E2
:107A5000E3D7F6FA0556098E930600023356C7009F
:107A60006388D7009387E443B317F700B3E8F800BF
:107A7000B3361001D18E13F67600814701CE93F70D
:107A8000F60011460147E392C7FA931797001316C1
:107A9000D701B18313D73600518F014695BEE370ED
:107AA000CBF0729B3335CB011A957917AA964DBB53
:107AB000AE88C5BBAE8631BD93171E0033BEC7016D
:107AC00072931A96F9183E8EE315F6E7E307DEC6C1
:107AD00093E818009DB1BE88E30AF6FF99BD368889
:107AE0001306F07F8147014725B6E367DEFCBE88B9
:107AF000E310DEFE99B113D74501B7071000FD175B
:107B000013D846011377F77F9308F07F33FEB70051
:107B1000AA8EF58FFD81328F1378F87FFD82630B7B
:107B2000170105436306180163140701630DFE0086
:107B30001A858280B368AE000543E39B08FEE31913
:107B4000E8FED18FF5F70543E394EEFF0143E381AF
:107B5000D5FE054371FF3365AE003333A000C9BFC6
:107B600013D74501B7071000FD1713D84601137747
:107B7000F77F9308F07F33F3B7002A8EF58FFD81EE
:107B8000B28E1378F87FFD82630817036300180331
:107B90000DEBB368A300631408005D8E29CA6385EA
:107BA00008046388D502054595ED8280B3E8C700D7
:107BB000E38008FE795582803365A30065FD630C80
:107BC000E802631408005D8E79DEE39ED5FCE34C89
:107BD000E8FC63480701E3E867FC6303F302637FA3
:107BE000F30081E57D558280F5DE05458280014503
:107BF000E39B08FA82805D8E69DA6DBF0145828061
:107C0000E3E3CEFB0145E372DEFBE5F1E1BF13D711
:107C10004501B7071000FD1713D846011377F77F0A
:107C20009308F07F33FEB700AA8EF58FFD81328F67
:107C30001378F87FFD82630E1703630D180129E3A3
:107C4000B368AE00631F08005D8E01EE0143638CD4
:107C5000080421A8B3E8C7000943639608046DD35C
:107C600005A0638408046385D50205438DCD7D534B
:107C70001DA8B368AE00094363970802630AE802CF
:107C8000631408005D8E75D2E391D5FEE34FE8FCE6
:107C900063490701E3EBC7FD630FFE000143637413
:107CA000FE00F1D505431A858280EDFE7D53E5BFC8
:107CB0005D8E79DACDBFE36ADFFB0143E3F5EEFFCA
:107CC000F5F175B739714AD813D945014ED652D45A
:107CD00056D29399C50006DE22DC26DA5AD05ECE53
:107CE0001379F97F2A8A93D9C90093DAF501630DD4
:107CF000090E9307F07F6306F9181354D5018E0916
:107D0000B36934013704800033E4890093143500EB
:107D1000130919C08149814B13D74601139AC60034
:107D20001377F77FB285135ACA0013DBF601630B92
:107D300007109307F07F6303F7049357D6010E0AE9
:107D400033EA4701130717C0B7078000B367FA008B
:107D5000931536003A99814833C76A01BD463A8582
:107D60001308190063E83617172600001306469C0F
:107D70008A09B29983A60900B2968286B367CA00BF
:107D80001309F97F6399071293E92900814589480E
:107D9000E1B701479307F07F3704080081443204BC
:107DA000D20731807E075D8C598CA285F2506254D7
:107DB00026854259D254B259225A925A025BF24B4A
:107DC000216182805A853E84AE84C68B8947638D4B
:107DD000FB0E8D47E38FFBFA85472A87639EFB38AE
:107DE00081470144814465BF33E4A90061C036C6C0
:107DF00032C4638C092A4E85EFB03F922246B246C8
:107E0000AA87130755FF7544938487FF198CB3998C
:107E1000990033548A0033643401B3149A0013D7A1
:107E200046011309D0C0139AC6001377F77F3309B0
:107E3000F9408149814BB285135ACA0013DBF60120
:107E4000E31907EEB367CA00B1C7630F0A22528570
:107E500032C4EFB09F8C22462A87930655FFF54720
:107E6000930587FF958F331ABA00B357F600B3E72F
:107E70004701B315B6003309E9401309D9C0814859
:107E8000E1BD33E4A90001ECA14981441309F07F6D
:107E9000894B59B593E919008145854875BD4E84D4
:107EA000AA84B1491309F07F8D4BBDB59149814436
:107EB0000149854B95B593E93900D2878D4869BD55
:107EC00089475685E397FBF02A879307F07F0144A3
:107ED0008144F1B5C16E1386FEFF93D6040113DE13
:107EE0000501F18CF18D338695023383B6029358E8
:107EF000060133059E021A95AA98B382C60363F35E
:107F00006800F692C16F1383FFFF33F5670093D3C8
:107F10000701B3F76800C207337366003E93330668
:107F2000950293D80801B387A602135F0601B384B4
:107F30009302BE94FA94B38E760263F3F400FE9E2D
:107F4000416A9307FAFF935F0401B376F400B3F933
:107F5000F4007D8EC1803384D502C209338FD401F1
:107F6000B299CE98B307DE02935E0401B385BF02D7
:107F7000AE97BE9E330EFE0363F3BE00529EC167F2
:107F80009385F7FF33F6BE006D8C4206229693DE92
:107F90000E01B305D502769E3385AF0213D40501D9
:107FA000B386D302AA96A296B38FF30363F3A60017
:107FB000BE9F41657D15B3F7A600C2076D8DAA97D8
:107FC000B3855800B3B93501FA97B29533843701B8
:107FD00033B6C500B30EC4013385CE00333434014B
:107FE000B3B7E701C18F33BECE0113D406013336D8
:107FF000C5003E943366CE009394950032947E94EF
:10800000B3E46400260493567501B3349000DD8117
:1080100093179500CD8C558CDD8C9317740063DB22
:10802000070093D7140085889316F401DD8CD58C56
:10803000058042899307F93F6359F00893F674006D
:1080400081CE93F6F40011466388C60093864400FF
:10805000B3B496002694B6849316740063D80600D1
:10806000B70700FFFD177D8C930709409306E07F5B
:1080700063CFF60E93D634009314D4012604D58C26
:10808000318093F7F77F21BB328532C4EFB0EFE840
:1080900093065501F147130705022246E3D1D7DCC9
:1080A0006115B317A6008145F9B3EFB00FE71307C9
:1080B0005501F145930705022246B246E3D5E5D4C2
:1080C00061153314AA00814499BB85469D8EB1E7A2
:1080D0001309E941B3972401B3D4D400331924011F
:1080E000B337F000B3649900DD8C93F77400B35696
:1080F000D40081CF93F7F40011466388C7009387BB
:108100004400B3B49700A696BE849397860063D8C4
:10811000070485470144814459B113068003E341B4
:10812000D6CC7D46E356D6FA0556B307F6409305FE
:1081300000023356F4006387B6001309E943B3170E
:108140002401DD8CB3349000D18C93F6740001448B
:1081500099CA93F7F40011468146E392C7FA139443
:1081600096003180F6068D80D58C81470DB9930736
:10817000F07F0144814425B142896DBD370710006D
:108180007D1701113373B70093D84601758F935E45
:10819000D60122CC26CA0E0393D445019357D501AC
:1081A0000E0706CE4AC84EC693F8F87F130EF07F2E
:1081B00033E7EE0093F4F47F13D4F50133E3670063
:1081C000131F3500FD82931E36006380C81993C6C5
:1081D0001600B38514416305D4126351B018638B44
:1081E000081AB70780005D8F6381C4599307800325
:1081F00063C4B734FD4763C5B748930700028D8F4A
:10820000B3D9BE003318F700B39EFE0033683801BF
:108210003357B700B339D001336838013303E34033
:10822000B3090F41B3373F013306F340931786007C
:1082300063D30724370980007D1933792601630F42
:10824000092C4A85EFB06FCD130785FF9307000215
:10825000998FB3D7F9003316E900D18FB399E900AC
:108260006344972A058F13061700FD4663C5C63A77
:1082700013070002118FB3D6C9003398E900339772
:10828000E700558F33380001B369070133D6C700C3
:10829000814493F7790081CF93F6F9009147638881
:1082A000F6009386490033B836014296B689931793
:1082B000860063D6071C138714009307F07F058898
:1082C0006306F720B70780FFFD17F18F1398D701DA
:1082D00093D93900A60733683801B1831377F77F44
:1082E0009396C7005207B1827E04D98EC18EF240A8
:1082F0006244D2444249B2494285B68505618280D2
:108300006356B00A638A0812B70780005D8F6387DF
:10831000C42D9307800363C7B718FD4763D2B73CEA
:10832000138805FE93070002B3590701638AF5001D
:1083300093070004B385B7403317B700B3EEEE00E0
:108340003338D0013368380195A2B367D7019385DC
:10835000148099E393C61600630AD404D1E193878D
:10836000140093F7E77F6399071EB367E30133684F
:10837000D701639204166382073C63160842131800
:1083800035009316D3011358380033E8060193578C
:10839000330019A2B367D7016385071A9387F5FFE6
:1083A000638B073A638CC523BE8589B56399051C29
:1083B0009386140093F7E67FC1EFB367E301639000
:1083C0000436638D0744B367D701639407460E05EF
:1083D0001318D3010D813368A800935733006DA89B
:1083E000B385984063970420B367E301638D07303A
:1083F0009387F5FF638907401305F07F6383A5200A
:10840000BE859307800363C2B72AFD4763C8B73CA4
:10841000930700028D8F3318F3003356BF00B31754
:10842000FF003368C800B339F0003353B30033683A
:10843000380133076740B5ACB367D70163830710D2
:108440009387F5FF638F071E6380C52FBE85D1B567
:108450009307F07F638BF606FA9E33B6EE01B307FF
:10846000E300B2971398F70193DE1E00B369D801B9
:1084700013D61700B68493F77900E39F07E09317AC
:10848000D60113D839003368F800A6859357360013
:108490001307F07F6380E506B207B18313F7F57F1A
:1084A00005883DBD3367D7013338E000B309E801E3
:1084B000B3B7E9013386670093178600E3DD07FA57
:1084C00085049307F07F639CF41805881307F07FF9
:1084D0008147014831B5639107106301083C1318C7
:1084E00036009317D701135838003368F8003684E4
:1084F00093573700B367F800E9DB01441307F07FB7
:10850000B70708000148E9BB370680FF7D167D8E5E
:1085100093F77900998CE39107D895B74E85EFB022
:10852000CF9F13078501FD47E3D2E7D2130685FFEE
:10853000B397C90081492DB33368D701333800019F
:10854000C5B1131835009317D30113583800336899
:10855000F800935733002DBFB309DF413309E340DF
:1085600033363F013309C9409317890063CA072096
:1085700033E82901E31508CC8147014431BFB385B5
:10858000984063810414B70680009307F07F33633B
:10859000D3006381F8209307800363CCB722FD47A3
:1085A00063C9B72C930700028D8F3318F300B356BD
:1085B000BF00B317FF003368D800B339F00033535E
:1085C000B300336838011A97B309D801B3B7D9019A
:1085D0003386E700C684CDB5E31108F213183500E1
:1085E0009317D301135838003368F80093573300BA
:1085F00011B7370580009307F07F3363A300E39240
:10860000F8E00E061318D7010D823368C80093579F
:1086100037003684C5B505179306000233D7E70047
:10862000630AD600930600043386C6403396C7001B
:10863000B3E9C90033383001B369E8000146814429
:108640001DBDB309DF01B307E30033BFE901338682
:10865000E701931786008544E3DF07E08944B70705
:1086600080FFFD17F18F13D7190013F81900336835
:1086700007019399F701B3E9090113D6170011B95E
:10868000138805FE93070002B3590701638AF500BA
:1086900093070004B385B7403317B700B3EEEE007D
:1086A0003338D00133683801A5BE3363E301333872
:1086B0006000B3890E41B3B73E013306F740C6846C
:1086C0003684ADB6B367E301638707189387F5FF78
:1086D000638C071C9306F07F638ED50ABE8565BD4B
:1086E000930700028D8FB3D9BE003318F700B39EF5
:1086F000FE00336838013357B700B339D00133680F
:1087000038013A9365B3131836009317D7011358FD
:10871000380033E8070136849357370095BBBDCB4B
:108720003367D701E31B07DC0E051318D3010D8156
:108730003368A8009357330075BBE30F08E21318A2
:1087400036009317D701135838003368F800368481
:108750009357370091B3B309DF41B307E340333F89
:108760003F013386E7418544D1B413183500931691
:10877000D3011358380033E80601935733009DBBEB
:10878000B389EE413306674033B93E0133092641D0
:10879000368475B40E061318D7010D823368C800ED
:1087A0009357370081BBB309DF41B307E34033364A
:1087B0003F013386C7409317860063D7070AB38902
:1087C000EE41B3076740B3BE3E013386D7413684DE
:1087D000C9B43363E30133386000FDB3138805FE89
:1087E00093070002B3590301638AF500930700045D
:1087F000B385B7403313B300336F6F003338E001F4
:10880000336838017DB5B389EE41B3076740B3BE25
:108810003E013386D7413684854409BC131836009F
:108820009317D701135838003368F800935737006F
:10883000A5B1B309DF01B307E30033BFE901338614
:10884000E70193178600E3D807C2B70780FFFD173B
:108850007D8E85440DB10E061318D7010D82336845
:10886000C800935737002DB133E8C900E30608D09C
:1088700019B1138805FE93070002B3590301638AF7
:10888000F50093070004B385B7403313B300336F8B
:108890006F003338E001336838013DB301441307FA
:1088A000F07FB70708002DBCB309DF01B307E30071
:1088B000B3BED9013386D70169BB93D74501B7064B
:1088C00010001387F6FF93F7F77F1306E03F6D8FD5
:1088D000FD81635CF6001306D041635AF60037054C
:1088E00000801345F5FF2E95828001458280130696
:1088F00030431D8E7D48558F635DC800930630411F
:10890000B387F640B357F7003305F040E5F13E85F5
:1089100082809387D7BEB317F7003355C500C98F40
:10892000E5B793D74501B70610001387F6FF93F715
:10893000F77F1306E03F2A886D8F0145FD81635460
:10894000F60099C1828082801306E0417D55E34B99
:10895000F6FE130530431D8D7D46558F634AA600F4
:108960009387D7BE3317F7003355A800598D8280FF
:1089700013053041B307F5403355F70082804111AC
:1089800006C622C426C20DCD9357F541B3C4A70035
:108990009D8C2A842685EFA05FD89306E041898EBE
:1089A000A9477D8093F6F67F63CDA7022D47098FF7
:1089B000B3D7E4005505B207B394A400B18329A04E
:1089C0000144814681478144B207D206B1837E04C7
:1089D000D58FC18FB24022442685BE859244410185
:1089E00082805515B397A400B207B1838144E9BFD3
:1089F0001DCD411122C406C62A84EFA01FD29306C2
:108A0000E041898EA94793F6F67F63DCA7025515EE
:108A1000B317A400B207B1830147B2402244B207A2
:108A2000D206B183D58F3A85BE85410182808147C8
:108A30008146B207D206B1830147D58F3A85BE85FC
:108A400082802D47098FB357E400B2071307550101
:108A50003317E400B183D1B79307800523A8F1C48D
:108A60007D5582809307800523A8F1C47D558280BF
:108A70009307800523A8F1C40145828093078005F0
:108A800023A8F1C47D5582809307800523A8F1C4F3
:108A90007D55828025730A0065706F63683A25757D
:108AA00020646174653A253032752E253032752E7A
:108AB000253032752074696D653A253032753A2556
:108AC0003032753A2530327500000000206C617438
:108AD0003A25752E25750000206C6F6E3A25752E8F
:108AE0002575207361743A256400000020616C7460
:108AF0003A25752E25303175000000002073706412
:108B00003A25752E25303275000000002064697208
:108B10003A25752E25303275000000000000C8424D
:108B20000000704224474E474741000024474E5200
:108B30004D43000058160000501700003618000082
:108B400048180000EE150000EE1500005018000057
:108B50008E18000076180000AE160000E016000027
:108B60002417000012180000DC150000207C2000F3
:108B70005B25735D20000000766F6C7400000000C0
:108B800072737400726D63006767610073796E635E
:108B9000000000006765740065706F636800000086
:108BA000253032752E253032752E25303275202530
:108BB0003032753A253032753A2530327500000072
:108BC000253032752E2530327520253032753A2504
:108BD0003032753A2530327500000000556E6B6EEC
:108BE0006F776E004348333258303335523854363D
:108BF000000000004348333258303335463855368C
:108C0000000000004348333258303335473855367A
:108C1000000000004348333258303335473852366D
:108C20000000000043483332583033354637503661
:108C30000000000043483332583033334638503652
:108C4000000000004348333258303335433854363F
:108C500000000000002474493333534000F07F4586
:108C6000747275650000000066616C736500000039
:108C70004572726F7220636F6D6D616E6420212585
:108C80007300000052657374617274696E672E2EF2
:108C90002E000000526573746172742E2E2E25739F
:108CA00025730000456E74657220746F20736C65C7
:108CB0006570206D6F64652028736C656570206D2C
:108CC0006F64653A2573290D0A00000045786974C0
:108CD0002066726F6D20736C656570206D6F6465C2
:108CE0002028736C656570206D6F64653A25732963
:108CF0000A000000766F6C743A25752E25303275A7
:108D00000A000000766F6C743A25752E2530367592
:108D10000A00000045706F63683D257525730000EB
:108D2000257325730000000020206C61743A253003
:108D300032752E253034750A00000000206C6F6EED
:108D4000673A253032752E253034750A0000000050
:108D5000207361743A256420616C743A25750000B3
:108D60006770734576740000212121206465764583
:108D700072726F723D25752021212125730000003C
:108D80006465764572726F723A25750025732052BC
:108D90004953432D563A25732053797374656D43B7
:108DA0006C6B3A2575487A2045706F63683A257573
:108DB00025730000524953432D56204348333258FF
:108DC0003033350047505320617070207665722E25
:108DD000303900000000000000000000000000002A
:108DE0000000000000000000000000000000000083
:108DF0000000000000000000000000000000000073
:108E00000000000000000000000000000000000062
:108E10000000000000000000000000000000000052
:108E20000000000000000000000000000000000042
:108E30000000000000000000000000000000000032
:108E40000000000000000000000000000000000022
:108E50000000000000000000000000000000000012
:108E60000000000000000000000000000000000002
:108E700000000000000000000000000000000000F2
:108E800000000000000000000000000000000000E2
:108E900000000000000000000000000000000000D2
:108EA00000000000000000000000000000000000C2
:108EB00000000000000000000000000000000000B2
:108EC000000000000000000000000000000E111172
:108ED0000E00000000000000000000000000065F1F
:108EE0005F0600000003030003030000147F7F14EB
:108EF0007F7F1400242E6B6B3A12000046663018F8
:108F00000C666200307A4F5D377A48000407030030
:108F100000000000001C3E63410000000041633E71
:108F20001C000000082A3E1C1C3E2A0808083E3E81
:108F3000080800000080E060000000000808080841
:108F40000808000000006060000000006030180C9D
:108F5000060301003E7F71594D7F3E0040427F7FF6
:108F600040400000627359496F660000226349491E
:108F70007F360000181C16537F7F50002767454539
:108F80007D3900003C7E4B49793000000303717944
:108F90000F070000367F49497F360000064F4969B8
:108FA0003F1E000000006666000000000080E666CC
:108FB00000000000081C3663410000002424242423
:108FC00024240000004163361C08000002035159AC
:108FD0000F0600003E7F415D5D1F1E007C7E131367
:108FE0007E7C0000417F7F49497F36001C3E634103
:108FF00041632200417F7F41633E1C00417F7F49E6
:109000005D416300417F7F491D0103001C3E6341B8
:10901000517372007F7F08087F7F000000417F7FCF
:1090200041000000307040417F3F0100417F7F08D8
:109030001C776300417F7F41406070007F7F0E1C82
:109040000E7F7F007F7F060C187F7F001C3E6341F0
:10905000633E1C00417F7F49090F06001E3F2171BE
:109060007F5E0000417F7F09197F6600266F4D59A2
:109070007332000003417F7F410300007F7F404047
:109080007F7F00001F3F60603F1F00007F7F301820
:10909000307F7F0043673C183C674300074F787878
:1090A0004F070000476371594D677300007F7F4190
:1090B000410000000103060C183060000041417FB0
:1090C0007F000000080C0603060C080080808080EA
:1090D0008080808000000307040000002074545446
:1090E0003C784000417F3F4848783000387C444419
:1090F0006C280000307848493F7F4000387C545449
:109100005C180000487E7F490302000098BCA4A4BC
:10911000F87C0400417F7F08047C780000447D7D5A
:109120004000000060E08080FD7D0000417F7F10F6
:10913000386C440000417F7F400000007C7C183880
:109140001C7C78007C7C04047C780000387C4444DF
:109150007C38000084FCF8A4243C1800183C24A4AB
:10916000F8FC8400447C784C041C1800485C54547F
:109170007424000000043E7F442400003C7C4040F6
:109180003C7C40001C3C60603C1C00003C7C703817
:10919000707C3C00446C3810386C44009CBCA0A02F
:1091A000FC7C00004C64745C4C64000008083E7752
:1091B0004141000000000077770000004141773E08
:1091C000080800000203010302030100FFFFFFFF84
:1091D000FFFFFF00F099FFFF1699FFFFEA99FFFFDD
:1091E0001E99FFFFEA99FFFFE498FFFFEA99FFFF4E
:1091F0001E99FFFF1699FFFF1699FFFFE498FFFFE6
:109200001E99FFFF2499FFFF2499FFFF2499FFFF78
:10921000E498FFFFD698FFFFD698FFFFAA99FFFFBB
:10922000869AFFFFAA99FFFFA498FFFFAA99FFFF64
:10923000869AFFFFD698FFFFD698FFFFA498FFFFFE
:10924000869AFFFFE498FFFFE498FFFFE498FFFF92
:10925000A498FFFF789CFFFFC69BFFFFC69BFFFF04
:10926000C49BFFFFCA9BFFFFCA9BFFFF9A9BFFFFA8
:10927000C49BFFFFCA9BFFFF9A9BFFFFCA9BFFFF98
:10928000C49BFFFF669CFFFF669CFFFF669CFFFF81
:109290009A9BFFFF0001020203030303040404047A
:1092A0000404040405050505050505050505050572
:1092B0000505050506060606060606060606060652
:1092C000060606060606060606060606060606063E
:1092D0000606060607070707070707070707070722
:1092E000070707070707070707070707070707070E
:1092F00007070707070707070707070707070707FE
:1093000007070707070707070707070707070707ED
:1093100007070707080808080808080808080808D1
:1093200008080808080808080808080808080808BD
:1093300008080808080808080808080808080808AD
:10934000080808080808080808080808080808089D
:10935000080808080808080808080808080808088D
:10936000080808080808080808080808080808087D
:10937000080808080808080808080808080808086D
:10938000080808080808080808080808080808085D
:109390000808080890A9FFFF7CA9FFFFAEA9FFFFFE
:1093A000B4A9FFFF90A9FFFF000000000000E03F0C
:1093B000000000000000F03F00000000000000403E
:1093C0000000C0FFFFFFDF419535A094FFFFDF3FA6
:1093D00035E5AF350000E03F9535A094FFFFCF3F66
:1093E0006E660000696E697479000000616E0000AD
:1093F00035000000CEFBFFFFCB03000001000000A2
:109400000000000034000000CEFBFFFFCB03000093
:109410000100000000000000BC89D897B2D29C3C3B
:1094200033A7A8D523F649393DA7F444FD0FA5324B
:109430009D978CCF08BA5B25436FAC6428066811F2
:10944000000000000000000000000000000000001C
:10945000000000000000000000000000000000000C
:1094600000000000000000000000000000000000FC
:1094700000000000000000000000000000000000EC
:1094800000000000000000000000000000000000DC
:1094900000000000000000000000000000000000CC
:1094A00043000000504F53495800000000000000E6
:1094B0000080E03779C34143176E05B5B5B89346D0
:1094C000F5F93FE9034F384D321D30F94877825A9C
:1094D0003CBF737FDD4F1575000000000000F03FBA
:1094E000000000000000244000000000000059407F
:1094F0000000000000408F40000000000088C340D2
:1095000000000000006AF8400000000080842E4146
:1095100000000000D01263410000000084D7974192
:109520000000000065CDCD41000000205FA0024298
:10953000000000E876483742000000A2941A6D420D
:10954000000040E59C30A2420000901EC4BCD64200
:1095500000003426F56B0C430080E03779C34143AB
:1095600000A0D8855734764300C84E676DC1AB4321
:10957000003D9160E458E143408CB5781DAF15443F
:1095800050EFE2D6E41A4B4492D54D06CFF080441A
:10959000F64AE1C7022DB544B49DD9794378EA442F
:1095A00005000000190000007D000000232D302B75
:1095B00020000000686C4C00656667454647000067
:1095C00030313233343536373839414243444546F9
:1095D00000000000303132333435363738396162BB
:1095E0006364656600000000002020202020202009
:1095F0002020282828282820202020202020202043
:109600002020202020202020208810101010101052
:10961000101010101010101010040404040404049E
:109620000404041010101010101041414141414138
:10963000010101010101010101010101010101011A
:10964000010101011010101010104242424242422A
:1096500002020202020202020202020202020202EA
:109660000202020210101010200000000000000092
:1096700000000000000000000000000000000000EA
:1096800000000000000000000000000000000000DA
:1096900000000000000000000000000000000000CA
:1096A00000000000000000000000000000000000BA
:1096B00000000000000000000000000000000000AA
:1096C000000000000000000000000000000000009A
:1096D000000000000000000000000000000000008A
:1096E00000000000000000000000000098E0FFFF04
:1096F0001CDFFFFF2CE0FFFF34E0FFFF2CE0FFFF4B
:109700004CDFFFFF2CE0FFFF34E0FFFF1CDFFFFF1B
:109710001CDFFFFF4CDFFFFF34E0FFFF8EE0FFFFA9
:109720008EE0FFFF8EE0FFFF4CDFFFFFA8E7FFFFAB
:109730009AE6FFFF9AE6FFFF98E6FFFFA0E6FFFF2D
:10974000A0E6FFFF66E6FFFF98E6FFFFA0E6FFFF4B
:1097500066E6FFFFA0E6FFFF98E6FFFF94E7FFFF46
:0C97600094E7FFFF94E7FFFF66E6FFFFC1
:10976C0001020304050607080102030405060708A5
:10977C000102030405060708010203040506070895
:10978C0000000000609400008094000040940000F1
:10979C0000000000000000000000000000000000BD
:1097AC0000000000000000000000000000000000AD
:1097BC00000000000000000000000000000000009D
:1097CC00000000000000000000000000000000008D
:1097DC00000000000000000000000000000000007D
:1097EC00430000000000000000000000000000002A
:1097FC00000000000000000000000000000000005D
:10980C004300000000000000000000000000000009
:10981C00000000000000000000000000000000003C
:10982C0043000000000000000000000000000000E9
:10983C00000000000000000000000000000000001C
:10984C0043000000000000000000000000000000C9
:10985C0000000000000000000000000000000000FC
:10986C0043000000000000000000000000000000A9
:10987C0000000000000000000000000000000000DC
:10988C004300000000000000000000000000000089
:10989C0000000000000000000000000000000000BC
:1098AC004300000000000000000000000000000069
:1098BC00000000000000000000000000000000009C
:1098CC009E6800008653000000000000E895000030
:1098DC00908C00004C8D00004C8D00004C8D0000D5
:1098EC004C8D00004C8D00004C8D00004C8D000008
:1098FC004C8D00004C8D0000FFFFFFFFFFFFFFFFB2
:10990C00FFFFFFFFFFFF00000100415343494900E7
:10991C00000000000000000000000000000000003B
:10992C0000000000000000000000415343494900C2
:10993C00000000000000000000000000000000001B
:10994C00000000000000000000000000000000000B
:10995C00248B00002C8B000000100000000C014038
:10996C0013000000C88C0000834BB16A01007FBB60
:10997C0001000000B48D0000C48D0000006CDC02FE
:10998C004444444444444444444444444406002031
:10999C0020000020000040402000002000000000BB
:00000001FF
