
Tracker.elf:     file format elf32-littleriscv
Tracker.elf
architecture: riscv:rv32, flags 0x00000112:
EXEC_P, HAS_SYMS, D_PAGED
start address 0x00000000

Program Header:
    LOAD off    0x00001000 vaddr 0x00000000 paddr 0x00000000 align 2**12
         filesz 0x00009724 memsz 0x00009724 flags r-x
    LOAD off    0x0000b000 vaddr 0x20000000 paddr 0x00009724 align 2**12
         filesz 0x00000240 memsz 0x00000640 flags rw-
    LOAD off    0x0000b800 vaddr 0x20004800 paddr 0x20004800 align 2**12
         filesz 0x00000000 memsz 0x00000800 flags rw-

Sections:
Idx Name          Size      VMA       LMA       File off  Algn
  0 .init         00000004  00000000  00000000  00001000  2**1
                  CONTENTS, ALLOC, LOAD, READONLY, CODE
  1 .vector       000000fc  00000004  00000004  00001004  2**1
                  CONTENTS, ALLOC, LOAD, READONLY, CODE
  2 .text         00009624  00000100  00000100  00001100  2**3
                  CONTENTS, ALLOC, LOAD, READONLY, CODE
  3 .fini         00000000  00009724  00009724  0000b240  2**0
                  CONTENTS, ALLOC, LOAD, CODE
  4 .dalign       00000000  20000000  20000000  0000b240  2**0
                  CONTENTS
  5 .dlalign      00000000  00009724  00009724  0000b240  2**0
                  CONTENTS
  6 .data         00000240  20000000  00009724  0000b000  2**2
                  CONTENTS, ALLOC, LOAD, DATA
  7 .bss          00000400  20000240  00009964  0000b240  2**2
                  ALLOC
  8 .stack        00000800  20004800  20004800  0000b800  2**0
                  ALLOC
  9 .debug_info   00015756  00000000  00000000  0000b240  2**0
                  CONTENTS, READONLY, DEBUGGING
 10 .debug_abbrev 00003798  00000000  00000000  00020996  2**0
                  CONTENTS, READONLY, DEBUGGING
 11 .debug_aranges 00000a98  00000000  00000000  00024130  2**3
                  CONTENTS, READONLY, DEBUGGING
 12 .debug_ranges 00000bb0  00000000  00000000  00024bc8  2**3
                  CONTENTS, READONLY, DEBUGGING
 13 .debug_line   0000f762  00000000  00000000  00025778  2**0
                  CONTENTS, READONLY, DEBUGGING
 14 .debug_str    00003427  00000000  00000000  00034eda  2**0
                  CONTENTS, READONLY, DEBUGGING
 15 .comment      00000033  00000000  00000000  00038301  2**0
                  CONTENTS, READONLY
 16 .debug_frame  00002f78  00000000  00000000  00038334  2**2
                  CONTENTS, READONLY, DEBUGGING
 17 .debug_loc    000059a4  00000000  00000000  0003b2ac  2**0
                  CONTENTS, READONLY, DEBUGGING
 18 .stab         00000084  00000000  00000000  00040c50  2**2
                  CONTENTS, READONLY, DEBUGGING
 19 .stabstr      00000117  00000000  00000000  00040cd4  2**0
                  CONTENTS, READONLY, DEBUGGING
SYMBOL TABLE:
00000000 l    d  .init	00000000 .init
00000004 l    d  .vector	00000000 .vector
00000100 l    d  .text	00000000 .text
00009724 l    d  .fini	00000000 .fini
20000000 l    d  .dalign	00000000 .dalign
00009724 l    d  .dlalign	00000000 .dlalign
20000000 l    d  .data	00000000 .data
20000240 l    d  .bss	00000000 .bss
20004800 l    d  .stack	00000000 .stack
00000000 l    d  .debug_info	00000000 .debug_info
00000000 l    d  .debug_abbrev	00000000 .debug_abbrev
00000000 l    d  .debug_aranges	00000000 .debug_aranges
00000000 l    d  .debug_ranges	00000000 .debug_ranges
00000000 l    d  .debug_line	00000000 .debug_line
00000000 l    d  .debug_str	00000000 .debug_str
00000000 l    d  .comment	00000000 .comment
00000000 l    d  .debug_frame	00000000 .debug_frame
00000000 l    d  .debug_loc	00000000 .debug_loc
00000000 l    d  .stab	00000000 .stab
00000000 l    d  .stabstr	00000000 .stabstr
00000000 l    df *ABS*	00000000 ./Startup/startup_ch32x035.o
00000004 l       .vector	00000000 _vector_base
00000000 l    df *ABS*	00000000 ch32x035_it.c
00000000 l    df *ABS*	00000000 gps.c
200002b8 l     O .bss	000001e0 item
00000000 l    df *ABS*	00000000 main.c
20000251 l     O .bss	00000001 led
00000000 l    df *ABS*	00000000 ssd1306.c
00000000 l    df *ABS*	00000000 system_ch32x035.c
00000000 l    df *ABS*	00000000 volt.c
00000000 l    df *ABS*	00000000 ch32x035_adc.c
00000000 l    df *ABS*	00000000 ch32x035_dbgmcu.c
00000000 l    df *ABS*	00000000 ch32x035_exti.c
00000000 l    df *ABS*	00000000 ch32x035_gpio.c
00000000 l    df *ABS*	00000000 ch32x035_misc.c
00000000 l    df *ABS*	00000000 ch32x035_pwr.c
00000000 l    df *ABS*	00000000 ch32x035_rcc.c
20000010 l     O .data	00000010 APBAHBPrescTable
00000000 l    df *ABS*	00000000 ch32x035_spi.c
00000000 l    df *ABS*	00000000 ch32x035_tim.c
00000000 l    df *ABS*	00000000 ch32x035_usart.c
00000000 l    df *ABS*	00000000 debug.c
2000026c l     O .bss	00000002 p_ms
2000026e l     O .bss	00000001 p_us
2000022c l     O .data	00000004 curbrk.4333
00000000 l    df *ABS*	00000000 addsf3.c
00000000 l    df *ABS*	00000000 divsf3.c
00000000 l    df *ABS*	00000000 lesf2.c
00000000 l    df *ABS*	00000000 mulsf3.c
00000000 l    df *ABS*	00000000 subsf3.c
00000000 l    df *ABS*	00000000 fixsfsi.c
00000000 l    df *ABS*	00000000 fixunssfsi.c
00000000 l    df *ABS*	00000000 floatsisf.c
00000000 l    df *ABS*	00000000 floatunsisf.c
00000000 l    df *ABS*	00000000 truncdfsf2.c
00000000 l    df *ABS*	00000000 libgcc2.c
00000000 l    df *ABS*	00000000 atof.c
00000000 l    df *ABS*	00000000 atoi.c
00000000 l    df *ABS*	00000000 atol.c
00000000 l    df *ABS*	00000000 calloc.c
00000000 l    df *ABS*	00000000 malloc.c
00000000 l    df *ABS*	00000000 memcpy.c
00000000 l    df *ABS*	00000000 nano-mallocr.c
00000000 l    df *ABS*	00000000 nano-mallocr.c
00000000 l    df *ABS*	00000000 nano-mallocr.c
00000000 l    df *ABS*	00000000 printf.c
00000000 l    df *ABS*	00000000 sbrkr.c
00000000 l    df *ABS*	00000000 sprintf.c
00000000 l    df *ABS*	00000000 strcat.c
00000000 l    df *ABS*	00000000 strchr.c
00000000 l    df *ABS*	00000000 strcpy.c
00000000 l    df *ABS*	00000000 strlen.c
00000000 l    df *ABS*	00000000 strncmp.c
00000000 l    df *ABS*	00000000 strstr.c
00000000 l    df *ABS*	00000000 strtod.c
00003b3c l     F .text	0000004e sulp
000093a8 l     O .text	00000014 fpi.3395
000093bc l     O .text	00000014 fpinan.3431
000093d0 l     O .text	00000028 tinytens
00000000 l    df *ABS*	00000000 strtol.c
00004812 l     F .text	0000013a _strtol_l.isra.0
00000000 l    df *ABS*	00000000 vsnprintf.c
00000000 l    df *ABS*	00000000 findfp.c
000049d8 l     F .text	00000066 std
00000000 l    df *ABS*	00000000 fwalk.c
00000000 l    df *ABS*	00000000 gdtoa-gethex.c
00004c06 l     F .text	00000076 rshift
00000000 l    df *ABS*	00000000 gdtoa-hexnan.c
00005186 l     F .text	0000002c L_shift
00000000 l    df *ABS*	00000000 locale.c
00000000 l    df *ABS*	00000000 localeconv.c
00000000 l    df *ABS*	00000000 mbtowc_r.c
00000000 l    df *ABS*	00000000 mlock.c
00000000 l    df *ABS*	00000000 mprec.c
00009558 l     O .text	0000000c p05.3319
00000000 l    df *ABS*	00000000 nano-vfprintf.c
00000000 l    df *ABS*	00000000 nano-vfprintf.c
00006058 l     F .text	00000026 __sfputc_r
00000000 l    df *ABS*	00000000 nano-vfprintf_i.c
00000000 l    df *ABS*	00000000 stdio.c
00000000 l    df *ABS*	00000000 wbuf.c
00000000 l    df *ABS*	00000000 wctomb_r.c
00000000 l    df *ABS*	00000000 writer.c
00000000 l    df *ABS*	00000000 wsetup.c
00000000 l    df *ABS*	00000000 closer.c
00000000 l    df *ABS*	00000000 fflush.c
00000000 l    df *ABS*	00000000 lseekr.c
00000000 l    df *ABS*	00000000 makebuf.c
00000000 l    df *ABS*	00000000 memchr.c
00000000 l    df *ABS*	00000000 memmove.c
00000000 l    df *ABS*	00000000 nano-mallocr.c
00000000 l    df *ABS*	00000000 readr.c
00000000 l    df *ABS*	00000000 fstatr.c
00000000 l    df *ABS*	00000000 isattyr.c
00000000 l    df *ABS*	00000000 nano-mallocr.c
00000000 l    df *ABS*	00000000 adddf3.c
00000000 l    df *ABS*	00000000 divdf3.c
00000000 l    df *ABS*	00000000 eqdf2.c
00000000 l    df *ABS*	00000000 gedf2.c
00000000 l    df *ABS*	00000000 ledf2.c
00000000 l    df *ABS*	00000000 muldf3.c
00000000 l    df *ABS*	00000000 subdf3.c
00000000 l    df *ABS*	00000000 fixdfsi.c
00000000 l    df *ABS*	00000000 fixunsdfsi.c
00000000 l    df *ABS*	00000000 floatsidf.c
00000000 l    df *ABS*	00000000 floatunsidf.c
00000000 l    df *ABS*	00000000 close.c
00000000 l    df *ABS*	00000000 fstat.c
00000000 l    df *ABS*	00000000 isatty.c
00000000 l    df *ABS*	00000000 lseek.c
00000000 l    df *ABS*	00000000 read.c
00000000 l    df *ABS*	00000000 libgcc2.c
00000000 l    df *ABS*	00000000 ctype_.c
00000000 l    df *ABS*	00000000 impure.c
20000020 l     O .data	00000060 impure_data
00000000 l    df *ABS*	00000000 reent.c
00006dc2 g     F .text	00000014 _malloc_usable_size_r
00005cc4 g     F .text	00000046 __any_on
00006d98 g     F .text	0000002a _isatty_r
00003abe g     F .text	00000010 strcpy
2000020e g     O .data	00000002 psc
200005fc g     O .bss	00000040 tmp
00006b72 g     F .text	0000002e _lseek_r
00007aba g     F .text	0000006a .hidden __eqdf2
20000200 g     O .data	00000002 arr
000039d6 g     F .text	00000042 printf
200009f0 g       .data	00000000 __global_pointer$
00000108 g     F .text	00000028 .hidden __riscv_save_8
00001e3c  w      .text	00000000 TIM1_CC_IRQHandler
00001e3c  w      .text	00000000 TIM2_UP_IRQHandler
0000676e g     F .text	00000030 __sseek
00004a90 g     F .text	0000006c __sinit
00002420 g     F .text	00000014 SPI_I2S_SendData
000067a4 g     F .text	000000be __swbuf_r
0000020a g     F .text	00000010 HardFault_Handler
00004a48 g     F .text	00000048 __sfmoreglue
20000220 g     O .data	00000004 CFGHR_tmpA
0000537e g     F .text	00000002 __malloc_unlock
00001e3c  w      .text	00000000 USBPD_IRQHandler
00000860 g     F .text	000000e2 EpochToDateTime
00000154 g     F .text	0000000c .hidden __riscv_restore_3
000029ce g     F .text	000002b2 .hidden __divsf3
00001e3c  w      .text	00000000 SysTick_Handler
00004c7c g     F .text	00000040 __hexdig_fun
000022a6 g     F .text	00000054 NVIC_Init
000013ba g     F .text	000000b6 chipName
00001e3c  w      .text	00000000 PVD_IRQHandler
00006ca0 g     F .text	00000046 memmove
00000140 g     F .text	00000020 .hidden __riscv_restore_10
20000234 g     O .data	00000004 volt_porog
00000208 g     F .text	00000002 NMI_Handler
00005380 g     F .text	0000008c _Balloc
00003328 g     F .text	00000062 .hidden __fixsfsi
00001c1a g     F .text	000000c4 OLED_text_xy
00000108 g     F .text	00000028 .hidden __riscv_save_11
00002018 g     F .text	0000000a DBGMCU_GetCHIPID
00007b24 g     F .text	000000ae .hidden __gtdf2
0000375a g     F .text	00000008 atol
00005344 g     F .text	00000006 __localeconv_l
0000259a g     F .text	0000000a USART_GetFlagStatus
00006d6c g     F .text	0000002c _fstat_r
000007de g     F .text	00000082 DateTimeToEpoch
2000063c g     O .bss	00000004 errno
200004d8 g     O .bss	00000080 RxGps
20000240 g       .bss	00000000 _sbss
00000800 g       *ABS*	00000000 __stack_size
00002002 g     F .text	0000000a ADC_GetFlagStatus
000002bc g     F .text	00000082 splitMsg
00001e3c  w      .text	00000000 EXTI25_16_IRQHandler
00000260 g     F .text	0000005c gpsToDec
000010cc g     F .text	0000003c GPIO_ConfigOut
00000942 g     F .text	0000003e initRECQ
00002fa0 g     F .text	00000388 .hidden __subsf3
00001d5a g     F .text	00000036 voltPinInit
00001e3c  w      .text	00000000 USBFS_IRQHandler
00000154 g     F .text	0000000c .hidden __riscv_restore_2
20000208 g     O .data	00000004 epoch
00003782 g     F .text	000000b2 memcpy
000051e0 g     F .text	0000015e __hexnan
00001f1a g     F .text	00000010 ADC_Cmd
00001b9a g     F .text	00000062 OLED_Init
00004a3e g     F .text	0000000a _cleanup_r
00005dee g     F .text	0000026a _svfprintf_r
00008942 g     F .text	00000072 .hidden __floatsidf
00007bd2 g     F .text	000000b6 .hidden __ltdf2
00001318 g     F .text	000000a2 Report
2000021c g     O .data	00000004 SystemCoreClock
00005c1a g     F .text	00000074 __ratio
00002592 g     F .text	00000008 USART_ReceiveData
20000244 g     O .bss	00000002 devError
200001fc g     O .data	00000004 LedPort
0000376e g     F .text	0000000a malloc
20000246 g     O .bss	00000001 evt
00008a28 g     F .text	0000000c _fstat
00001248 g     F .text	000000d0 spi_init
00009490 g     O .text	000000c8 __mprec_tens
00000004 g       .init	00000000 _einit
000024a2 g     F .text	0000000c TIM_ClearITPendingBit
000049c6 g     F .text	00000012 vsnprintf
00002c80 g     F .text	0000008c .hidden __lesf2
000023b2 g     F .text	0000001e RCC_APB2PeriphClockCmd
000088e6 g     F .text	0000005c .hidden __fixunsdfsi
0000200c g     F .text	0000000c ADC_CLKConfig
00000100 g     F .text	00000030 .hidden __riscv_save_12
000011fa g     F .text	0000004e calcTime
000020b4 g     F .text	0000018e GPIO_Init
00001e3c  w      .text	00000000 Break_Point_Handler
00001e3c  w      .text	00000000 TIM2_TRG_COM_IRQHandler
00001108 g     F .text	0000002c Leds
00001d90 g     F .text	00000012 ledVolt
0000563c g     F .text	0000001c __i2b
00000140 g     F .text	00000020 .hidden __riscv_restore_11
00001e3c  w      .text	00000000 TIM2_CC_IRQHandler
20000268 g     O .bss	00000004 NVIC_Priority_Group
00001e3c  w      .text	00000000 SPI1_IRQHandler
0000253e g     F .text	00000016 USART_Cmd
00003a18 g     F .text	0000002a _sbrk_r
20000248 g     O .bss	00000001 ind_gps
00000130 g     F .text	0000000c .hidden __riscv_save_1
00000154 g     F .text	0000000c .hidden __riscv_restore_0
0000021a g     F .text	00000046 gpsValidate
00001e3c  w      .text	00000000 AWU_IRQHandler
00000b18 g     F .text	0000013c EXTI7_0_IRQHandler
00006d3e g     F .text	0000002e _read_r
00000116 g     F .text	0000001a .hidden __riscv_save_7
000019ba g     F .text	0000003e OLED_RESET
000023d0 g     F .text	0000001e RCC_APB1PeriphClockCmd
00006dd6 g     F .text	00000730 .hidden __adddf3
00001e3c  w      .text	00000000 Ecall_M_Mode_Handler
20004800 g       .stack	00000000 _heap_end
00005a92 g     F .text	000000b4 __b2d
00001b04 g     F .text	00000096 OLED_clear_lines
00008a34 g     F .text	0000000c _isatty
20000238 g     O .data	00000004 _global_impure_ptr
0000014a g     F .text	00000016 .hidden __riscv_restore_5
20000278 g     O .bss	0000003d GPS
00006ce6 g     F .text	00000058 _realloc_r
00001e3c  w      .text	00000000 DMA1_Channel4_IRQHandler
00001f42 g     F .text	000000b8 ADC_RegularChannelConfig
00009468 g     O .text	00000028 __mprec_bigtens
000054e8 g     F .text	000000a4 __s2b
000089b4 g     F .text	00000068 .hidden __floatunsidf
00001e3c  w      .text	00000000 ADC1_IRQHandler
0000263e g     F .text	00000026 _sbrk
00005928 g     F .text	00000032 __mcmp
00001e3c  w      .text	00000000 TIM2_BRK_IRQHandler
00001ffa g     F .text	00000008 ADC_GetConversionValue
0000494c g     F .text	0000001e strtol
2000025c g     O .bss	00000001 set_new_time
0000014a g     F .text	00000016 .hidden __riscv_restore_6
20000214 g     O .data	00000004 uname
00001e3c  w      .text	00000000 USART3_IRQHandler
20000250 g     O .bss	00000001 key_val
000020aa g     F .text	0000000a EXTI_ClearITPendingBit
00003b8a g     F .text	00000c6c _strtod_l
000051b2 g     F .text	0000002e __match
20000640 g       .bss	00000000 _ebss
00001e3c  w      .text	00000000 DMA1_Channel7_IRQHandler
00001f2a g     F .text	00000018 ADC_SoftwareStartConvCmd
000049c6 g     F .text	00000012 vsniprintf
0000558c g     F .text	00000046 __hi0bits
0000887e g     F .text	00000068 .hidden __fixdfsi
00003762 g     F .text	0000000c calloc
000025a4 g     F .text	00000026 Delay_Init
000047f6 g     F .text	0000001c strtod
0000374c g     F .text	00000006 atof
00001e3c  w      .text	00000000 USBPDWakeUp_IRQHandler
00001e3c  w      .text	00000000 EXTI15_8_IRQHandler
20000252 g     O .bss	00000001 pps_enable
20000247 g     O .bss	00000001 ind
0000224c g     F .text	0000000e GPIO_SetBits
00001a78 g     F .text	0000006a OLED_clear_line
00007bd2 g     F .text	000000b6 .hidden __ledf2
00000108 g     F .text	00000028 .hidden __riscv_save_9
0000225e g     F .text	00000014 GPIO_WriteBit
00003a88 g     F .text	0000001e strcat
0000579c g     F .text	000000be __pow5mult
2000025d g     O .bss	00000001 sleep_mode
000093f8 g     O .text	00000020 __sf_fake_stderr
00000116 g     F .text	0000001a .hidden __riscv_save_4
00001e3c  w      .text	00000000 I2C1_EV_IRQHandler
0000033e g     F .text	00000080 hexToBin
00000e9a g     F .text	000001aa USART4_IRQHandler
200001f0 g     O .data	00000008 nmea
00005d0a g     F .text	000000e4 __ssputs_r
0000248a g     F .text	00000018 TIM_GetITStatus
00002374 g     F .text	0000003e RCC_GetClocksFreq
00001e3c  w      .text	00000000 DMA1_Channel6_IRQHandler
000036de g     F .text	0000006e .hidden __clzsi2
0000607e g     F .text	00000042 __sfputs_r
00006c88 g     F .text	00000018 memchr
000024ae g     F .text	00000090 USART_Init
0000385a g     F .text	000000a8 _free_r
00001e3c  w      .text	00000000 TIM3_IRQHandler
00001044 g     F .text	00000088 TIM1_Init
00000130 g     F .text	0000000c .hidden __riscv_save_3
00001e3c  w      .text	00000000 TIM1_TRG_COM_IRQHandler
20000228 g     O .data	00000004 CFGHR_tmpC
00001e3c  w      .text	00000000 DMA1_Channel1_IRQHandler
00000000 g       .init	00000000 _start
20000000 g     O .data	00000010 AHBPrescTable
00003b08 g     F .text	00000034 strstr
00008a40 g     F .text	0000000c _lseek
0000585a g     F .text	000000ce __lshift
00000980 g     F .text	00000070 putRECQ
000033e0 g     F .text	000000c6 .hidden __floatsisf
20000260 g     O .bss	00000004 buffer
00003ae0 g     F .text	00000028 strncmp
00000698 g     F .text	00000116 gpsPrint
00002554 g     F .text	00000036 USART_ITConfig
00002022 g     F .text	0000006a EXTI_Init
00005658 g     F .text	00000144 __multiply
20000249 g     O .bss	00000001 inv
00005b46 g     F .text	000000d4 __d2b
00001e3c  w      .text	00000000 DMA1_Channel8_IRQHandler
20000210 g     O .data	00000001 set_time
0000225a g     F .text	00000004 GPIO_ResetBits
2000024a g     O .bss	00000001 key_enable
000069ae g     F .text	0000002a _close_r
20000000 g       .dalign	00000000 _data_vma
00000df8 g     F .text	000000a2 InitUSART4
000009f0 g     F .text	0000009a getRECQ
00001470 g     F .text	00000032 prnInfo
000068ae g     F .text	00000100 __swsetup_r
00001e3c  w      .text	00000000 PIOC_IRQHandler
00007506 g     F .text	000005b4 .hidden __divdf3
00004afc g     F .text	000000a0 __sfp
00005c8e g     F .text	00000036 __copybits
000019f8 g     F .text	0000005c I2C_WriteDatas
00002272 g     F .text	0000002e GPIO_EXTILineConfig
0000496a g     F .text	0000005c _vsnprintf_r
00007c88 g     F .text	000004b8 .hidden __muldf3
00000108 g     F .text	00000028 .hidden __riscv_save_10
000066fa g     F .text	0000002c __sread
20000204 g     O .data	00000004 eol
0000537c g     F .text	00000002 __malloc_lock
0000014a g     F .text	00000016 .hidden __riscv_restore_4
00000140 g     F .text	00000020 .hidden __riscv_restore_8
00006b0a g     F .text	00000068 _fflush_r
00000116 g     F .text	0000001a .hidden __riscv_save_6
00003834 g     F .text	00000026 _calloc_r
0000208c g     F .text	0000001e EXTI_GetITStatus
20000254 g     O .bss	00000001 queFlag
00001ae2 g     F .text	00000022 OLED_Clear
00009418 g     O .text	00000020 __sf_fake_stdin
000022fa g     F .text	0000007a PWR_EnterSTOPMode
00000160 g     F .text	000000a8 memset
00000140 g     F .text	00000020 .hidden __riscv_restore_9
0000014a g     F .text	00000016 .hidden __riscv_restore_7
000014a2 g     F .text	00000518 main
00002c80 g     F .text	0000008c .hidden __ltsf2
2000020c g     O .data	00000001 oledOnOff
0000679e g     F .text	00000006 __sclose
00003574 g     F .text	0000016a .hidden __truncdfsf2
00003902 g     F .text	000000d4 _malloc_r
00006862 g     F .text	0000001e __ascii_wctomb
20000253 g     O .bss	00000001 pps_val
00001e3c  w      .text	00000000 DMA1_Channel5_IRQHandler
000025ca g     F .text	00000036 Delay_Ms
00002d0c g     F .text	00000294 .hidden __mulsf3
20000224 g     O .data	00000004 CFGHR_tmpB
00001cde g     F .text	00000042 SystemInit
00007aba g     F .text	0000006a .hidden __nedf2
000039d6 g     F .text	00000042 iprintf
00003a42 g     F .text	00000046 sprintf
00009248 g     O .text	00000100 .hidden __clz_tab
00000000 g       .init	00000000 _sinit
00006880 g     F .text	0000002e _write_r
20000241 g     O .bss	00000001 gps_valid
00001e3c  w      .text	00000000 DMA1_Channel3_IRQHandler
000003be g     F .text	000002da gpsParse
0000634c g     F .text	0000010c _printf_common
20000230 g     O .data	00000004 _impure_ptr
00001e0a g     F .text	00000032 Get_ADC_Val
00001da2 g     F .text	00000068 ADC_Function_Init
00001134 g     F .text	000000c6 TIM1_UP_IRQHandler
000069d8 g     F .text	00000132 __sflush_r
00000a8a g     F .text	0000008e PPS_INIT
00005dee g     F .text	0000026a _svfiprintf_r
20000218 g     O .data	00000004 ver
00001e3c  w      .text	00000000 WWDG_IRQHandler
0000534a g     F .text	00000032 __ascii_mbtowc
00001e3c  w      .text	00000000 Ecall_U_Mode_Handler
00005a4c g     F .text	00000046 __ulp
20000498 g     O .bss	00000040 RxBuff
20005000 g       .stack	00000000 _eusrstack
00000130 g     F .text	0000000c .hidden __riscv_save_2
0000496a g     F .text	0000005c _vsniprintf_r
00001e3c  w      .text	00000000 SW_Handler
000007ae g     F .text	00000030 floatPart
00000c54 g     F .text	00000096 InitUSART2
00001e3c  w      .text	00000000 TIM1_BRK_IRQHandler
00006ba0 g     F .text	00000056 __swhatbuf_r
00001ec4 g     F .text	00000056 ADC_Init
0000258a g     F .text	00000008 USART_SendData
00001e3c  w      .text	00000000 OPA_IRQHandler
20000558 g     O .bss	000000a4 queEvt
00000116 g     F .text	0000001a .hidden __riscv_save_5
00002600 g     F .text	0000003e _write
20000240 g       .data	00000000 _edata
20000264 g     O .bss	00000004 volt
20000640 g       .bss	00000000 _end
00002434 g     F .text	00000056 TIM_TimeBaseInit
00009724 g       .dlalign	00000000 _data_lma
00000cea g     F .text	0000010e USART2_IRQHandler
00006726 g     F .text	00000048 __swrite
000060c0 g     F .text	0000028c _vfiprintf_r
00004b9c g     F .text	0000006a _fwalk_reent
00001d20 g     F .text	0000003a SystemCoreClockUpdate
000034a6 g     F .text	000000ce .hidden __floatunsisf
0000595a g     F .text	000000f2 __mdiff
2000024c g     O .bss	00000004 key_tmr
00001e3c  w      .text	00000000 DMA1_Channel2_IRQHandler
00009438 g     O .text	00000020 __sf_fake_stdout
00003a42 g     F .text	00000046 siprintf
00003752 g     F .text	00000008 atoi
0000013c g     F .text	00000024 .hidden __riscv_restore_12
000095a0 g     O .text	00000101 _ctype_
00008a4c g     F .text	0000000c _read
00001e3e  w      .text	00000000 handle_reset
0000338a g     F .text	00000056 .hidden __fixunssfsi
00001e3c  w      .text	00000000 FLASH_IRQHandler
00000130 g     F .text	0000000c .hidden __riscv_save_0
00001e3c  w      .text	00000000 USBFSWakeUp_IRQHandler
20000240 g     O .bss	00000001 gga
200001f8 g     O .data	00000002 LedPin
00001e3c  w      .text	00000000 USART1_IRQHandler
00006bf6 g     F .text	00000092 __smakebuf_r
00003ace g     F .text	00000012 strlen
00006458 g     F .text	000002a2 _printf_i
0000533e g     F .text	00000006 __locale_ctype_ptr_l
00007b24 g     F .text	000000ae .hidden __gedf2
00004cbc g     F .text	000004ca __gethex
20000274 g     O .bss	00000004 __malloc_sbrk_start
00001bfc g     F .text	0000001e OLED_calcx
00001e3c  w      .text	00000000 I2C1_ER_IRQHandler
00003aa6 g     F .text	00000018 strchr
000023ee g     F .text	00000032 SPI_Init
000022a0 g     F .text	00000006 NVIC_PriorityGroupConfig
20000270 g     O .bss	00000004 __malloc_free_list
20000242 g     O .bss	00000001 rmc
00000154 g     F .text	0000000c .hidden __riscv_restore_1
00008140 g     F .text	0000073e .hidden __subdf3
000060c0 g     F .text	0000028c _vfprintf_r
000055d2 g     F .text	0000006a __lo0bits
00001a54 g     F .text	00000024 OLED_on
00002242 g     F .text	0000000a GPIO_ReadInputDataBit
00002664 g     F .text	0000036a .hidden __addsf3
20000080 g     O .data	0000016c __global_locale
00008d88 g     O .text	00000400 font8x8
00008a1c g     F .text	0000000c _close
00003778 g     F .text	0000000a free
00005450 g     F .text	00000098 __multadd
0000540c g     F .text	00000044 _Bfree
20000258 g     O .bss	00000004 seconda



Disassembly of section .init:

00000000 <_sinit>:
   0:	63f0106f          	j	1e3e <handle_reset>

Disassembly of section .vector:

00000004 <_vector_base>:
	...
   c:	0208                	addi	a0,sp,256
   e:	0000                	unimp
  10:	020a                	slli	tp,tp,0x2
  12:	0000                	unimp
  14:	0000                	unimp
  16:	0000                	unimp
  18:	1e3c                	addi	a5,sp,824
	...
  22:	0000                	unimp
  24:	1e3c                	addi	a5,sp,824
  26:	0000                	unimp
  28:	1e3c                	addi	a5,sp,824
	...
  32:	0000                	unimp
  34:	1e3c                	addi	a5,sp,824
  36:	0000                	unimp
  38:	0000                	unimp
  3a:	0000                	unimp
  3c:	1e3c                	addi	a5,sp,824
  3e:	0000                	unimp
  40:	0000                	unimp
  42:	0000                	unimp
  44:	1e3c                	addi	a5,sp,824
  46:	0000                	unimp
  48:	1e3c                	addi	a5,sp,824
  4a:	0000                	unimp
  4c:	1e3c                	addi	a5,sp,824
  4e:	0000                	unimp
  50:	0000                	unimp
  52:	0000                	unimp
  54:	0b18                	addi	a4,sp,400
  56:	0000                	unimp
  58:	1e3c                	addi	a5,sp,824
  5a:	0000                	unimp
  5c:	1e3c                	addi	a5,sp,824
  5e:	0000                	unimp
  60:	1e3c                	addi	a5,sp,824
  62:	0000                	unimp
  64:	1e3c                	addi	a5,sp,824
  66:	0000                	unimp
  68:	1e3c                	addi	a5,sp,824
  6a:	0000                	unimp
  6c:	1e3c                	addi	a5,sp,824
  6e:	0000                	unimp
  70:	1e3c                	addi	a5,sp,824
  72:	0000                	unimp
  74:	1e3c                	addi	a5,sp,824
  76:	0000                	unimp
  78:	1e3c                	addi	a5,sp,824
  7a:	0000                	unimp
  7c:	1e3c                	addi	a5,sp,824
  7e:	0000                	unimp
  80:	1e3c                	addi	a5,sp,824
  82:	0000                	unimp
  84:	1e3c                	addi	a5,sp,824
  86:	0000                	unimp
  88:	1e3c                	addi	a5,sp,824
  8a:	0000                	unimp
  8c:	1e3c                	addi	a5,sp,824
  8e:	0000                	unimp
  90:	1134                	addi	a3,sp,168
  92:	0000                	unimp
  94:	1e3c                	addi	a5,sp,824
  96:	0000                	unimp
  98:	1e3c                	addi	a5,sp,824
  9a:	0000                	unimp
  9c:	1e3c                	addi	a5,sp,824
  9e:	0000                	unimp
  a0:	0cea                	slli	s9,s9,0x1a
  a2:	0000                	unimp
  a4:	1e3c                	addi	a5,sp,824
  a6:	0000                	unimp
  a8:	1e3c                	addi	a5,sp,824
  aa:	0000                	unimp
  ac:	1e3c                	addi	a5,sp,824
  ae:	0000                	unimp
  b0:	0e9a                	slli	t4,t4,0x6
  b2:	0000                	unimp
  b4:	1e3c                	addi	a5,sp,824
  b6:	0000                	unimp
  b8:	1e3c                	addi	a5,sp,824
  ba:	0000                	unimp
  bc:	1e3c                	addi	a5,sp,824
  be:	0000                	unimp
  c0:	1e3c                	addi	a5,sp,824
  c2:	0000                	unimp
  c4:	1e3c                	addi	a5,sp,824
  c6:	0000                	unimp
  c8:	1e3c                	addi	a5,sp,824
  ca:	0000                	unimp
  cc:	1e3c                	addi	a5,sp,824
  ce:	0000                	unimp
  d0:	1e3c                	addi	a5,sp,824
  d2:	0000                	unimp
  d4:	1e3c                	addi	a5,sp,824
  d6:	0000                	unimp
  d8:	1e3c                	addi	a5,sp,824
  da:	0000                	unimp
  dc:	1e3c                	addi	a5,sp,824
	...

Disassembly of section .text:

00000100 <__riscv_save_12>:
     100:	7139                	addi	sp,sp,-64
     102:	4301                	li	t1,0
     104:	c66e                	sw	s11,12(sp)
     106:	a019                	j	10c <__riscv_save_10+0x4>

00000108 <__riscv_save_10>:
     108:	7139                	addi	sp,sp,-64
     10a:	5341                	li	t1,-16
     10c:	c86a                	sw	s10,16(sp)
     10e:	ca66                	sw	s9,20(sp)
     110:	cc62                	sw	s8,24(sp)
     112:	ce5e                	sw	s7,28(sp)
     114:	a019                	j	11a <__riscv_save_4+0x4>

00000116 <__riscv_save_4>:
     116:	7139                	addi	sp,sp,-64
     118:	5301                	li	t1,-32
     11a:	d05a                	sw	s6,32(sp)
     11c:	d256                	sw	s5,36(sp)
     11e:	d452                	sw	s4,40(sp)
     120:	d64e                	sw	s3,44(sp)
     122:	d84a                	sw	s2,48(sp)
     124:	da26                	sw	s1,52(sp)
     126:	dc22                	sw	s0,56(sp)
     128:	de06                	sw	ra,60(sp)
     12a:	40610133          	sub	sp,sp,t1
     12e:	8282                	jr	t0

00000130 <__riscv_save_0>:
     130:	1141                	addi	sp,sp,-16
     132:	c04a                	sw	s2,0(sp)
     134:	c226                	sw	s1,4(sp)
     136:	c422                	sw	s0,8(sp)
     138:	c606                	sw	ra,12(sp)
     13a:	8282                	jr	t0

0000013c <__riscv_restore_12>:
     13c:	4db2                	lw	s11,12(sp)
     13e:	0141                	addi	sp,sp,16

00000140 <__riscv_restore_10>:
     140:	4d02                	lw	s10,0(sp)
     142:	4c92                	lw	s9,4(sp)
     144:	4c22                	lw	s8,8(sp)
     146:	4bb2                	lw	s7,12(sp)
     148:	0141                	addi	sp,sp,16

0000014a <__riscv_restore_4>:
     14a:	4b02                	lw	s6,0(sp)
     14c:	4a92                	lw	s5,4(sp)
     14e:	4a22                	lw	s4,8(sp)
     150:	49b2                	lw	s3,12(sp)
     152:	0141                	addi	sp,sp,16

00000154 <__riscv_restore_0>:
     154:	4902                	lw	s2,0(sp)
     156:	4492                	lw	s1,4(sp)
     158:	4422                	lw	s0,8(sp)
     15a:	40b2                	lw	ra,12(sp)
     15c:	0141                	addi	sp,sp,16
     15e:	8082                	ret

00000160 <memset>:
     160:	433d                	li	t1,15
     162:	872a                	mv	a4,a0
     164:	02c37363          	bgeu	t1,a2,18a <memset+0x2a>
     168:	00f77793          	andi	a5,a4,15
     16c:	efbd                	bnez	a5,1ea <memset+0x8a>
     16e:	e5ad                	bnez	a1,1d8 <memset+0x78>
     170:	ff067693          	andi	a3,a2,-16
     174:	8a3d                	andi	a2,a2,15
     176:	96ba                	add	a3,a3,a4
     178:	c30c                	sw	a1,0(a4)
     17a:	c34c                	sw	a1,4(a4)
     17c:	c70c                	sw	a1,8(a4)
     17e:	c74c                	sw	a1,12(a4)
     180:	0741                	addi	a4,a4,16
     182:	fed76be3          	bltu	a4,a3,178 <memset+0x18>
     186:	e211                	bnez	a2,18a <memset+0x2a>
     188:	8082                	ret
     18a:	40c306b3          	sub	a3,t1,a2
     18e:	068a                	slli	a3,a3,0x2
     190:	00000297          	auipc	t0,0x0
     194:	9696                	add	a3,a3,t0
     196:	00a68067          	jr	10(a3)
     19a:	00b70723          	sb	a1,14(a4)
     19e:	00b706a3          	sb	a1,13(a4)
     1a2:	00b70623          	sb	a1,12(a4)
     1a6:	00b705a3          	sb	a1,11(a4)
     1aa:	00b70523          	sb	a1,10(a4)
     1ae:	00b704a3          	sb	a1,9(a4)
     1b2:	00b70423          	sb	a1,8(a4)
     1b6:	00b703a3          	sb	a1,7(a4)
     1ba:	00b70323          	sb	a1,6(a4)
     1be:	00b702a3          	sb	a1,5(a4)
     1c2:	00b70223          	sb	a1,4(a4)
     1c6:	00b701a3          	sb	a1,3(a4)
     1ca:	00b70123          	sb	a1,2(a4)
     1ce:	00b700a3          	sb	a1,1(a4)
     1d2:	00b70023          	sb	a1,0(a4)
     1d6:	8082                	ret
     1d8:	0ff5f593          	andi	a1,a1,255
     1dc:	00859693          	slli	a3,a1,0x8
     1e0:	8dd5                	or	a1,a1,a3
     1e2:	01059693          	slli	a3,a1,0x10
     1e6:	8dd5                	or	a1,a1,a3
     1e8:	b761                	j	170 <memset+0x10>
     1ea:	00279693          	slli	a3,a5,0x2
     1ee:	00000297          	auipc	t0,0x0
     1f2:	9696                	add	a3,a3,t0
     1f4:	8286                	mv	t0,ra
     1f6:	fa8680e7          	jalr	-88(a3)
     1fa:	8096                	mv	ra,t0
     1fc:	17c1                	addi	a5,a5,-16
     1fe:	8f1d                	sub	a4,a4,a5
     200:	963e                	add	a2,a2,a5
     202:	f8c374e3          	bgeu	t1,a2,18a <memset+0x2a>
     206:	b7a5                	j	16e <memset+0xe>

00000208 <NMI_Handler>:
     208:	a001                	j	208 <NMI_Handler>

0000020a <HardFault_Handler>:
     20a:	beef07b7          	lui	a5,0xbeef0
     20e:	e000e737          	lui	a4,0xe000e
     212:	08078793          	addi	a5,a5,128 # beef0080 <_eusrstack+0x9eeeb080>
     216:	c73c                	sw	a5,72(a4)
     218:	a001                	j	218 <HardFault_Handler+0xe>

0000021a <gpsValidate>:
     21a:	f17ff2ef          	jal	t0,130 <__riscv_save_0>
     21e:	84aa                	mv	s1,a0
     220:	0af030ef          	jal	ra,3ace <strlen>
     224:	47b5                	li	a5,13
     226:	02a7fb63          	bgeu	a5,a0,25c <gpsValidate+0x42>
     22a:	00048683          	lb	a3,0(s1)
     22e:	02400713          	li	a4,36
     232:	4781                	li	a5,0
     234:	02e69263          	bne	a3,a4,258 <gpsValidate+0x3e>
     238:	20000437          	lui	s0,0x20000
     23c:	1f040413          	addi	s0,s0,496 # 200001f0 <nmea>
     240:	400c                	lw	a1,0(s0)
     242:	8526                	mv	a0,s1
     244:	0c5030ef          	jal	ra,3b08 <strstr>
     248:	4785                	li	a5,1
     24a:	e519                	bnez	a0,258 <gpsValidate+0x3e>
     24c:	404c                	lw	a1,4(s0)
     24e:	8526                	mv	a0,s1
     250:	0b9030ef          	jal	ra,3b08 <strstr>
     254:	00a037b3          	snez	a5,a0
     258:	853e                	mv	a0,a5
     25a:	bded                	j	154 <__riscv_restore_0>
     25c:	4781                	li	a5,0
     25e:	bfed                	j	258 <gpsValidate+0x3e>

00000260 <gpsToDec>:
     260:	ed1ff2ef          	jal	t0,130 <__riscv_save_0>
     264:	000097b7          	lui	a5,0x9
     268:	842e                	mv	s0,a1
     26a:	ae07a583          	lw	a1,-1312(a5) # 8ae0 <_read+0x94>
     26e:	892a                	mv	s2,a0
     270:	986d                	andi	s0,s0,-5
     272:	75c020ef          	jal	ra,29ce <__divsf3>
     276:	0b2030ef          	jal	ra,3328 <__fixsfsi>
     27a:	84aa                	mv	s1,a0
     27c:	06400513          	li	a0,100
     280:	02a48533          	mul	a0,s1,a0
     284:	15c030ef          	jal	ra,33e0 <__floatsisf>
     288:	85aa                	mv	a1,a0
     28a:	854a                	mv	a0,s2
     28c:	515020ef          	jal	ra,2fa0 <__subsf3>
     290:	000097b7          	lui	a5,0x9
     294:	ae47a583          	lw	a1,-1308(a5) # 8ae4 <_read+0x98>
     298:	736020ef          	jal	ra,29ce <__divsf3>
     29c:	892a                	mv	s2,a0
     29e:	8526                	mv	a0,s1
     2a0:	140030ef          	jal	ra,33e0 <__floatsisf>
     2a4:	85aa                	mv	a1,a0
     2a6:	854a                	mv	a0,s2
     2a8:	3bc020ef          	jal	ra,2664 <__addsf3>
     2ac:	05300793          	li	a5,83
     2b0:	00f41563          	bne	s0,a5,2ba <gpsToDec+0x5a>
     2b4:	800007b7          	lui	a5,0x80000
     2b8:	8d3d                	xor	a0,a0,a5
     2ba:	bd69                	j	154 <__riscv_restore_0>

000002bc <splitMsg>:
     2bc:	e4dff2ef          	jal	t0,108 <__riscv_save_10>
     2c0:	02c00593          	li	a1,44
     2c4:	842a                	mv	s0,a0
     2c6:	7e0030ef          	jal	ra,3aa6 <strchr>
     2ca:	c925                	beqz	a0,33a <splitMsg+0x7e>
     2cc:	00150493          	addi	s1,a0,1
     2d0:	02a00593          	li	a1,42
     2d4:	8522                	mv	a0,s0
     2d6:	7d0030ef          	jal	ra,3aa6 <strchr>
     2da:	8a2a                	mv	s4,a0
     2dc:	557d                	li	a0,-1
     2de:	040a0b63          	beqz	s4,334 <splitMsg+0x78>
     2e2:	8c818513          	addi	a0,gp,-1848 # 200002b8 <item>
     2e6:	1e000613          	li	a2,480
     2ea:	4581                	li	a1,0
     2ec:	3d95                	jal	160 <memset>
     2ee:	547d                	li	s0,-1
     2f0:	4bd1                	li	s7,20
     2f2:	8c818993          	addi	s3,gp,-1848 # 200002b8 <item>
     2f6:	02c00593          	li	a1,44
     2fa:	8526                	mv	a0,s1
     2fc:	7aa030ef          	jal	ra,3aa6 <strchr>
     300:	892a                	mv	s2,a0
     302:	4b05                	li	s6,1
     304:	e119                	bnez	a0,30a <splitMsg+0x4e>
     306:	8952                	mv	s2,s4
     308:	4b01                	li	s6,0
     30a:	40990633          	sub	a2,s2,s1
     30e:	00140a93          	addi	s5,s0,1
     312:	00c05b63          	blez	a2,328 <splitMsg+0x6c>
     316:	00cbd363          	bge	s7,a2,31c <splitMsg+0x60>
     31a:	464d                	li	a2,19
     31c:	037a8533          	mul	a0,s5,s7
     320:	85a6                	mv	a1,s1
     322:	954e                	add	a0,a0,s3
     324:	45e030ef          	jal	ra,3782 <memcpy>
     328:	00190493          	addi	s1,s2,1
     32c:	000b1563          	bnez	s6,336 <splitMsg+0x7a>
     330:	00240513          	addi	a0,s0,2
     334:	b531                	j	140 <__riscv_restore_10>
     336:	8456                	mv	s0,s5
     338:	bf7d                	j	2f6 <splitMsg+0x3a>
     33a:	557d                	li	a0,-1
     33c:	bfe5                	j	334 <splitMsg+0x78>

0000033e <hexToBin>:
     33e:	2118                	lbu	a4,0(a0)
     340:	46a5                	li	a3,9
     342:	fd070793          	addi	a5,a4,-48 # e000dfd0 <_eusrstack+0xc0008fd0>
     346:	0ff7f793          	andi	a5,a5,255
     34a:	02f6e363          	bltu	a3,a5,370 <hexToBin+0x32>
     34e:	07e2                	slli	a5,a5,0x18
     350:	87e1                	srai	a5,a5,0x18
     352:	3118                	lbu	a4,1(a0)
     354:	46a5                	li	a3,9
     356:	fd070513          	addi	a0,a4,-48
     35a:	0ff57513          	andi	a0,a0,255
     35e:	02a6ed63          	bltu	a3,a0,398 <hexToBin+0x5a>
     362:	0562                	slli	a0,a0,0x18
     364:	8561                	srai	a0,a0,0x18
     366:	0792                	slli	a5,a5,0x4
     368:	8d5d                	or	a0,a0,a5
     36a:	0ff57513          	andi	a0,a0,255
     36e:	8082                	ret
     370:	fbf70793          	addi	a5,a4,-65
     374:	0ff7f793          	andi	a5,a5,255
     378:	4615                	li	a2,5
     37a:	00f66563          	bltu	a2,a5,384 <hexToBin+0x46>
     37e:	fc970793          	addi	a5,a4,-55
     382:	b7f1                	j	34e <hexToBin+0x10>
     384:	f9f70693          	addi	a3,a4,-97
     388:	0ff6f693          	andi	a3,a3,255
     38c:	4781                	li	a5,0
     38e:	fcd662e3          	bltu	a2,a3,352 <hexToBin+0x14>
     392:	fa970793          	addi	a5,a4,-87
     396:	bf65                	j	34e <hexToBin+0x10>
     398:	fbf70693          	addi	a3,a4,-65
     39c:	0ff6f693          	andi	a3,a3,255
     3a0:	4615                	li	a2,5
     3a2:	fc970513          	addi	a0,a4,-55
     3a6:	fad67ee3          	bgeu	a2,a3,362 <hexToBin+0x24>
     3aa:	f9f70693          	addi	a3,a4,-97
     3ae:	0ff6f693          	andi	a3,a3,255
     3b2:	4501                	li	a0,0
     3b4:	fad669e3          	bltu	a2,a3,366 <hexToBin+0x28>
     3b8:	fa970513          	addi	a0,a4,-87
     3bc:	b75d                	j	362 <hexToBin+0x24>

000003be <gpsParse>:
     3be:	d59ff2ef          	jal	t0,116 <__riscv_save_4>
     3c2:	200004b7          	lui	s1,0x20000
     3c6:	1f048493          	addi	s1,s1,496 # 200001f0 <nmea>
     3ca:	408c                	lw	a1,0(s1)
     3cc:	1101                	addi	sp,sp,-32
     3ce:	4619                	li	a2,6
     3d0:	842a                	mv	s0,a0
     3d2:	70e030ef          	jal	ra,3ae0 <strncmp>
     3d6:	cd05                	beqz	a0,40e <gpsParse+0x50>
     3d8:	40cc                	lw	a1,4(s1)
     3da:	4619                	li	a2,6
     3dc:	8522                	mv	a0,s0
     3de:	702030ef          	jal	ra,3ae0 <strncmp>
     3e2:	4781                	li	a5,0
     3e4:	e115                	bnez	a0,408 <gpsParse+0x4a>
     3e6:	4905                	li	s2,1
     3e8:	02a00593          	li	a1,42
     3ec:	8522                	mv	a0,s0
     3ee:	00011623          	sh	zero,12(sp)
     3f2:	6b4030ef          	jal	ra,3aa6 <strchr>
     3f6:	84aa                	mv	s1,a0
     3f8:	ed09                	bnez	a0,412 <gpsParse+0x54>
     3fa:	8541d783          	lhu	a5,-1964(gp) # 20000244 <devError>
     3fe:	0807e793          	ori	a5,a5,128
     402:	84f19a23          	sh	a5,-1964(gp) # 20000244 <devError>
     406:	4781                	li	a5,0
     408:	853e                	mv	a0,a5
     40a:	6105                	addi	sp,sp,32
     40c:	bb3d                	j	14a <__riscv_restore_4>
     40e:	4901                	li	s2,0
     410:	bfe1                	j	3e8 <gpsParse+0x2a>
     412:	311c                	lbu	a5,1(a0)
     414:	865c                	sb	a5,12(sp)
     416:	213c                	lbu	a5,2(a0)
     418:	0068                	addi	a0,sp,12
     41a:	86dc                	sb	a5,13(sp)
     41c:	370d                	jal	33e <hexToBin>
     41e:	89aa                	mv	s3,a0
     420:	02400593          	li	a1,36
     424:	8522                	mv	a0,s0
     426:	680030ef          	jal	ra,3aa6 <strchr>
     42a:	4781                	li	a5,0
     42c:	c911                	beqz	a0,440 <gpsParse+0x82>
     42e:	0505                	addi	a0,a0,1
     430:	00957863          	bgeu	a0,s1,440 <gpsParse+0x82>
     434:	0505                	addi	a0,a0,1
     436:	fff54703          	lbu	a4,-1(a0)
     43a:	8fb9                	xor	a5,a5,a4
     43c:	fea49ce3          	bne	s1,a0,434 <gpsParse+0x76>
     440:	fb379de3          	bne	a5,s3,3fa <gpsParse+0x3c>
     444:	8541d783          	lhu	a5,-1964(gp) # 20000244 <devError>
     448:	0807f713          	andi	a4,a5,128
     44c:	c709                	beqz	a4,456 <gpsParse+0x98>
     44e:	f7f7f793          	andi	a5,a5,-129
     452:	84f19a23          	sh	a5,-1964(gp) # 20000244 <devError>
     456:	8522                	mv	a0,s0
     458:	3595                	jal	2bc <splitMsg>
     45a:	00a04963          	bgtz	a0,46c <gpsParse+0xae>
     45e:	8541d783          	lhu	a5,-1964(gp) # 20000244 <devError>
     462:	0207e793          	ori	a5,a5,32
     466:	84f19a23          	sh	a5,-1964(gp) # 20000244 <devError>
     46a:	bf71                	j	406 <gpsParse+0x48>
     46c:	c802                	sw	zero,16(sp)
     46e:	ca02                	sw	zero,20(sp)
     470:	cc02                	sw	zero,24(sp)
     472:	ce02                	sw	zero,28(sp)
     474:	8c818493          	addi	s1,gp,-1848 # 200002b8 <item>
     478:	08091763          	bnez	s2,506 <gpsParse+0x148>
     47c:	8501c783          	lbu	a5,-1968(gp) # 20000240 <_edata>
     480:	cb91                	beqz	a5,494 <gpsParse+0xd6>
     482:	00009637          	lui	a2,0x9
     486:	86a2                	mv	a3,s0
     488:	a5860613          	addi	a2,a2,-1448 # 8a58 <_read+0xc>
     48c:	4585                	li	a1,1
     48e:	4501                	li	a0,0
     490:	689000ef          	jal	ra,1318 <Report>
     494:	07848783          	lb	a5,120(s1)
     498:	cb91                	beqz	a5,4ac <gpsParse+0xee>
     49a:	07848513          	addi	a0,s1,120
     49e:	2b4030ef          	jal	ra,3752 <atoi>
     4a2:	88818793          	addi	a5,gp,-1912 # 20000278 <GPS>
     4a6:	afaa                	sh	a0,26(a5)
     4a8:	8141                	srli	a0,a0,0x10
     4aa:	afca                	sh	a0,28(a5)
     4ac:	0a048783          	lb	a5,160(s1)
     4b0:	cf81                	beqz	a5,4c8 <gpsParse+0x10a>
     4b2:	0a048513          	addi	a0,s1,160
     4b6:	296030ef          	jal	ra,374c <atof>
     4ba:	0ba030ef          	jal	ra,3574 <__truncdfsf2>
     4be:	88818413          	addi	s0,gp,-1912 # 20000278 <GPS>
     4c2:	ac6a                	sh	a0,30(s0)
     4c4:	8141                	srli	a0,a0,0x10
     4c6:	b00a                	sh	a0,32(s0)
     4c8:	0b448783          	lb	a5,180(s1)
     4cc:	c399                	beqz	a5,4d2 <gpsParse+0x114>
     4ce:	8af18523          	sb	a5,-1878(gp) # 2000029a <GPS+0x22>
     4d2:	0c848783          	lb	a5,200(s1)
     4d6:	c795                	beqz	a5,502 <gpsParse+0x144>
     4d8:	0c848513          	addi	a0,s1,200
     4dc:	270030ef          	jal	ra,374c <atof>
     4e0:	094030ef          	jal	ra,3574 <__truncdfsf2>
     4e4:	88818413          	addi	s0,gp,-1912 # 20000278 <GPS>
     4e8:	00855793          	srli	a5,a0,0x8
     4ec:	02a401a3          	sb	a0,35(s0)
     4f0:	02f40223          	sb	a5,36(s0)
     4f4:	01055793          	srli	a5,a0,0x10
     4f8:	8161                	srli	a0,a0,0x18
     4fa:	02f402a3          	sb	a5,37(s0)
     4fe:	02a40323          	sb	a0,38(s0)
     502:	4785                	li	a5,1
     504:	b711                	j	408 <gpsParse+0x4a>
     506:	8521c783          	lbu	a5,-1966(gp) # 20000242 <rmc>
     50a:	cb91                	beqz	a5,51e <gpsParse+0x160>
     50c:	00009637          	lui	a2,0x9
     510:	86a2                	mv	a3,s0
     512:	a5860613          	addi	a2,a2,-1448 # 8a58 <_read+0xc>
     516:	4585                	li	a1,1
     518:	4501                	li	a0,0
     51a:	5ff000ef          	jal	ra,1318 <Report>
     51e:	00048783          	lb	a5,0(s1)
     522:	88818413          	addi	s0,gp,-1912 # 20000278 <GPS>
     526:	cb81                	beqz	a5,536 <gpsParse+0x178>
     528:	8c818513          	addi	a0,gp,-1848 # 200002b8 <item>
     52c:	220030ef          	jal	ra,374c <atof>
     530:	044030ef          	jal	ra,3574 <__truncdfsf2>
     534:	c848                	sw	a0,20(s0)
     536:	01448783          	lb	a5,20(s1)
     53a:	c399                	beqz	a5,540 <gpsParse+0x182>
     53c:	02f403a3          	sb	a5,39(s0)
     540:	02740703          	lb	a4,39(s0)
     544:	04100793          	li	a5,65
     548:	85118913          	addi	s2,gp,-1967 # 20000241 <gps_valid>
     54c:	14f71163          	bne	a4,a5,68e <gpsParse+0x2d0>
     550:	4785                	li	a5,1
     552:	00f90023          	sb	a5,0(s2)
     556:	02f40823          	sb	a5,48(s0)
     55a:	02848783          	lb	a5,40(s1)
     55e:	cb81                	beqz	a5,56e <gpsParse+0x1b0>
     560:	02848513          	addi	a0,s1,40
     564:	1e8030ef          	jal	ra,374c <atof>
     568:	00c030ef          	jal	ra,3574 <__truncdfsf2>
     56c:	c808                	sw	a0,16(s0)
     56e:	03c48783          	lb	a5,60(s1)
     572:	c391                	beqz	a5,576 <gpsParse+0x1b8>
     574:	ac1c                	sb	a5,24(s0)
     576:	05048783          	lb	a5,80(s1)
     57a:	cb81                	beqz	a5,58a <gpsParse+0x1cc>
     57c:	05048513          	addi	a0,s1,80
     580:	1cc030ef          	jal	ra,374c <atof>
     584:	7f1020ef          	jal	ra,3574 <__truncdfsf2>
     588:	c448                	sw	a0,12(s0)
     58a:	06448783          	lb	a5,100(s1)
     58e:	c391                	beqz	a5,592 <gpsParse+0x1d4>
     590:	bc1c                	sb	a5,25(s0)
     592:	07848783          	lb	a5,120(s1)
     596:	cb81                	beqz	a5,5a6 <gpsParse+0x1e8>
     598:	07848513          	addi	a0,s1,120
     59c:	1b0030ef          	jal	ra,374c <atof>
     5a0:	7d5020ef          	jal	ra,3574 <__truncdfsf2>
     5a4:	d408                	sw	a0,40(s0)
     5a6:	08c48783          	lb	a5,140(s1)
     5aa:	cb81                	beqz	a5,5ba <gpsParse+0x1fc>
     5ac:	08c48513          	addi	a0,s1,140
     5b0:	19c030ef          	jal	ra,374c <atof>
     5b4:	7c1020ef          	jal	ra,3574 <__truncdfsf2>
     5b8:	d448                	sw	a0,44(s0)
     5ba:	0a048513          	addi	a0,s1,160
     5be:	510030ef          	jal	ra,3ace <strlen>
     5c2:	4799                	li	a5,6
     5c4:	04f51163          	bne	a0,a5,606 <gpsParse+0x248>
     5c8:	0a04d783          	lhu	a5,160(s1)
     5cc:	0808                	addi	a0,sp,16
     5ce:	80fc                	sh	a5,16(sp)
     5d0:	18a030ef          	jal	ra,375a <atol>
     5d4:	0a24d783          	lhu	a5,162(s1)
     5d8:	02a40a23          	sb	a0,52(s0)
     5dc:	0808                	addi	a0,sp,16
     5de:	80fc                	sh	a5,16(sp)
     5e0:	17a030ef          	jal	ra,375a <atol>
     5e4:	0a44d783          	lhu	a5,164(s1)
     5e8:	02a409a3          	sb	a0,51(s0)
     5ec:	0808                	addi	a0,sp,16
     5ee:	80fc                	sh	a5,16(sp)
     5f0:	16a030ef          	jal	ra,375a <atol>
     5f4:	7d050513          	addi	a0,a0,2000
     5f8:	0542                	slli	a0,a0,0x10
     5fa:	8141                	srli	a0,a0,0x10
     5fc:	02a408a3          	sb	a0,49(s0)
     600:	8121                	srli	a0,a0,0x8
     602:	02a40923          	sb	a0,50(s0)
     606:	8c818513          	addi	a0,gp,-1848 # 200002b8 <item>
     60a:	4c4030ef          	jal	ra,3ace <strlen>
     60e:	4795                	li	a5,5
     610:	06a7f463          	bgeu	a5,a0,678 <gpsParse+0x2ba>
     614:	209e                	lhu	a5,0(s1)
     616:	0808                	addi	a0,sp,16
     618:	80fc                	sh	a5,16(sp)
     61a:	140030ef          	jal	ra,375a <atol>
     61e:	20be                	lhu	a5,2(s1)
     620:	02a40aa3          	sb	a0,53(s0)
     624:	0808                	addi	a0,sp,16
     626:	80fc                	sh	a5,16(sp)
     628:	132030ef          	jal	ra,375a <atol>
     62c:	20de                	lhu	a5,4(s1)
     62e:	02a40b23          	sb	a0,54(s0)
     632:	0808                	addi	a0,sp,16
     634:	80fc                	sh	a5,16(sp)
     636:	124030ef          	jal	ra,375a <atol>
     63a:	02a40ba3          	sb	a0,55(s0)
     63e:	02e00593          	li	a1,46
     642:	8c818513          	addi	a0,gp,-1848 # 200002b8 <item>
     646:	460030ef          	jal	ra,3aa6 <strchr>
     64a:	c511                	beqz	a0,656 <gpsParse+0x298>
     64c:	0505                	addi	a0,a0,1
     64e:	10c030ef          	jal	ra,375a <atol>
     652:	02a40e23          	sb	a0,60(s0)
     656:	03140513          	addi	a0,s0,49
     65a:	2251                	jal	7de <DateTimeToEpoch>
     65c:	00094783          	lbu	a5,0(s2)
     660:	dc08                	sw	a0,56(s0)
     662:	cb99                	beqz	a5,678 <gpsParse+0x2ba>
     664:	86c1c783          	lbu	a5,-1940(gp) # 2000025c <set_new_time>
     668:	eb81                	bnez	a5,678 <gpsParse+0x2ba>
     66a:	4785                	li	a5,1
     66c:	86f18623          	sb	a5,-1940(gp) # 2000025c <set_new_time>
     670:	80a1ac23          	sw	a0,-2024(gp) # 20000208 <epoch>
     674:	82f18023          	sb	a5,-2016(gp) # 20000210 <set_time>
     678:	01840583          	lb	a1,24(s0)
     67c:	4808                	lw	a0,16(s0)
     67e:	36cd                	jal	260 <gpsToDec>
     680:	c048                	sw	a0,4(s0)
     682:	01940583          	lb	a1,25(s0)
     686:	4448                	lw	a0,12(s0)
     688:	3ee1                	jal	260 <gpsToDec>
     68a:	c008                	sw	a0,0(s0)
     68c:	bd9d                	j	502 <gpsParse+0x144>
     68e:	00090023          	sb	zero,0(s2)
     692:	02040823          	sb	zero,48(s0)
     696:	b5d1                	j	55a <gpsParse+0x19c>

00000698 <gpsPrint>:
     698:	a99ff2ef          	jal	t0,130 <__riscv_save_0>
     69c:	1101                	addi	sp,sp,-32
     69e:	84ae                	mv	s1,a1
     6a0:	10058463          	beqz	a1,7a8 <gpsPrint+0x110>
     6a4:	88818413          	addi	s0,gp,-1912 # 20000278 <GPS>
     6a8:	581c                	lw	a5,48(s0)
     6aa:	03744703          	lbu	a4,55(s0)
     6ae:	03644883          	lbu	a7,54(s0)
     6b2:	83a1                	srli	a5,a5,0x8
     6b4:	03544803          	lbu	a6,53(s0)
     6b8:	03444683          	lbu	a3,52(s0)
     6bc:	5c10                	lw	a2,56(s0)
     6be:	c03a                	sw	a4,0(sp)
     6c0:	07c2                	slli	a5,a5,0x10
     6c2:	03344703          	lbu	a4,51(s0)
     6c6:	83c1                	srli	a5,a5,0x10
     6c8:	000095b7          	lui	a1,0x9
     6cc:	83078793          	addi	a5,a5,-2000 # 7ffff830 <_eusrstack+0x5fffa830>
     6d0:	a5c58593          	addi	a1,a1,-1444 # 8a5c <_read+0x10>
     6d4:	8526                	mv	a0,s1
     6d6:	cc02                	sw	zero,24(sp)
     6d8:	ce02                	sw	zero,28(sp)
     6da:	368030ef          	jal	ra,3a42 <siprintf>
     6de:	4048                	lw	a0,4(s0)
     6e0:	082c                	addi	a1,sp,24
     6e2:	20f1                	jal	7ae <floatPart>
     6e4:	8526                	mv	a0,s1
     6e6:	3e8030ef          	jal	ra,3ace <strlen>
     6ea:	46f2                	lw	a3,28(sp)
     6ec:	4662                	lw	a2,24(sp)
     6ee:	000095b7          	lui	a1,0x9
     6f2:	a9058593          	addi	a1,a1,-1392 # 8a90 <_read+0x44>
     6f6:	9526                	add	a0,a0,s1
     6f8:	34a030ef          	jal	ra,3a42 <siprintf>
     6fc:	4008                	lw	a0,0(s0)
     6fe:	082c                	addi	a1,sp,24
     700:	207d                	jal	7ae <floatPart>
     702:	8526                	mv	a0,s1
     704:	3ca030ef          	jal	ra,3ace <strlen>
     708:	4c58                	lw	a4,28(s0)
     70a:	67c1                	lui	a5,0x10
     70c:	fff78913          	addi	s2,a5,-1 # ffff <_data_lma+0x68db>
     710:	2c36                	lhu	a3,26(s0)
     712:	01277733          	and	a4,a4,s2
     716:	0742                	slli	a4,a4,0x10
     718:	8f55                	or	a4,a4,a3
     71a:	4662                	lw	a2,24(sp)
     71c:	46f2                	lw	a3,28(sp)
     71e:	000095b7          	lui	a1,0x9
     722:	a9c58593          	addi	a1,a1,-1380 # 8a9c <_read+0x50>
     726:	9526                	add	a0,a0,s1
     728:	31a030ef          	jal	ra,3a42 <siprintf>
     72c:	501c                	lw	a5,32(s0)
     72e:	2c6a                	lhu	a0,30(s0)
     730:	082c                	addi	a1,sp,24
     732:	0127f7b3          	and	a5,a5,s2
     736:	07c2                	slli	a5,a5,0x10
     738:	8d5d                	or	a0,a0,a5
     73a:	2895                	jal	7ae <floatPart>
     73c:	8526                	mv	a0,s1
     73e:	390030ef          	jal	ra,3ace <strlen>
     742:	46f2                	lw	a3,28(sp)
     744:	67e1                	lui	a5,0x18
     746:	6a078793          	addi	a5,a5,1696 # 186a0 <_data_lma+0xef7c>
     74a:	02f6d6b3          	divu	a3,a3,a5
     74e:	4662                	lw	a2,24(sp)
     750:	000095b7          	lui	a1,0x9
     754:	ab058593          	addi	a1,a1,-1360 # 8ab0 <_read+0x64>
     758:	9526                	add	a0,a0,s1
     75a:	6909                	lui	s2,0x2
     75c:	71090913          	addi	s2,s2,1808 # 2710 <__addsf3+0xac>
     760:	2e2030ef          	jal	ra,3a42 <siprintf>
     764:	5408                	lw	a0,40(s0)
     766:	082c                	addi	a1,sp,24
     768:	2099                	jal	7ae <floatPart>
     76a:	8526                	mv	a0,s1
     76c:	362030ef          	jal	ra,3ace <strlen>
     770:	46f2                	lw	a3,28(sp)
     772:	4662                	lw	a2,24(sp)
     774:	000095b7          	lui	a1,0x9
     778:	0326d6b3          	divu	a3,a3,s2
     77c:	ac058593          	addi	a1,a1,-1344 # 8ac0 <_read+0x74>
     780:	9526                	add	a0,a0,s1
     782:	2c0030ef          	jal	ra,3a42 <siprintf>
     786:	5448                	lw	a0,44(s0)
     788:	082c                	addi	a1,sp,24
     78a:	2015                	jal	7ae <floatPart>
     78c:	8526                	mv	a0,s1
     78e:	340030ef          	jal	ra,3ace <strlen>
     792:	46f2                	lw	a3,28(sp)
     794:	4662                	lw	a2,24(sp)
     796:	000095b7          	lui	a1,0x9
     79a:	0326d6b3          	divu	a3,a3,s2
     79e:	ad058593          	addi	a1,a1,-1328 # 8ad0 <_read+0x84>
     7a2:	9526                	add	a0,a0,s1
     7a4:	29e030ef          	jal	ra,3a42 <siprintf>
     7a8:	8526                	mv	a0,s1
     7aa:	6105                	addi	sp,sp,32
     7ac:	b265                	j	154 <__riscv_restore_0>

000007ae <floatPart>:
     7ae:	983ff2ef          	jal	t0,130 <__riscv_save_0>
     7b2:	842e                	mv	s0,a1
     7b4:	84aa                	mv	s1,a0
     7b6:	3d5020ef          	jal	ra,338a <__fixunssfsi>
     7ba:	c008                	sw	a0,0(s0)
     7bc:	4eb020ef          	jal	ra,34a6 <__floatunsisf>
     7c0:	85aa                	mv	a1,a0
     7c2:	8526                	mv	a0,s1
     7c4:	7dc020ef          	jal	ra,2fa0 <__subsf3>
     7c8:	000097b7          	lui	a5,0x9
     7cc:	c187a583          	lw	a1,-1000(a5) # 8c18 <_read+0x1cc>
     7d0:	53c020ef          	jal	ra,2d0c <__mulsf3>
     7d4:	3b7020ef          	jal	ra,338a <__fixunssfsi>
     7d8:	c048                	sw	a0,4(s0)
     7da:	97bff06f          	j	154 <__riscv_restore_0>

000007de <DateTimeToEpoch>:
     7de:	3118                	lbu	a4,1(a0)
     7e0:	211c                	lbu	a5,0(a0)
     7e2:	2134                	lbu	a3,2(a0)
     7e4:	0722                	slli	a4,a4,0x8
     7e6:	8f5d                	or	a4,a4,a5
     7e8:	4789                	li	a5,2
     7ea:	3130                	lbu	a2,3(a0)
     7ec:	00d7e463          	bltu	a5,a3,7f4 <DateTimeToEpoch+0x16>
     7f0:	06b1                	addi	a3,a3,12
     7f2:	177d                	addi	a4,a4,-1
     7f4:	16d00793          	li	a5,365
     7f8:	02f707b3          	mul	a5,a4,a5
     7fc:	fff505b7          	lui	a1,0xfff50
     800:	59358593          	addi	a1,a1,1427 # fff50593 <_eusrstack+0xdff4b593>
     804:	962e                	add	a2,a2,a1
     806:	97b2                	add	a5,a5,a2
     808:	00275613          	srli	a2,a4,0x2
     80c:	97b2                	add	a5,a5,a2
     80e:	19000613          	li	a2,400
     812:	02c75633          	divu	a2,a4,a2
     816:	97b2                	add	a5,a5,a2
     818:	06400613          	li	a2,100
     81c:	02c75733          	divu	a4,a4,a2
     820:	03c00613          	li	a2,60
     824:	8f99                	sub	a5,a5,a4
     826:	09900713          	li	a4,153
     82a:	02e686b3          	mul	a3,a3,a4
     82e:	4715                	li	a4,5
     830:	e3768693          	addi	a3,a3,-457
     834:	02e6d6b3          	divu	a3,a3,a4
     838:	6755                	lui	a4,0x15
     83a:	18070713          	addi	a4,a4,384 # 15180 <_data_lma+0xba5c>
     83e:	97b6                	add	a5,a5,a3
     840:	02e787b3          	mul	a5,a5,a4
     844:	2158                	lbu	a4,4(a0)
     846:	6685                	lui	a3,0x1
     848:	e1068693          	addi	a3,a3,-496 # e10 <InitUSART4+0x18>
     84c:	02d70733          	mul	a4,a4,a3
     850:	3154                	lbu	a3,5(a0)
     852:	2168                	lbu	a0,6(a0)
     854:	02c686b3          	mul	a3,a3,a2
     858:	9736                	add	a4,a4,a3
     85a:	953a                	add	a0,a0,a4
     85c:	953e                	add	a0,a0,a5
     85e:	8082                	ret

00000860 <EpochToDateTime>:
     860:	6755                	lui	a4,0x15
     862:	18070713          	addi	a4,a4,384 # 15180 <_data_lma+0xba5c>
     866:	02e577b3          	remu	a5,a0,a4
     86a:	6685                	lui	a3,0x1
     86c:	e1068693          	addi	a3,a3,-496 # e10 <InitUSART4+0x18>
     870:	00024837          	lui	a6,0x24
     874:	ab180e13          	addi	t3,a6,-1359 # 23ab1 <_data_lma+0x1a38d>
     878:	5b400313          	li	t1,1460
     87c:	02d7d633          	divu	a2,a5,a3
     880:	02d7f7b3          	remu	a5,a5,a3
     884:	03c00693          	li	a3,60
     888:	a1d0                	sb	a2,4(a1)
     88a:	02d7d633          	divu	a2,a5,a3
     88e:	02d7f7b3          	remu	a5,a5,a3
     892:	b1d0                	sb	a2,5(a1)
     894:	02e55533          	divu	a0,a0,a4
     898:	a1fc                	sb	a5,6(a1)
     89a:	000b07b7          	lui	a5,0xb0
     89e:	a6c78793          	addi	a5,a5,-1428 # afa6c <_data_lma+0xa6348>
     8a2:	6725                	lui	a4,0x9
     8a4:	eac70613          	addi	a2,a4,-340 # 8eac <font8x8+0x124>
     8a8:	953e                	add	a0,a0,a5
     8aa:	03c578b3          	remu	a7,a0,t3
     8ae:	19000793          	li	a5,400
     8b2:	02c8d633          	divu	a2,a7,a2
     8b6:	0268d6b3          	divu	a3,a7,t1
     8ba:	9646                	add	a2,a2,a7
     8bc:	8e15                	sub	a2,a2,a3
     8be:	ab080693          	addi	a3,a6,-1360
     8c2:	02d8d6b3          	divu	a3,a7,a3
     8c6:	16d00813          	li	a6,365
     8ca:	03c55533          	divu	a0,a0,t3
     8ce:	40d606b3          	sub	a3,a2,a3
     8d2:	0306d633          	divu	a2,a3,a6
     8d6:	02f50533          	mul	a0,a0,a5
     8da:	e9470793          	addi	a5,a4,-364
     8de:	02f6d7b3          	divu	a5,a3,a5
     8e2:	9532                	add	a0,a0,a2
     8e4:	0266d6b3          	divu	a3,a3,t1
     8e8:	97c6                	add	a5,a5,a7
     8ea:	03060633          	mul	a2,a2,a6
     8ee:	8f95                	sub	a5,a5,a3
     8f0:	4815                	li	a6,5
     8f2:	09900693          	li	a3,153
     8f6:	8f91                	sub	a5,a5,a2
     8f8:	03078633          	mul	a2,a5,a6
     8fc:	0785                	addi	a5,a5,1
     8fe:	0609                	addi	a2,a2,2
     900:	02d65733          	divu	a4,a2,a3
     904:	02d706b3          	mul	a3,a4,a3
     908:	0689                	addi	a3,a3,2
     90a:	0306d6b3          	divu	a3,a3,a6
     90e:	8f95                	sub	a5,a5,a3
     910:	b1bc                	sb	a5,3(a1)
     912:	0ff77793          	andi	a5,a4,255
     916:	5f900713          	li	a4,1529
     91a:	02c76263          	bltu	a4,a2,93e <EpochToDateTime+0xde>
     91e:	078d                	addi	a5,a5,3
     920:	0ff7f793          	andi	a5,a5,255
     924:	0542                	slli	a0,a0,0x10
     926:	a1bc                	sb	a5,2(a1)
     928:	4709                	li	a4,2
     92a:	8141                	srli	a0,a0,0x10
     92c:	00f76563          	bltu	a4,a5,936 <EpochToDateTime+0xd6>
     930:	0505                	addi	a0,a0,1
     932:	0542                	slli	a0,a0,0x10
     934:	8141                	srli	a0,a0,0x10
     936:	a188                	sb	a0,0(a1)
     938:	8121                	srli	a0,a0,0x8
     93a:	b188                	sb	a0,1(a1)
     93c:	8082                	ret
     93e:	17dd                	addi	a5,a5,-9
     940:	b7c5                	j	920 <EpochToDateTime+0xc0>

00000942 <initRECQ>:
     942:	000501a3          	sb	zero,3(a0)
     946:	00050123          	sb	zero,2(a0)
     94a:	00450693          	addi	a3,a0,4
     94e:	4701                	li	a4,0
     950:	4595                	li	a1,5
     952:	02000613          	li	a2,32
     956:	02b707b3          	mul	a5,a4,a1
     95a:	00068023          	sb	zero,0(a3)
     95e:	0705                	addi	a4,a4,1
     960:	0695                	addi	a3,a3,5
     962:	97aa                	add	a5,a5,a0
     964:	000782a3          	sb	zero,5(a5)
     968:	00078323          	sb	zero,6(a5)
     96c:	000783a3          	sb	zero,7(a5)
     970:	00078423          	sb	zero,8(a5)
     974:	fec711e3          	bne	a4,a2,956 <initRECQ+0x14>
     978:	000500a3          	sb	zero,1(a0)
     97c:	4505                	li	a0,1
     97e:	8082                	ret

00000980 <putRECQ>:
     980:	862a                	mv	a2,a0
     982:	219c                	lbu	a5,0(a1)
     984:	0ff7f793          	andi	a5,a5,255
     988:	ffed                	bnez	a5,982 <putRECQ+0x2>
     98a:	21b4                	lbu	a3,2(a1)
     98c:	4785                	li	a5,1
     98e:	a19c                	sb	a5,0(a1)
     990:	4795                	li	a5,5
     992:	02f687b3          	mul	a5,a3,a5
     996:	4501                	li	a0,0
     998:	97ae                	add	a5,a5,a1
     99a:	00478703          	lb	a4,4(a5)
     99e:	e339                	bnez	a4,9e4 <putRECQ+0x64>
     9a0:	00060703          	lb	a4,0(a2)
     9a4:	0685                	addi	a3,a3,1
     9a6:	0ff6f693          	andi	a3,a3,255
     9aa:	a3d8                	sb	a4,4(a5)
     9ac:	2228                	lbu	a0,2(a2)
     9ae:	3218                	lbu	a4,1(a2)
     9b0:	0522                	slli	a0,a0,0x8
     9b2:	8d59                	or	a0,a0,a4
     9b4:	3238                	lbu	a4,3(a2)
     9b6:	0742                	slli	a4,a4,0x10
     9b8:	8d59                	or	a0,a0,a4
     9ba:	2258                	lbu	a4,4(a2)
     9bc:	0762                	slli	a4,a4,0x18
     9be:	8f49                	or	a4,a4,a0
     9c0:	00875513          	srli	a0,a4,0x8
     9c4:	b3d8                	sb	a4,5(a5)
     9c6:	a3e8                	sb	a0,6(a5)
     9c8:	01075513          	srli	a0,a4,0x10
     9cc:	8361                	srli	a4,a4,0x18
     9ce:	b3e8                	sb	a0,7(a5)
     9d0:	a798                	sb	a4,8(a5)
     9d2:	47fd                	li	a5,31
     9d4:	00d7eb63          	bltu	a5,a3,9ea <putRECQ+0x6a>
     9d8:	a1b4                	sb	a3,2(a1)
     9da:	319c                	lbu	a5,1(a1)
     9dc:	00060503          	lb	a0,0(a2)
     9e0:	0785                	addi	a5,a5,1
     9e2:	b19c                	sb	a5,1(a1)
     9e4:	00058023          	sb	zero,0(a1)
     9e8:	8082                	ret
     9ea:	00058123          	sb	zero,2(a1)
     9ee:	b7f5                	j	9da <putRECQ+0x5a>

000009f0 <getRECQ>:
     9f0:	f40ff2ef          	jal	t0,130 <__riscv_save_0>
     9f4:	219c                	lbu	a5,0(a1)
     9f6:	4481                	li	s1,0
     9f8:	0ff7f793          	andi	a5,a5,255
     9fc:	e3c9                	bnez	a5,a7e <getRECQ+0x8e>
     9fe:	842e                	mv	s0,a1
     a00:	31ac                	lbu	a1,3(a1)
     a02:	4915                	li	s2,5
     a04:	032585b3          	mul	a1,a1,s2
     a08:	00b407b3          	add	a5,s0,a1
     a0c:	00478483          	lb	s1,4(a5)
     a10:	c0bd                	beqz	s1,a76 <getRECQ+0x86>
     a12:	0591                	addi	a1,a1,4
     a14:	4615                	li	a2,5
     a16:	95a2                	add	a1,a1,s0
     a18:	56b020ef          	jal	ra,3782 <memcpy>
     a1c:	3038                	lbu	a4,3(s0)
     a1e:	03270733          	mul	a4,a4,s2
     a22:	9722                	add	a4,a4,s0
     a24:	2374                	lbu	a3,6(a4)
     a26:	3348                	lbu	a0,5(a4)
     a28:	06a2                	slli	a3,a3,0x8
     a2a:	8ec9                	or	a3,a3,a0
     a2c:	3368                	lbu	a0,7(a4)
     a2e:	0542                	slli	a0,a0,0x10
     a30:	8ec9                	or	a3,a3,a0
     a32:	2708                	lbu	a0,8(a4)
     a34:	0562                	slli	a0,a0,0x18
     a36:	8d55                	or	a0,a0,a3
     a38:	cd19                	beqz	a0,a56 <getRECQ+0x66>
     a3a:	53f020ef          	jal	ra,3778 <free>
     a3e:	303c                	lbu	a5,3(s0)
     a40:	032787b3          	mul	a5,a5,s2
     a44:	97a2                	add	a5,a5,s0
     a46:	000782a3          	sb	zero,5(a5)
     a4a:	00078323          	sb	zero,6(a5)
     a4e:	000783a3          	sb	zero,7(a5)
     a52:	00078423          	sb	zero,8(a5)
     a56:	303c                	lbu	a5,3(s0)
     a58:	4715                	li	a4,5
     a5a:	02e78733          	mul	a4,a5,a4
     a5e:	9722                	add	a4,a4,s0
     a60:	00070223          	sb	zero,4(a4)
     a64:	00905963          	blez	s1,a76 <getRECQ+0x86>
     a68:	0785                	addi	a5,a5,1
     a6a:	0ff7f793          	andi	a5,a5,255
     a6e:	477d                	li	a4,31
     a70:	00f76a63          	bltu	a4,a5,a84 <getRECQ+0x94>
     a74:	b03c                	sb	a5,3(s0)
     a76:	301c                	lbu	a5,1(s0)
     a78:	c399                	beqz	a5,a7e <getRECQ+0x8e>
     a7a:	17fd                	addi	a5,a5,-1
     a7c:	b01c                	sb	a5,1(s0)
     a7e:	8526                	mv	a0,s1
     a80:	ed4ff06f          	j	154 <__riscv_restore_0>
     a84:	000401a3          	sb	zero,3(s0)
     a88:	b7fd                	j	a76 <getRECQ+0x86>

00000a8a <PPS_INIT>:
     a8a:	e8cff2ef          	jal	t0,116 <__riscv_save_4>
     a8e:	7179                	addi	sp,sp,-48
     a90:	4585                	li	a1,1
     a92:	4515                	li	a0,5
     a94:	40011937          	lui	s2,0x40011
     a98:	ca02                	sw	zero,20(sp)
     a9a:	cc02                	sw	zero,24(sp)
     a9c:	ce02                	sw	zero,28(sp)
     a9e:	d002                	sw	zero,32(sp)
     aa0:	d202                	sw	zero,36(sp)
     aa2:	d402                	sw	zero,40(sp)
     aa4:	d602                	sw	zero,44(sp)
     aa6:	c602                	sw	zero,12(sp)
     aa8:	c802                	sw	zero,16(sp)
     aaa:	109010ef          	jal	ra,23b2 <RCC_APB2PeriphClockCmd>
     aae:	4489                	li	s1,2
     ab0:	02800993          	li	s3,40
     ab4:	084c                	addi	a1,sp,20
     ab6:	80090513          	addi	a0,s2,-2048 # 40010800 <_eusrstack+0x2000b800>
     aba:	ca26                	sw	s1,20(sp)
     abc:	ce4e                	sw	s3,28(sp)
     abe:	5f6010ef          	jal	ra,20b4 <GPIO_Init>
     ac2:	4585                	li	a1,1
     ac4:	4501                	li	a0,0
     ac6:	7ac010ef          	jal	ra,2272 <GPIO_EXTILineConfig>
     aca:	4405                	li	s0,1
     acc:	47c1                	li	a5,16
     ace:	1008                	addi	a0,sp,32
     ad0:	d43e                	sw	a5,40(sp)
     ad2:	d026                	sw	s1,32(sp)
     ad4:	d622                	sw	s0,44(sp)
     ad6:	d202                	sw	zero,36(sp)
     ad8:	54a010ef          	jal	ra,2022 <EXTI_Init>
     adc:	084c                	addi	a1,sp,20
     ade:	80090513          	addi	a0,s2,-2048
     ae2:	ca22                	sw	s0,20(sp)
     ae4:	ce4e                	sw	s3,28(sp)
     ae6:	5ce010ef          	jal	ra,20b4 <GPIO_Init>
     aea:	4581                	li	a1,0
     aec:	4501                	li	a0,0
     aee:	784010ef          	jal	ra,2272 <GPIO_EXTILineConfig>
     af2:	47a1                	li	a5,8
     af4:	1008                	addi	a0,sp,32
     af6:	d022                	sw	s0,32(sp)
     af8:	d43e                	sw	a5,40(sp)
     afa:	d622                	sw	s0,44(sp)
     afc:	d202                	sw	zero,36(sp)
     afe:	524010ef          	jal	ra,2022 <EXTI_Init>
     b02:	11400793          	li	a5,276
     b06:	0068                	addi	a0,sp,12
     b08:	867c                	sh	a5,12(sp)
     b0a:	8744                	sb	s1,14(sp)
     b0c:	c822                	sw	s0,16(sp)
     b0e:	798010ef          	jal	ra,22a6 <NVIC_Init>
     b12:	6145                	addi	sp,sp,48
     b14:	e36ff06f          	j	14a <__riscv_restore_4>

00000b18 <EXTI7_0_IRQHandler>:
     b18:	1101                	addi	sp,sp,-32
     b1a:	4509                	li	a0,2
     b1c:	ce22                	sw	s0,28(sp)
     b1e:	cc26                	sw	s1,24(sp)
     b20:	ca4a                	sw	s2,20(sp)
     b22:	56a010ef          	jal	ra,208c <EXTI_GetITStatus>
     b26:	c149                	beqz	a0,ba8 <EXTI7_0_IRQHandler+0x90>
     b28:	86d1c783          	lbu	a5,-1939(gp) # 2000025d <sleep_mode>
     b2c:	e7ad                	bnez	a5,b96 <EXTI7_0_IRQHandler+0x7e>
     b2e:	40011537          	lui	a0,0x40011
     b32:	4589                	li	a1,2
     b34:	80050513          	addi	a0,a0,-2048 # 40010800 <_eusrstack+0x2000b800>
     b38:	70a010ef          	jal	ra,2242 <GPIO_ReadInputDataBit>
     b3c:	86a181a3          	sb	a0,-1949(gp) # 20000253 <pps_val>
     b40:	8641c783          	lbu	a5,-1948(gp) # 20000254 <queFlag>
     b44:	842a                	mv	s0,a0
     b46:	cba1                	beqz	a5,b96 <EXTI7_0_IRQHandler+0x7e>
     b48:	8621c783          	lbu	a5,-1950(gp) # 20000252 <pps_enable>
     b4c:	c7a9                	beqz	a5,b96 <EXTI7_0_IRQHandler+0x7e>
     b4e:	47a5                	li	a5,9
     b50:	4585                	li	a1,1
     b52:	4505                	li	a0,1
     b54:	845c                	sb	a5,8(sp)
     b56:	000104a3          	sb	zero,9(sp)
     b5a:	00010523          	sb	zero,10(sp)
     b5e:	000105a3          	sb	zero,11(sp)
     b62:	00010623          	sb	zero,12(sp)
     b66:	3fd020ef          	jal	ra,3762 <calloc>
     b6a:	c919                	beqz	a0,b80 <EXTI7_0_IRQHandler+0x68>
     b6c:	00855793          	srli	a5,a0,0x8
     b70:	a100                	sb	s0,0(a0)
     b72:	84c8                	sb	a0,9(sp)
     b74:	855c                	sb	a5,10(sp)
     b76:	01055793          	srli	a5,a0,0x10
     b7a:	8161                	srli	a0,a0,0x18
     b7c:	85dc                	sb	a5,11(sp)
     b7e:	8648                	sb	a0,12(sp)
     b80:	b6818593          	addi	a1,gp,-1176 # 20000558 <queEvt>
     b84:	0028                	addi	a0,sp,8
     b86:	3bed                	jal	980 <putRECQ>
     b88:	e519                	bnez	a0,b96 <EXTI7_0_IRQHandler+0x7e>
     b8a:	85418793          	addi	a5,gp,-1964 # 20000244 <devError>
     b8e:	239a                	lhu	a4,0(a5)
     b90:	01076713          	ori	a4,a4,16
     b94:	a39a                	sh	a4,0(a5)
     b96:	4509                	li	a0,2
     b98:	512010ef          	jal	ra,20aa <EXTI_ClearITPendingBit>
     b9c:	4472                	lw	s0,28(sp)
     b9e:	44e2                	lw	s1,24(sp)
     ba0:	4952                	lw	s2,20(sp)
     ba2:	6105                	addi	sp,sp,32
     ba4:	30200073          	mret
     ba8:	4505                	li	a0,1
     baa:	4e2010ef          	jal	ra,208c <EXTI_GetITStatus>
     bae:	d57d                	beqz	a0,b9c <EXTI7_0_IRQHandler+0x84>
     bb0:	40011537          	lui	a0,0x40011
     bb4:	4585                	li	a1,1
     bb6:	80050513          	addi	a0,a0,-2048 # 40010800 <_eusrstack+0x2000b800>
     bba:	688010ef          	jal	ra,2242 <GPIO_ReadInputDataBit>
     bbe:	86a18023          	sb	a0,-1952(gp) # 20000250 <key_val>
     bc2:	85a1c783          	lbu	a5,-1958(gp) # 2000024a <key_enable>
     bc6:	85a18413          	addi	s0,gp,-1958 # 2000024a <key_enable>
     bca:	cbb9                	beqz	a5,c20 <EXTI7_0_IRQHandler+0x108>
     bcc:	c931                	beqz	a0,c20 <EXTI7_0_IRQHandler+0x108>
     bce:	86d1c703          	lbu	a4,-1939(gp) # 2000025d <sleep_mode>
     bd2:	86d18913          	addi	s2,gp,-1939 # 2000025d <sleep_mode>
     bd6:	86418493          	addi	s1,gp,-1948 # 20000254 <queFlag>
     bda:	c729                	beqz	a4,c24 <EXTI7_0_IRQHandler+0x10c>
     bdc:	102010ef          	jal	ra,1cde <SystemInit>
     be0:	209c                	lbu	a5,0(s1)
     be2:	c795                	beqz	a5,c0e <EXTI7_0_IRQHandler+0xf6>
     be4:	47b1                	li	a5,12
     be6:	b6818593          	addi	a1,gp,-1176 # 20000558 <queEvt>
     bea:	0028                	addi	a0,sp,8
     bec:	845c                	sb	a5,8(sp)
     bee:	000104a3          	sb	zero,9(sp)
     bf2:	00010523          	sb	zero,10(sp)
     bf6:	000105a3          	sb	zero,11(sp)
     bfa:	00010623          	sb	zero,12(sp)
     bfe:	3349                	jal	980 <putRECQ>
     c00:	e519                	bnez	a0,c0e <EXTI7_0_IRQHandler+0xf6>
     c02:	85418793          	addi	a5,gp,-1964 # 20000244 <devError>
     c06:	239a                	lhu	a4,0(a5)
     c08:	01076713          	ori	a4,a4,16
     c0c:	a39a                	sh	a4,0(a5)
     c0e:	00090023          	sb	zero,0(s2)
     c12:	8681a783          	lw	a5,-1944(gp) # 20000258 <seconda>
     c16:	00040023          	sb	zero,0(s0)
     c1a:	0789                	addi	a5,a5,2
     c1c:	84f1ae23          	sw	a5,-1956(gp) # 2000024c <key_tmr>
     c20:	4505                	li	a0,1
     c22:	bf9d                	j	b98 <EXTI7_0_IRQHandler+0x80>
     c24:	209c                	lbu	a5,0(s1)
     c26:	d7f5                	beqz	a5,c12 <EXTI7_0_IRQHandler+0xfa>
     c28:	47ad                	li	a5,11
     c2a:	b6818593          	addi	a1,gp,-1176 # 20000558 <queEvt>
     c2e:	0028                	addi	a0,sp,8
     c30:	845c                	sb	a5,8(sp)
     c32:	000104a3          	sb	zero,9(sp)
     c36:	00010523          	sb	zero,10(sp)
     c3a:	000105a3          	sb	zero,11(sp)
     c3e:	00010623          	sb	zero,12(sp)
     c42:	3b3d                	jal	980 <putRECQ>
     c44:	f579                	bnez	a0,c12 <EXTI7_0_IRQHandler+0xfa>
     c46:	85418793          	addi	a5,gp,-1964 # 20000244 <devError>
     c4a:	239a                	lhu	a4,0(a5)
     c4c:	01076713          	ori	a4,a4,16
     c50:	a39a                	sh	a4,0(a5)
     c52:	b7c1                	j	c12 <EXTI7_0_IRQHandler+0xfa>

00000c54 <InitUSART2>:
     c54:	cdcff2ef          	jal	t0,130 <__riscv_save_0>
     c58:	1101                	addi	sp,sp,-32
     c5a:	c802                	sw	zero,16(sp)
     c5c:	ca02                	sw	zero,20(sp)
     c5e:	cc02                	sw	zero,24(sp)
     c60:	ce02                	sw	zero,28(sp)
     c62:	400217b7          	lui	a5,0x40021
     c66:	4f98                	lw	a4,24(a5)
     c68:	000206b7          	lui	a3,0x20
     c6c:	40011437          	lui	s0,0x40011
     c70:	00476713          	ori	a4,a4,4
     c74:	cf98                	sw	a4,24(a5)
     c76:	4fd8                	lw	a4,28(a5)
     c78:	892a                	mv	s2,a0
     c7a:	44e1                	li	s1,24
     c7c:	8f55                	or	a4,a4,a3
     c7e:	cfd8                	sw	a4,28(a5)
     c80:	4791                	li	a5,4
     c82:	c23e                	sw	a5,4(sp)
     c84:	004c                	addi	a1,sp,4
     c86:	4785                	li	a5,1
     c88:	80040513          	addi	a0,s0,-2048 # 40010800 <_eusrstack+0x2000b800>
     c8c:	c43e                	sw	a5,8(sp)
     c8e:	c626                	sw	s1,12(sp)
     c90:	424010ef          	jal	ra,20b4 <GPIO_Init>
     c94:	47a1                	li	a5,8
     c96:	004c                	addi	a1,sp,4
     c98:	80040513          	addi	a0,s0,-2048
     c9c:	c23e                	sw	a5,4(sp)
     c9e:	40004437          	lui	s0,0x40004
     ca2:	c626                	sw	s1,12(sp)
     ca4:	410010ef          	jal	ra,20b4 <GPIO_Init>
     ca8:	000c07b7          	lui	a5,0xc0
     cac:	080c                	addi	a1,sp,16
     cae:	40040513          	addi	a0,s0,1024 # 40004400 <_eusrstack+0x1ffff400>
     cb2:	cc3e                	sw	a5,24(sp)
     cb4:	c84a                	sw	s2,16(sp)
     cb6:	ca02                	sw	zero,20(sp)
     cb8:	00011e23          	sh	zero,28(sp)
     cbc:	7f2010ef          	jal	ra,24ae <USART_Init>
     cc0:	4605                	li	a2,1
     cc2:	40040513          	addi	a0,s0,1024
     cc6:	52500593          	li	a1,1317
     cca:	08b010ef          	jal	ra,2554 <USART_ITConfig>
     cce:	e000e7b7          	lui	a5,0xe000e
     cd2:	08000713          	li	a4,128
     cd6:	10e7a223          	sw	a4,260(a5) # e000e104 <_eusrstack+0xc0009104>
     cda:	4585                	li	a1,1
     cdc:	40040513          	addi	a0,s0,1024
     ce0:	05f010ef          	jal	ra,253e <USART_Cmd>
     ce4:	6105                	addi	sp,sp,32
     ce6:	c6eff06f          	j	154 <__riscv_restore_0>

00000cea <USART2_IRQHandler>:
     cea:	7179                	addi	sp,sp,-48
     cec:	d622                	sw	s0,44(sp)
     cee:	40004437          	lui	s0,0x40004
     cf2:	02000593          	li	a1,32
     cf6:	40040513          	addi	a0,s0,1024 # 40004400 <_eusrstack+0x1ffff400>
     cfa:	d426                	sw	s1,40(sp)
     cfc:	d24a                	sw	s2,36(sp)
     cfe:	09d010ef          	jal	ra,259a <USART_GetFlagStatus>
     d02:	0e050563          	beqz	a0,dec <USART2_IRQHandler+0x102>
     d06:	40040513          	addi	a0,s0,1024
     d0a:	089010ef          	jal	ra,2592 <USART_ReceiveData>
     d0e:	85818693          	addi	a3,gp,-1960 # 20000248 <ind_gps>
     d12:	229c                	lbu	a5,0(a3)
     d14:	85818493          	addi	s1,gp,-1960 # 20000248 <ind_gps>
     d18:	0ff7f793          	andi	a5,a5,255
     d1c:	00178713          	addi	a4,a5,1
     d20:	0ff77713          	andi	a4,a4,255
     d24:	a298                	sb	a4,0(a3)
     d26:	ae818713          	addi	a4,gp,-1304 # 200004d8 <RxGps>
     d2a:	97ba                	add	a5,a5,a4
     d2c:	a388                	sb	a0,0(a5)
     d2e:	0ff57513          	andi	a0,a0,255
     d32:	47a9                	li	a5,10
     d34:	0af51c63          	bne	a0,a5,dec <USART2_IRQHandler+0x102>
     d38:	209c                	lbu	a5,0(s1)
     d3a:	17f9                	addi	a5,a5,-2
     d3c:	0ff7f793          	andi	a5,a5,255
     d40:	a09c                	sb	a5,0(s1)
     d42:	209c                	lbu	a5,0(s1)
     d44:	973e                	add	a4,a4,a5
     d46:	86d1c783          	lbu	a5,-1939(gp) # 2000025d <sleep_mode>
     d4a:	00070023          	sb	zero,0(a4)
     d4e:	e7d1                	bnez	a5,dda <USART2_IRQHandler+0xf0>
     d50:	8641c783          	lbu	a5,-1948(gp) # 20000254 <queFlag>
     d54:	c3d9                	beqz	a5,dda <USART2_IRQHandler+0xf0>
     d56:	8621c783          	lbu	a5,-1950(gp) # 20000252 <pps_enable>
     d5a:	c3c1                	beqz	a5,dda <USART2_IRQHandler+0xf0>
     d5c:	ae818513          	addi	a0,gp,-1304 # 200004d8 <RxGps>
     d60:	56f020ef          	jal	ra,3ace <strlen>
     d64:	47b9                	li	a5,14
     d66:	892a                	mv	s2,a0
     d68:	06a7f963          	bgeu	a5,a0,dda <USART2_IRQHandler+0xf0>
     d6c:	ae818513          	addi	a0,gp,-1304 # 200004d8 <RxGps>
     d70:	caaff0ef          	jal	ra,21a <gpsValidate>
     d74:	c13d                	beqz	a0,dda <USART2_IRQHandler+0xf0>
     d76:	00190613          	addi	a2,s2,1
     d7a:	47a1                	li	a5,8
     d7c:	85b2                	mv	a1,a2
     d7e:	4505                	li	a0,1
     d80:	00f10c23          	sb	a5,24(sp)
     d84:	00010ca3          	sb	zero,25(sp)
     d88:	00010d23          	sb	zero,26(sp)
     d8c:	00010da3          	sb	zero,27(sp)
     d90:	00010e23          	sb	zero,28(sp)
     d94:	c632                	sw	a2,12(sp)
     d96:	1cd020ef          	jal	ra,3762 <calloc>
     d9a:	892a                	mv	s2,a0
     d9c:	c505                	beqz	a0,dc4 <USART2_IRQHandler+0xda>
     d9e:	4632                	lw	a2,12(sp)
     da0:	ae818593          	addi	a1,gp,-1304 # 200004d8 <RxGps>
     da4:	1df020ef          	jal	ra,3782 <memcpy>
     da8:	00895793          	srli	a5,s2,0x8
     dac:	01210ca3          	sb	s2,25(sp)
     db0:	00f10d23          	sb	a5,26(sp)
     db4:	01095793          	srli	a5,s2,0x10
     db8:	01895913          	srli	s2,s2,0x18
     dbc:	00f10da3          	sb	a5,27(sp)
     dc0:	01210e23          	sb	s2,28(sp)
     dc4:	b6818593          	addi	a1,gp,-1176 # 20000558 <queEvt>
     dc8:	0828                	addi	a0,sp,24
     dca:	3e5d                	jal	980 <putRECQ>
     dcc:	e519                	bnez	a0,dda <USART2_IRQHandler+0xf0>
     dce:	85418793          	addi	a5,gp,-1964 # 20000244 <devError>
     dd2:	239a                	lhu	a4,0(a5)
     dd4:	01076713          	ori	a4,a4,16
     dd8:	a39a                	sh	a4,0(a5)
     dda:	08000613          	li	a2,128
     dde:	4581                	li	a1,0
     de0:	ae818513          	addi	a0,gp,-1304 # 200004d8 <RxGps>
     de4:	00048023          	sb	zero,0(s1)
     de8:	b78ff0ef          	jal	ra,160 <memset>
     dec:	5432                	lw	s0,44(sp)
     dee:	54a2                	lw	s1,40(sp)
     df0:	5912                	lw	s2,36(sp)
     df2:	6145                	addi	sp,sp,48
     df4:	30200073          	mret

00000df8 <InitUSART4>:
     df8:	b38ff2ef          	jal	t0,130 <__riscv_save_0>
     dfc:	1101                	addi	sp,sp,-32
     dfe:	c802                	sw	zero,16(sp)
     e00:	ca02                	sw	zero,20(sp)
     e02:	cc02                	sw	zero,24(sp)
     e04:	ce02                	sw	zero,28(sp)
     e06:	400217b7          	lui	a5,0x40021
     e0a:	4f98                	lw	a4,24(a5)
     e0c:	000806b7          	lui	a3,0x80
     e10:	40011437          	lui	s0,0x40011
     e14:	00876713          	ori	a4,a4,8
     e18:	cf98                	sw	a4,24(a5)
     e1a:	4fd8                	lw	a4,28(a5)
     e1c:	892a                	mv	s2,a0
     e1e:	44e1                	li	s1,24
     e20:	8f55                	or	a4,a4,a3
     e22:	cfd8                	sw	a4,28(a5)
     e24:	40010737          	lui	a4,0x40010
     e28:	435c                	lw	a5,4(a4)
     e2a:	669d                	lui	a3,0x7
     e2c:	004c                	addi	a1,sp,4
     e2e:	8fd5                	or	a5,a5,a3
     e30:	c35c                	sw	a5,4(a4)
     e32:	c0040513          	addi	a0,s0,-1024 # 40010c00 <_eusrstack+0x2000bc00>
     e36:	4785                	li	a5,1
     e38:	c23e                	sw	a5,4(sp)
     e3a:	c43e                	sw	a5,8(sp)
     e3c:	c626                	sw	s1,12(sp)
     e3e:	276010ef          	jal	ra,20b4 <GPIO_Init>
     e42:	4789                	li	a5,2
     e44:	004c                	addi	a1,sp,4
     e46:	c0040513          	addi	a0,s0,-1024
     e4a:	c23e                	sw	a5,4(sp)
     e4c:	40005437          	lui	s0,0x40005
     e50:	c626                	sw	s1,12(sp)
     e52:	262010ef          	jal	ra,20b4 <GPIO_Init>
     e56:	000c07b7          	lui	a5,0xc0
     e5a:	080c                	addi	a1,sp,16
     e5c:	c0040513          	addi	a0,s0,-1024 # 40004c00 <_eusrstack+0x1ffffc00>
     e60:	cc3e                	sw	a5,24(sp)
     e62:	c84a                	sw	s2,16(sp)
     e64:	ca02                	sw	zero,20(sp)
     e66:	00011e23          	sh	zero,28(sp)
     e6a:	644010ef          	jal	ra,24ae <USART_Init>
     e6e:	4605                	li	a2,1
     e70:	c0040513          	addi	a0,s0,-1024
     e74:	52500593          	li	a1,1317
     e78:	6dc010ef          	jal	ra,2554 <USART_ITConfig>
     e7c:	6785                	lui	a5,0x1
     e7e:	e000e737          	lui	a4,0xe000e
     e82:	80078793          	addi	a5,a5,-2048 # 800 <__stack_size>
     e86:	10f72223          	sw	a5,260(a4) # e000e104 <_eusrstack+0xc0009104>
     e8a:	4585                	li	a1,1
     e8c:	c0040513          	addi	a0,s0,-1024
     e90:	6ae010ef          	jal	ra,253e <USART_Cmd>
     e94:	6105                	addi	sp,sp,32
     e96:	abeff06f          	j	154 <__riscv_restore_0>

00000e9a <USART4_IRQHandler>:
     e9a:	7179                	addi	sp,sp,-48
     e9c:	ce52                	sw	s4,28(sp)
     e9e:	40005a37          	lui	s4,0x40005
     ea2:	02000593          	li	a1,32
     ea6:	c00a0513          	addi	a0,s4,-1024 # 40004c00 <_eusrstack+0x1ffffc00>
     eaa:	d622                	sw	s0,44(sp)
     eac:	d426                	sw	s1,40(sp)
     eae:	d24a                	sw	s2,36(sp)
     eb0:	d04e                	sw	s3,32(sp)
     eb2:	6e8010ef          	jal	ra,259a <USART_GetFlagStatus>
     eb6:	0e050963          	beqz	a0,fa8 <USART4_IRQHandler+0x10e>
     eba:	c00a0513          	addi	a0,s4,-1024
     ebe:	6d4010ef          	jal	ra,2592 <USART_ReceiveData>
     ec2:	85718413          	addi	s0,gp,-1961 # 20000247 <ind>
     ec6:	2018                	lbu	a4,0(s0)
     ec8:	aa818793          	addi	a5,gp,-1368 # 20000498 <RxBuff>
     ecc:	973e                	add	a4,a4,a5
     ece:	0ff57993          	andi	s3,a0,255
     ed2:	01370023          	sb	s3,0(a4)
     ed6:	2018                	lbu	a4,0(s0)
     ed8:	c00a0513          	addi	a0,s4,-1024
     edc:	85718913          	addi	s2,gp,-1961 # 20000247 <ind>
     ee0:	97ba                	add	a5,a5,a4
     ee2:	238c                	lbu	a1,0(a5)
     ee4:	6a6010ef          	jal	ra,258a <USART_SendData>
     ee8:	201c                	lbu	a5,0(s0)
     eea:	aa818713          	addi	a4,gp,-1368 # 20000498 <RxBuff>
     eee:	0785                	addi	a5,a5,1
     ef0:	0ff7f793          	andi	a5,a5,255
     ef4:	a01c                	sb	a5,0(s0)
     ef6:	47a9                	li	a5,10
     ef8:	00f98663          	beq	s3,a5,f04 <USART4_IRQHandler+0x6a>
     efc:	47b5                	li	a5,13
     efe:	4401                	li	s0,0
     f00:	06f99863          	bne	s3,a5,f70 <USART4_IRQHandler+0xd6>
     f04:	00094783          	lbu	a5,0(s2)
     f08:	000095b7          	lui	a1,0x9
     f0c:	b3c58593          	addi	a1,a1,-1220 # 8b3c <_read+0xf0>
     f10:	0785                	addi	a5,a5,1
     f12:	0ff7f793          	andi	a5,a5,255
     f16:	00f90023          	sb	a5,0(s2)
     f1a:	aa818513          	addi	a0,gp,-1368 # 20000498 <RxBuff>
     f1e:	97ba                	add	a5,a5,a4
     f20:	00078023          	sb	zero,0(a5)
     f24:	3e5020ef          	jal	ra,3b08 <strstr>
     f28:	4435                	li	s0,13
     f2a:	e915                	bnez	a0,f5e <USART4_IRQHandler+0xc4>
     f2c:	000095b7          	lui	a1,0x9
     f30:	b4458593          	addi	a1,a1,-1212 # 8b44 <_read+0xf8>
     f34:	aa818513          	addi	a0,gp,-1368 # 20000498 <RxBuff>
     f38:	3d1020ef          	jal	ra,3b08 <strstr>
     f3c:	4405                	li	s0,1
     f3e:	e105                	bnez	a0,f5e <USART4_IRQHandler+0xc4>
     f40:	000095b7          	lui	a1,0x9
     f44:	b4858593          	addi	a1,a1,-1208 # 8b48 <_read+0xfc>
     f48:	aa818513          	addi	a0,gp,-1368 # 20000498 <RxBuff>
     f4c:	3bd020ef          	jal	ra,3b08 <strstr>
     f50:	c53d                	beqz	a0,fbe <USART4_IRQHandler+0x124>
     f52:	8521c703          	lbu	a4,-1966(gp) # 20000242 <rmc>
     f56:	e32d                	bnez	a4,fb8 <USART4_IRQHandler+0x11e>
     f58:	84818923          	sb	s0,-1966(gp) # 20000242 <rmc>
     f5c:	4415                	li	s0,5
     f5e:	04000613          	li	a2,64
     f62:	4581                	li	a1,0
     f64:	aa818513          	addi	a0,gp,-1368 # 20000498 <RxBuff>
     f68:	00090023          	sb	zero,0(s2)
     f6c:	9f4ff0ef          	jal	ra,160 <memset>
     f70:	86d1c783          	lbu	a5,-1939(gp) # 2000025d <sleep_mode>
     f74:	eb95                	bnez	a5,fa8 <USART4_IRQHandler+0x10e>
     f76:	8641c783          	lbu	a5,-1948(gp) # 20000254 <queFlag>
     f7a:	c79d                	beqz	a5,fa8 <USART4_IRQHandler+0x10e>
     f7c:	c415                	beqz	s0,fa8 <USART4_IRQHandler+0x10e>
     f7e:	b6818593          	addi	a1,gp,-1176 # 20000558 <queEvt>
     f82:	0028                	addi	a0,sp,8
     f84:	8440                	sb	s0,8(sp)
     f86:	000104a3          	sb	zero,9(sp)
     f8a:	00010523          	sb	zero,10(sp)
     f8e:	000105a3          	sb	zero,11(sp)
     f92:	00010623          	sb	zero,12(sp)
     f96:	9ebff0ef          	jal	ra,980 <putRECQ>
     f9a:	e519                	bnez	a0,fa8 <USART4_IRQHandler+0x10e>
     f9c:	85418793          	addi	a5,gp,-1964 # 20000244 <devError>
     fa0:	239a                	lhu	a4,0(a5)
     fa2:	01076713          	ori	a4,a4,16
     fa6:	a39a                	sh	a4,0(a5)
     fa8:	5432                	lw	s0,44(sp)
     faa:	54a2                	lw	s1,40(sp)
     fac:	5912                	lw	s2,36(sp)
     fae:	5982                	lw	s3,32(sp)
     fb0:	4a72                	lw	s4,28(sp)
     fb2:	6145                	addi	sp,sp,48
     fb4:	30200073          	mret
     fb8:	84018923          	sb	zero,-1966(gp) # 20000242 <rmc>
     fbc:	b745                	j	f5c <USART4_IRQHandler+0xc2>
     fbe:	000095b7          	lui	a1,0x9
     fc2:	b4c58593          	addi	a1,a1,-1204 # 8b4c <_read+0x100>
     fc6:	aa818513          	addi	a0,gp,-1368 # 20000498 <RxBuff>
     fca:	33f020ef          	jal	ra,3b08 <strstr>
     fce:	c919                	beqz	a0,fe4 <USART4_IRQHandler+0x14a>
     fd0:	8501c703          	lbu	a4,-1968(gp) # 20000240 <_edata>
     fd4:	e709                	bnez	a4,fde <USART4_IRQHandler+0x144>
     fd6:	84818823          	sb	s0,-1968(gp) # 20000240 <_edata>
     fda:	4419                	li	s0,6
     fdc:	b749                	j	f5e <USART4_IRQHandler+0xc4>
     fde:	84018823          	sb	zero,-1968(gp) # 20000240 <_edata>
     fe2:	bfe5                	j	fda <USART4_IRQHandler+0x140>
     fe4:	000095b7          	lui	a1,0x9
     fe8:	b5058593          	addi	a1,a1,-1200 # 8b50 <_read+0x104>
     fec:	aa818513          	addi	a0,gp,-1368 # 20000498 <RxBuff>
     ff0:	319020ef          	jal	ra,3b08 <strstr>
     ff4:	4411                	li	s0,4
     ff6:	f525                	bnez	a0,f5e <USART4_IRQHandler+0xc4>
     ff8:	000095b7          	lui	a1,0x9
     ffc:	b5858593          	addi	a1,a1,-1192 # 8b58 <_read+0x10c>
    1000:	aa818513          	addi	a0,gp,-1368 # 20000498 <RxBuff>
    1004:	305020ef          	jal	ra,3b08 <strstr>
    1008:	441d                	li	s0,7
    100a:	f931                	bnez	a0,f5e <USART4_IRQHandler+0xc4>
    100c:	000095b7          	lui	a1,0x9
    1010:	b5c58593          	addi	a1,a1,-1188 # 8b5c <_read+0x110>
    1014:	aa818513          	addi	a0,gp,-1368 # 20000498 <RxBuff>
    1018:	2f1020ef          	jal	ra,3b08 <strstr>
    101c:	4439                	li	s0,14
    101e:	d121                	beqz	a0,f5e <USART4_IRQHandler+0xc4>
    1020:	03d00593          	li	a1,61
    1024:	aa818513          	addi	a0,gp,-1368 # 20000498 <RxBuff>
    1028:	27f020ef          	jal	ra,3aa6 <strchr>
    102c:	440d                	li	s0,3
    102e:	d905                	beqz	a0,f5e <USART4_IRQHandler+0xc4>
    1030:	0505                	addi	a0,a0,1
    1032:	728020ef          	jal	ra,375a <atol>
    1036:	80a1ac23          	sw	a0,-2024(gp) # 20000208 <epoch>
    103a:	4705                	li	a4,1
    103c:	82e18023          	sb	a4,-2016(gp) # 20000210 <set_time>
    1040:	4401                	li	s0,0
    1042:	bf31                	j	f5e <USART4_IRQHandler+0xc4>

00001044 <TIM1_Init>:
    1044:	8ecff2ef          	jal	t0,130 <__riscv_save_0>
    1048:	400216b7          	lui	a3,0x40021
    104c:	4e9c                	lw	a5,24(a3)
    104e:	6705                	lui	a4,0x1
    1050:	1101                	addi	sp,sp,-32
    1052:	80070713          	addi	a4,a4,-2048 # 800 <__stack_size>
    1056:	8fd9                	or	a5,a5,a4
    1058:	00011c23          	sh	zero,24(sp)
    105c:	00011e23          	sh	zero,28(sp)
    1060:	c602                	sw	zero,12(sp)
    1062:	c802                	sw	zero,16(sp)
    1064:	00011b23          	sh	zero,22(sp)
    1068:	00011d23          	sh	zero,26(sp)
    106c:	ce9c                	sw	a5,24(a3)
    106e:	8101d783          	lhu	a5,-2032(gp) # 20000200 <arr>
    1072:	40013437          	lui	s0,0x40013
    1076:	084c                	addi	a1,sp,20
    1078:	84fc                	sh	a5,24(sp)
    107a:	81e1d783          	lhu	a5,-2018(gp) # 2000020e <psc>
    107e:	c0040513          	addi	a0,s0,-1024 # 40012c00 <_eusrstack+0x2000dc00>
    1082:	c0040493          	addi	s1,s0,-1024
    1086:	82fc                	sh	a5,20(sp)
    1088:	03200793          	li	a5,50
    108c:	00f10e23          	sb	a5,28(sp)
    1090:	3a4010ef          	jal	ra,2434 <TIM_TimeBaseInit>
    1094:	57f9                	li	a5,-2
    1096:	c0f41823          	sh	a5,-1008(s0)
    109a:	02300793          	li	a5,35
    109e:	867c                	sh	a5,12(sp)
    10a0:	4785                	li	a5,1
    10a2:	875c                	sb	a5,14(sp)
    10a4:	0068                	addi	a0,sp,12
    10a6:	4785                	li	a5,1
    10a8:	c83e                	sw	a5,16(sp)
    10aa:	1fc010ef          	jal	ra,22a6 <NVIC_Init>
    10ae:	c0c45783          	lhu	a5,-1012(s0)
    10b2:	0017e793          	ori	a5,a5,1
    10b6:	c0f41623          	sh	a5,-1012(s0)
    10ba:	c0045783          	lhu	a5,-1024(s0)
    10be:	0017e793          	ori	a5,a5,1
    10c2:	c0f41023          	sh	a5,-1024(s0)
    10c6:	6105                	addi	sp,sp,32
    10c8:	88cff06f          	j	154 <__riscv_restore_0>

000010cc <GPIO_ConfigOut>:
    10cc:	864ff2ef          	jal	t0,130 <__riscv_save_0>
    10d0:	400117b7          	lui	a5,0x40011
    10d4:	c0078693          	addi	a3,a5,-1024 # 40010c00 <_eusrstack+0x2000bc00>
    10d8:	1141                	addi	sp,sp,-16
    10da:	4721                	li	a4,8
    10dc:	00d50663          	beq	a0,a3,10e8 <GPIO_ConfigOut+0x1c>
    10e0:	4711                	li	a4,4
    10e2:	00f51363          	bne	a0,a5,10e8 <GPIO_ConfigOut+0x1c>
    10e6:	4741                	li	a4,16
    10e8:	400216b7          	lui	a3,0x40021
    10ec:	4e9c                	lw	a5,24(a3)
    10ee:	8fd9                	or	a5,a5,a4
    10f0:	ce9c                	sw	a5,24(a3)
    10f2:	47c1                	li	a5,16
    10f4:	c22e                	sw	a1,4(sp)
    10f6:	c63e                	sw	a5,12(sp)
    10f8:	004c                	addi	a1,sp,4
    10fa:	4785                	li	a5,1
    10fc:	c43e                	sw	a5,8(sp)
    10fe:	7b7000ef          	jal	ra,20b4 <GPIO_Init>
    1102:	0141                	addi	sp,sp,16
    1104:	850ff06f          	j	154 <__riscv_restore_0>

00001108 <Leds>:
    1108:	828ff2ef          	jal	t0,130 <__riscv_save_0>
    110c:	80c1a503          	lw	a0,-2036(gp) # 200001fc <LedPort>
    1110:	8081d583          	lhu	a1,-2040(gp) # 200001f8 <LedPin>
    1114:	8611c783          	lbu	a5,-1951(gp) # 20000251 <led>
    1118:	86118413          	addi	s0,gp,-1951 # 20000251 <led>
    111c:	cb89                	beqz	a5,112e <Leds+0x26>
    111e:	13c010ef          	jal	ra,225a <GPIO_ResetBits>
    1122:	201c                	lbu	a5,0(s0)
    1124:	fff7c793          	not	a5,a5
    1128:	a01c                	sb	a5,0(s0)
    112a:	82aff06f          	j	154 <__riscv_restore_0>
    112e:	11e010ef          	jal	ra,224c <GPIO_SetBits>
    1132:	bfc5                	j	1122 <Leds+0x1a>

00001134 <TIM1_UP_IRQHandler>:
    1134:	40013537          	lui	a0,0x40013
    1138:	1101                	addi	sp,sp,-32
    113a:	4585                	li	a1,1
    113c:	c0050513          	addi	a0,a0,-1024 # 40012c00 <_eusrstack+0x2000dc00>
    1140:	ce22                	sw	s0,28(sp)
    1142:	348010ef          	jal	ra,248a <TIM_GetITStatus>
    1146:	4785                	li	a5,1
    1148:	08f51e63          	bne	a0,a5,11e4 <TIM1_UP_IRQHandler+0xb0>
    114c:	3f75                	jal	1108 <Leds>
    114e:	82018713          	addi	a4,gp,-2016 # 20000210 <set_time>
    1152:	2314                	lbu	a3,0(a4)
    1154:	86818793          	addi	a5,gp,-1944 # 20000258 <seconda>
    1158:	c699                	beqz	a3,1166 <TIM1_UP_IRQHandler+0x32>
    115a:	8181a683          	lw	a3,-2024(gp) # 20000208 <epoch>
    115e:	00070023          	sb	zero,0(a4)
    1162:	0685                	addi	a3,a3,1
    1164:	c394                	sw	a3,0(a5)
    1166:	4398                	lw	a4,0(a5)
    1168:	0705                	addi	a4,a4,1
    116a:	c398                	sw	a4,0(a5)
    116c:	8641c703          	lbu	a4,-1948(gp) # 20000254 <queFlag>
    1170:	86418413          	addi	s0,gp,-1948 # 20000254 <queFlag>
    1174:	cb15                	beqz	a4,11a8 <TIM1_UP_IRQHandler+0x74>
    1176:	86d1c783          	lbu	a5,-1939(gp) # 2000025d <sleep_mode>
    117a:	e79d                	bnez	a5,11a8 <TIM1_UP_IRQHandler+0x74>
    117c:	4789                	li	a5,2
    117e:	b6818593          	addi	a1,gp,-1176 # 20000558 <queEvt>
    1182:	0028                	addi	a0,sp,8
    1184:	845c                	sb	a5,8(sp)
    1186:	000104a3          	sb	zero,9(sp)
    118a:	00010523          	sb	zero,10(sp)
    118e:	000105a3          	sb	zero,11(sp)
    1192:	00010623          	sb	zero,12(sp)
    1196:	feaff0ef          	jal	ra,980 <putRECQ>
    119a:	e519                	bnez	a0,11a8 <TIM1_UP_IRQHandler+0x74>
    119c:	85418793          	addi	a5,gp,-1964 # 20000244 <devError>
    11a0:	239a                	lhu	a4,0(a5)
    11a2:	01076713          	ori	a4,a4,16
    11a6:	a39a                	sh	a4,0(a5)
    11a8:	81c1c783          	lbu	a5,-2020(gp) # 2000020c <oledOnOff>
    11ac:	ef85                	bnez	a5,11e4 <TIM1_UP_IRQHandler+0xb0>
    11ae:	86d1c783          	lbu	a5,-1939(gp) # 2000025d <sleep_mode>
    11b2:	cb8d                	beqz	a5,11e4 <TIM1_UP_IRQHandler+0xb0>
    11b4:	201c                	lbu	a5,0(s0)
    11b6:	c79d                	beqz	a5,11e4 <TIM1_UP_IRQHandler+0xb0>
    11b8:	47b1                	li	a5,12
    11ba:	b6818593          	addi	a1,gp,-1176 # 20000558 <queEvt>
    11be:	0028                	addi	a0,sp,8
    11c0:	845c                	sb	a5,8(sp)
    11c2:	000104a3          	sb	zero,9(sp)
    11c6:	00010523          	sb	zero,10(sp)
    11ca:	000105a3          	sb	zero,11(sp)
    11ce:	00010623          	sb	zero,12(sp)
    11d2:	faeff0ef          	jal	ra,980 <putRECQ>
    11d6:	e519                	bnez	a0,11e4 <TIM1_UP_IRQHandler+0xb0>
    11d8:	85418793          	addi	a5,gp,-1964 # 20000244 <devError>
    11dc:	239a                	lhu	a4,0(a5)
    11de:	01076713          	ori	a4,a4,16
    11e2:	a39a                	sh	a4,0(a5)
    11e4:	40013537          	lui	a0,0x40013
    11e8:	4585                	li	a1,1
    11ea:	c0050513          	addi	a0,a0,-1024 # 40012c00 <_eusrstack+0x2000dc00>
    11ee:	2b4010ef          	jal	ra,24a2 <TIM_ClearITPendingBit>
    11f2:	4472                	lw	s0,28(sp)
    11f4:	6105                	addi	sp,sp,32
    11f6:	30200073          	mret

000011fa <calcTime>:
    11fa:	f37fe2ef          	jal	t0,130 <__riscv_save_0>
    11fe:	1141                	addi	sp,sp,-16
    1200:	842e                	mv	s0,a1
    1202:	002c                	addi	a1,sp,8
    1204:	84b2                	mv	s1,a2
    1206:	e5aff0ef          	jal	ra,860 <EpochToDateTime>
    120a:	00e14803          	lbu	a6,14(sp)
    120e:	869c                	lbu	a5,13(sp)
    1210:	8618                	lbu	a4,12(sp)
    1212:	8514                	lbu	a3,10(sp)
    1214:	8590                	lbu	a2,11(sp)
    1216:	c08d                	beqz	s1,1238 <calcTime+0x3e>
    1218:	842c                	lhu	a1,8(sp)
    121a:	88c2                	mv	a7,a6
    121c:	883e                	mv	a6,a5
    121e:	87ba                	mv	a5,a4
    1220:	83058713          	addi	a4,a1,-2000
    1224:	000095b7          	lui	a1,0x9
    1228:	b6458593          	addi	a1,a1,-1180 # 8b64 <_read+0x118>
    122c:	8522                	mv	a0,s0
    122e:	015020ef          	jal	ra,3a42 <siprintf>
    1232:	0141                	addi	sp,sp,16
    1234:	f21fe06f          	j	154 <__riscv_restore_0>
    1238:	000095b7          	lui	a1,0x9
    123c:	b8458593          	addi	a1,a1,-1148 # 8b84 <_read+0x138>
    1240:	8522                	mv	a0,s0
    1242:	001020ef          	jal	ra,3a42 <siprintf>
    1246:	b7f5                	j	1232 <calcTime+0x38>

00001248 <spi_init>:
    1248:	ecffe2ef          	jal	t0,116 <__riscv_save_4>
    124c:	400217b7          	lui	a5,0x40021
    1250:	4f98                	lw	a4,24(a5)
    1252:	6905                	lui	s2,0x1
    1254:	00490693          	addi	a3,s2,4 # 1004 <USART4_IRQHandler+0x16a>
    1258:	8f55                	or	a4,a4,a3
    125a:	cf98                	sw	a4,24(a5)
    125c:	4f98                	lw	a4,24(a5)
    125e:	1101                	addi	sp,sp,-32
    1260:	40011437          	lui	s0,0x40011
    1264:	00876713          	ori	a4,a4,8
    1268:	cf98                	sw	a4,24(a5)
    126a:	4485                	li	s1,1
    126c:	84890793          	addi	a5,s2,-1976
    1270:	49c1                	li	s3,16
    1272:	858a                	mv	a1,sp
    1274:	c0040513          	addi	a0,s0,-1024 # 40010c00 <_eusrstack+0x2000bc00>
    1278:	c03e                	sw	a5,0(sp)
    127a:	c44e                	sw	s3,8(sp)
    127c:	c226                	sw	s1,4(sp)
    127e:	637000ef          	jal	ra,20b4 <GPIO_Init>
    1282:	04000793          	li	a5,64
    1286:	858a                	mv	a1,sp
    1288:	80040513          	addi	a0,s0,-2048
    128c:	c03e                	sw	a5,0(sp)
    128e:	c44e                	sw	s3,8(sp)
    1290:	c226                	sw	s1,4(sp)
    1292:	623000ef          	jal	ra,20b4 <GPIO_Init>
    1296:	08000793          	li	a5,128
    129a:	49e1                	li	s3,24
    129c:	858a                	mv	a1,sp
    129e:	80040513          	addi	a0,s0,-2048
    12a2:	c03e                	sw	a5,0(sp)
    12a4:	c44e                	sw	s3,8(sp)
    12a6:	c226                	sw	s1,4(sp)
    12a8:	60d000ef          	jal	ra,20b4 <GPIO_Init>
    12ac:	02000793          	li	a5,32
    12b0:	858a                	mv	a1,sp
    12b2:	80040513          	addi	a0,s0,-2048
    12b6:	c03e                	sw	a5,0(sp)
    12b8:	c44e                	sw	s3,8(sp)
    12ba:	c226                	sw	s1,4(sp)
    12bc:	5f9000ef          	jal	ra,20b4 <GPIO_Init>
    12c0:	80090593          	addi	a1,s2,-2048
    12c4:	c0040513          	addi	a0,s0,-1024
    12c8:	785000ef          	jal	ra,224c <GPIO_SetBits>
    12cc:	c0040513          	addi	a0,s0,-1024
    12d0:	45a1                	li	a1,8
    12d2:	789000ef          	jal	ra,225a <GPIO_ResetBits>
    12d6:	80040513          	addi	a0,s0,-2048
    12da:	04000593          	li	a1,64
    12de:	76f000ef          	jal	ra,224c <GPIO_SetBits>
    12e2:	0104c7b7          	lui	a5,0x104c
    12e6:	c802                	sw	zero,16(sp)
    12e8:	c63e                	sw	a5,12(sp)
    12ea:	4789                	li	a5,2
    12ec:	81fc                	sh	a5,18(sp)
    12ee:	020007b7          	lui	a5,0x2000
    12f2:	0785                	addi	a5,a5,1
    12f4:	006c                	addi	a1,sp,12
    12f6:	40013537          	lui	a0,0x40013
    12fa:	ca3e                	sw	a5,20(sp)
    12fc:	cc02                	sw	zero,24(sp)
    12fe:	00011e23          	sh	zero,28(sp)
    1302:	0ec010ef          	jal	ra,23ee <SPI_Init>
    1306:	40013737          	lui	a4,0x40013
    130a:	231e                	lhu	a5,0(a4)
    130c:	0407e793          	ori	a5,a5,64
    1310:	a31e                	sh	a5,0(a4)
    1312:	6105                	addi	sp,sp,32
    1314:	e37fe06f          	j	14a <__riscv_restore_4>

00001318 <Report>:
    1318:	715d                	addi	sp,sp,-80
    131a:	d04a                	sw	s2,32(sp)
    131c:	cc52                	sw	s4,24(sp)
    131e:	892a                	mv	s2,a0
    1320:	8a2e                	mv	s4,a1
    1322:	4505                	li	a0,1
    1324:	40000593          	li	a1,1024
    1328:	ce4e                	sw	s3,28(sp)
    132a:	d606                	sw	ra,44(sp)
    132c:	d422                	sw	s0,40(sp)
    132e:	d226                	sw	s1,36(sp)
    1330:	89b2                	mv	s3,a2
    1332:	de36                	sw	a3,60(sp)
    1334:	c0ba                	sw	a4,64(sp)
    1336:	c2be                	sw	a5,68(sp)
    1338:	c4c2                	sw	a6,72(sp)
    133a:	c6c6                	sw	a7,76(sp)
    133c:	426020ef          	jal	ra,3762 <calloc>
    1340:	c52d                	beqz	a0,13aa <Report+0x92>
    1342:	842a                	mv	s0,a0
    1344:	4481                	li	s1,0
    1346:	020a0063          	beqz	s4,1366 <Report+0x4e>
    134a:	8681a503          	lw	a0,-1944(gp) # 20000258 <seconda>
    134e:	4601                	li	a2,0
    1350:	85a2                	mv	a1,s0
    1352:	3565                	jal	11fa <calcTime>
    1354:	000095b7          	lui	a1,0x9
    1358:	84aa                	mv	s1,a0
    135a:	b3058593          	addi	a1,a1,-1232 # 8b30 <_read+0xe4>
    135e:	8522                	mv	a0,s0
    1360:	728020ef          	jal	ra,3a88 <strcat>
    1364:	048d                	addi	s1,s1,3
    1366:	00090e63          	beqz	s2,1382 <Report+0x6a>
    136a:	8522                	mv	a0,s0
    136c:	762020ef          	jal	ra,3ace <strlen>
    1370:	000095b7          	lui	a1,0x9
    1374:	864a                	mv	a2,s2
    1376:	b3458593          	addi	a1,a1,-1228 # 8b34 <_read+0xe8>
    137a:	9522                	add	a0,a0,s0
    137c:	6c6020ef          	jal	ra,3a42 <siprintf>
    1380:	94aa                	add	s1,s1,a0
    1382:	40000593          	li	a1,1024
    1386:	1874                	addi	a3,sp,60
    1388:	864e                	mv	a2,s3
    138a:	8d85                	sub	a1,a1,s1
    138c:	00940533          	add	a0,s0,s1
    1390:	c636                	sw	a3,12(sp)
    1392:	634030ef          	jal	ra,49c6 <vsniprintf>
    1396:	00009537          	lui	a0,0x9
    139a:	85a2                	mv	a1,s0
    139c:	c5450513          	addi	a0,a0,-940 # 8c54 <_read+0x208>
    13a0:	636020ef          	jal	ra,39d6 <iprintf>
    13a4:	8522                	mv	a0,s0
    13a6:	3d2020ef          	jal	ra,3778 <free>
    13aa:	50b2                	lw	ra,44(sp)
    13ac:	5422                	lw	s0,40(sp)
    13ae:	5492                	lw	s1,36(sp)
    13b0:	5902                	lw	s2,32(sp)
    13b2:	49f2                	lw	s3,28(sp)
    13b4:	4a62                	lw	s4,24(sp)
    13b6:	6161                	addi	sp,sp,80
    13b8:	8082                	ret

000013ba <chipName>:
    13ba:	d77fe2ef          	jal	t0,130 <__riscv_save_0>
    13be:	45b000ef          	jal	ra,2018 <DBGMCU_GetCHIPID>
    13c2:	035707b7          	lui	a5,0x3570
    13c6:	f0f57513          	andi	a0,a0,-241
    13ca:	60178793          	addi	a5,a5,1537 # 3570601 <_data_lma+0x3566edd>
    13ce:	06f50363          	beq	a0,a5,1434 <chipName+0x7a>
    13d2:	02a7ea63          	bltu	a5,a0,1406 <chipName+0x4c>
    13d6:	035107b7          	lui	a5,0x3510
    13da:	60178793          	addi	a5,a5,1537 # 3510601 <_data_lma+0x3506edd>
    13de:	06f50063          	beq	a0,a5,143e <chipName+0x84>
    13e2:	035607b7          	lui	a5,0x3560
    13e6:	60178793          	addi	a5,a5,1537 # 3560601 <_data_lma+0x3556edd>
    13ea:	04f50f63          	beq	a0,a5,1448 <chipName+0x8e>
    13ee:	035007b7          	lui	a5,0x3500
    13f2:	60178793          	addi	a5,a5,1537 # 3500601 <_data_lma+0x34f6edd>
    13f6:	04f50e63          	beq	a0,a5,1452 <chipName+0x98>
    13fa:	00009537          	lui	a0,0x9
    13fe:	ba050513          	addi	a0,a0,-1120 # 8ba0 <_read+0x154>
    1402:	d53fe06f          	j	154 <__riscv_restore_0>
    1406:	035b07b7          	lui	a5,0x35b0
    140a:	60178793          	addi	a5,a5,1537 # 35b0601 <_data_lma+0x35a6edd>
    140e:	04f50763          	beq	a0,a5,145c <chipName+0xa2>
    1412:	035e07b7          	lui	a5,0x35e0
    1416:	60178793          	addi	a5,a5,1537 # 35e0601 <_data_lma+0x35d6edd>
    141a:	04f50663          	beq	a0,a5,1466 <chipName+0xac>
    141e:	035a07b7          	lui	a5,0x35a0
    1422:	60178793          	addi	a5,a5,1537 # 35a0601 <_data_lma+0x3596edd>
    1426:	fcf51ae3          	bne	a0,a5,13fa <chipName+0x40>
    142a:	00009537          	lui	a0,0x9
    142e:	bf850513          	addi	a0,a0,-1032 # 8bf8 <_read+0x1ac>
    1432:	bfc1                	j	1402 <chipName+0x48>
    1434:	00009537          	lui	a0,0x9
    1438:	be850513          	addi	a0,a0,-1048 # 8be8 <_read+0x19c>
    143c:	b7d9                	j	1402 <chipName+0x48>
    143e:	00009537          	lui	a0,0x9
    1442:	c0850513          	addi	a0,a0,-1016 # 8c08 <_read+0x1bc>
    1446:	bf75                	j	1402 <chipName+0x48>
    1448:	00009537          	lui	a0,0x9
    144c:	bc850513          	addi	a0,a0,-1080 # 8bc8 <_read+0x17c>
    1450:	bf4d                	j	1402 <chipName+0x48>
    1452:	00009537          	lui	a0,0x9
    1456:	ba850513          	addi	a0,a0,-1112 # 8ba8 <_read+0x15c>
    145a:	b765                	j	1402 <chipName+0x48>
    145c:	00009537          	lui	a0,0x9
    1460:	bd850513          	addi	a0,a0,-1064 # 8bd8 <_read+0x18c>
    1464:	bf79                	j	1402 <chipName+0x48>
    1466:	00009537          	lui	a0,0x9
    146a:	bb850513          	addi	a0,a0,-1096 # 8bb8 <_read+0x16c>
    146e:	bf51                	j	1402 <chipName+0x48>

00001470 <prnInfo>:
    1470:	cc1fe2ef          	jal	t0,130 <__riscv_save_0>
    1474:	8281a683          	lw	a3,-2008(gp) # 20000218 <ver>
    1478:	1141                	addi	sp,sp,-16
    147a:	c636                	sw	a3,12(sp)
    147c:	3f3d                	jal	13ba <chipName>
    147e:	8681a803          	lw	a6,-1944(gp) # 20000258 <seconda>
    1482:	8141a883          	lw	a7,-2028(gp) # 20000204 <eol>
    1486:	46b2                	lw	a3,12(sp)
    1488:	82c1a783          	lw	a5,-2004(gp) # 2000021c <SystemCoreClock>
    148c:	00009637          	lui	a2,0x9
    1490:	872a                	mv	a4,a0
    1492:	d4060613          	addi	a2,a2,-704 # 8d40 <_read+0x2f4>
    1496:	4585                	li	a1,1
    1498:	4501                	li	a0,0
    149a:	3dbd                	jal	1318 <Report>
    149c:	0141                	addi	sp,sp,16
    149e:	cb7fe06f          	j	154 <__riscv_restore_0>

000014a2 <main>:
    14a2:	c5ffe2ef          	jal	t0,100 <__riscv_save_12>
    14a6:	7149                	addi	sp,sp,-368
    14a8:	4505                	li	a0,1
    14aa:	5f7000ef          	jal	ra,22a0 <NVIC_PriorityGroupConfig>
    14ae:	073000ef          	jal	ra,1d20 <SystemCoreClockUpdate>
    14b2:	8081d583          	lhu	a1,-2040(gp) # 200001f8 <LedPin>
    14b6:	80c1a503          	lw	a0,-2036(gp) # 200001fc <LedPort>
    14ba:	c13ff0ef          	jal	ra,10cc <GPIO_ConfigOut>
    14be:	0e6010ef          	jal	ra,25a4 <Delay_Init>
    14c2:	b6818513          	addi	a0,gp,-1176 # 20000558 <queEvt>
    14c6:	c7cff0ef          	jal	ra,942 <initRECQ>
    14ca:	86a18223          	sb	a0,-1948(gp) # 20000254 <queFlag>
    14ce:	b77ff0ef          	jal	ra,1044 <TIM1_Init>
    14d2:	6571                	lui	a0,0x1c
    14d4:	20050513          	addi	a0,a0,512 # 1c200 <_data_lma+0x12adc>
    14d8:	921ff0ef          	jal	ra,df8 <InitUSART4>
    14dc:	daeff0ef          	jal	ra,a8a <PPS_INIT>
    14e0:	6509                	lui	a0,0x2
    14e2:	58050513          	addi	a0,a0,1408 # 2580 <USART_ITConfig+0x2c>
    14e6:	f6eff0ef          	jal	ra,c54 <InitUSART2>
    14ea:	071000ef          	jal	ra,1d5a <voltPinInit>
    14ee:	0b5000ef          	jal	ra,1da2 <ADC_Function_Init>
    14f2:	5dc00513          	li	a0,1500
    14f6:	0d4010ef          	jal	ra,25ca <Delay_Ms>
    14fa:	3f9d                	jal	1470 <prnInfo>
    14fc:	33b1                	jal	1248 <spi_init>
    14fe:	4529                	li	a0,10
    1500:	0ca010ef          	jal	ra,25ca <Delay_Ms>
    1504:	696000ef          	jal	ra,1b9a <OLED_Init>
    1508:	03200513          	li	a0,50
    150c:	0be010ef          	jal	ra,25ca <Delay_Ms>
    1510:	8241a603          	lw	a2,-2012(gp) # 20000214 <uname>
    1514:	000099b7          	lui	s3,0x9
    1518:	c5498593          	addi	a1,s3,-940 # 8c54 <_read+0x208>
    151c:	c0c18513          	addi	a0,gp,-1012 # 200005fc <tmp>
    1520:	522020ef          	jal	ra,3a42 <siprintf>
    1524:	6d8000ef          	jal	ra,1bfc <OLED_calcx>
    1528:	8591c683          	lbu	a3,-1959(gp) # 20000249 <inv>
    152c:	85aa                	mv	a1,a0
    152e:	4611                	li	a2,4
    1530:	c0c18513          	addi	a0,gp,-1012 # 200005fc <tmp>
    1534:	6e6000ef          	jal	ra,1c1a <OLED_text_xy>
    1538:	0c000613          	li	a2,192
    153c:	4581                	li	a1,0
    153e:	1908                	addi	a0,sp,176
    1540:	c21fe0ef          	jal	ra,160 <memset>
    1544:	08000613          	li	a2,128
    1548:	4581                	li	a1,0
    154a:	1808                	addi	a0,sp,48
    154c:	c15fe0ef          	jal	ra,160 <memset>
    1550:	d3aff0ef          	jal	ra,a8a <PPS_INIT>
    1554:	4529                	li	a0,10
    1556:	074010ef          	jal	ra,25ca <Delay_Ms>
    155a:	4785                	li	a5,1
    155c:	84f18d23          	sb	a5,-1958(gp) # 2000024a <key_enable>
    1560:	86f18123          	sb	a5,-1950(gp) # 20000252 <pps_enable>
    1564:	86418793          	addi	a5,gp,-1948 # 20000254 <queFlag>
    1568:	c63e                	sw	a5,12(sp)
    156a:	82418793          	addi	a5,gp,-2012 # 20000214 <uname>
    156e:	c83e                	sw	a5,16(sp)
    1570:	000097b7          	lui	a5,0x9
    1574:	c1c7ad03          	lw	s10,-996(a5) # 8c1c <_read+0x1d0>
    1578:	000097b7          	lui	a5,0x9
    157c:	c207ad83          	lw	s11,-992(a5) # 8c20 <_read+0x1d4>
    1580:	8441a783          	lw	a5,-1980(gp) # 20000234 <volt_porog>
    1584:	6ca5                	lui	s9,0x9
    1586:	860186a3          	sb	zero,-1939(gp) # 2000025d <sleep_mode>
    158a:	d002                	sw	zero,32(sp)
    158c:	02010223          	sb	zero,36(sp)
    1590:	4a85                	li	s5,1
    1592:	4c01                	li	s8,0
    1594:	ca4e                	sw	s3,20(sp)
    1596:	85918413          	addi	s0,gp,-1959 # 20000249 <inv>
    159a:	85a18b13          	addi	s6,gp,-1958 # 2000024a <key_enable>
    159e:	86d18913          	addi	s2,gp,-1939 # 2000025d <sleep_mode>
    15a2:	af8c8c93          	addi	s9,s9,-1288 # 8af8 <_read+0xac>
    15a6:	cc3e                	sw	a5,24(sp)
    15a8:	47b2                	lw	a5,12(sp)
    15aa:	85418993          	addi	s3,gp,-1964 # 20000244 <devError>
    15ae:	239c                	lbu	a5,0(a5)
    15b0:	cf9d                	beqz	a5,15ee <main+0x14c>
    15b2:	b6818593          	addi	a1,gp,-1176 # 20000558 <queEvt>
    15b6:	1008                	addi	a0,sp,32
    15b8:	c38ff0ef          	jal	ra,9f0 <getRECQ>
    15bc:	85618793          	addi	a5,gp,-1962 # 20000246 <evt>
    15c0:	0ff57513          	andi	a0,a0,255
    15c4:	a388                	sb	a0,0(a5)
    15c6:	239c                	lbu	a5,0(a5)
    15c8:	4735                	li	a4,13
    15ca:	17fd                	addi	a5,a5,-1
    15cc:	0ff7f793          	andi	a5,a5,255
    15d0:	00f76f63          	bltu	a4,a5,15ee <main+0x14c>
    15d4:	078a                	slli	a5,a5,0x2
    15d6:	97e6                	add	a5,a5,s9
    15d8:	439c                	lw	a5,0(a5)
    15da:	8782                	jr	a5
    15dc:	8141a683          	lw	a3,-2028(gp) # 20000204 <eol>
    15e0:	00009637          	lui	a2,0x9
    15e4:	c3460613          	addi	a2,a2,-972 # 8c34 <_read+0x1e8>
    15e8:	4585                	li	a1,1
    15ea:	4501                	li	a0,0
    15ec:	3335                	jal	1318 <Report>
    15ee:	85c18793          	addi	a5,gp,-1956 # 2000024c <key_tmr>
    15f2:	4398                	lw	a4,0(a5)
    15f4:	c711                	beqz	a4,1600 <main+0x15e>
    15f6:	0007a023          	sw	zero,0(a5)
    15fa:	4785                	li	a5,1
    15fc:	00fb0023          	sb	a5,0(s6)
    1600:	0009d683          	lhu	a3,0(s3)
    1604:	c2b1                	beqz	a3,1648 <main+0x1a6>
    1606:	8141a703          	lw	a4,-2028(gp) # 20000204 <eol>
    160a:	00009637          	lui	a2,0x9
    160e:	d1c60613          	addi	a2,a2,-740 # 8d1c <_read+0x2d0>
    1612:	4585                	li	a1,1
    1614:	4501                	li	a0,0
    1616:	3309                	jal	1318 <Report>
    1618:	200c                	lbu	a1,0(s0)
    161a:	4511                	li	a0,4
    161c:	29b1                	jal	1a78 <OLED_clear_line>
    161e:	0009d603          	lhu	a2,0(s3)
    1622:	000095b7          	lui	a1,0x9
    1626:	d3458593          	addi	a1,a1,-716 # 8d34 <_read+0x2e8>
    162a:	c0c18513          	addi	a0,gp,-1012 # 200005fc <tmp>
    162e:	414020ef          	jal	ra,3a42 <siprintf>
    1632:	5ca000ef          	jal	ra,1bfc <OLED_calcx>
    1636:	2014                	lbu	a3,0(s0)
    1638:	85aa                	mv	a1,a0
    163a:	4611                	li	a2,4
    163c:	c0c18513          	addi	a0,gp,-1012 # 200005fc <tmp>
    1640:	5da000ef          	jal	ra,1c1a <OLED_text_xy>
    1644:	00099023          	sh	zero,0(s3)
    1648:	4505                	li	a0,1
    164a:	781000ef          	jal	ra,25ca <Delay_Ms>
    164e:	bfa9                	j	15a8 <main+0x106>
    1650:	2949                	jal	1ae2 <OLED_Clear>
    1652:	8141a703          	lw	a4,-2028(gp) # 20000204 <eol>
    1656:	00009637          	lui	a2,0x9
    165a:	c4860613          	addi	a2,a2,-952 # 8c48 <_read+0x1fc>
    165e:	86ba                	mv	a3,a4
    1660:	4585                	li	a1,1
    1662:	4501                	li	a0,0
    1664:	3955                	jal	1318 <Report>
    1666:	06400513          	li	a0,100
    166a:	761000ef          	jal	ra,25ca <Delay_Ms>
    166e:	beef07b7          	lui	a5,0xbeef0
    1672:	e000e737          	lui	a4,0xe000e
    1676:	08078793          	addi	a5,a5,128 # beef0080 <_eusrstack+0x9eeeb080>
    167a:	c73c                	sw	a5,72(a4)
    167c:	bf8d                	j	15ee <main+0x14c>
    167e:	4785                	li	a5,1
    1680:	b6818593          	addi	a1,gp,-1176 # 20000558 <queEvt>
    1684:	1028                	addi	a0,sp,40
    1686:	02f10423          	sb	a5,40(sp)
    168a:	020104a3          	sb	zero,41(sp)
    168e:	02010523          	sb	zero,42(sp)
    1692:	020105a3          	sb	zero,43(sp)
    1696:	02010623          	sb	zero,44(sp)
    169a:	ae6ff0ef          	jal	ra,980 <putRECQ>
    169e:	f921                	bnez	a0,15ee <main+0x14c>
    16a0:	0009d783          	lhu	a5,0(s3)
    16a4:	0107e793          	ori	a5,a5,16
    16a8:	00f99023          	sh	a5,0(s3)
    16ac:	b789                	j	15ee <main+0x14c>
    16ae:	4501                	li	a0,0
    16b0:	80018e23          	sb	zero,-2020(gp) # 2000020c <oledOnOff>
    16b4:	2645                	jal	1a54 <OLED_on>
    16b6:	4785                	li	a5,1
    16b8:	4585                	li	a1,1
    16ba:	10000537          	lui	a0,0x10000
    16be:	00f90023          	sb	a5,0(s2)
    16c2:	50f000ef          	jal	ra,23d0 <RCC_APB1PeriphClockCmd>
    16c6:	00094783          	lbu	a5,0(s2)
    16ca:	ef99                	bnez	a5,16e8 <main+0x246>
    16cc:	000095b7          	lui	a1,0x9
    16d0:	c2c58593          	addi	a1,a1,-980 # 8c2c <_read+0x1e0>
    16d4:	00009537          	lui	a0,0x9
    16d8:	c5850513          	addi	a0,a0,-936 # 8c58 <_read+0x20c>
    16dc:	2fa020ef          	jal	ra,39d6 <iprintf>
    16e0:	4505                	li	a0,1
    16e2:	419000ef          	jal	ra,22fa <PWR_EnterSTOPMode>
    16e6:	b721                	j	15ee <main+0x14c>
    16e8:	000095b7          	lui	a1,0x9
    16ec:	c2458593          	addi	a1,a1,-988 # 8c24 <_read+0x1d8>
    16f0:	b7d5                	j	16d4 <main+0x232>
    16f2:	4705                	li	a4,1
    16f4:	4505                	li	a0,1
    16f6:	80e18e23          	sb	a4,-2020(gp) # 2000020c <oledOnOff>
    16fa:	2ea9                	jal	1a54 <OLED_on>
    16fc:	06400513          	li	a0,100
    1700:	6cb000ef          	jal	ra,25ca <Delay_Ms>
    1704:	000095b7          	lui	a1,0x9
    1708:	00009537          	lui	a0,0x9
    170c:	c2c58593          	addi	a1,a1,-980 # 8c2c <_read+0x1e0>
    1710:	c8050513          	addi	a0,a0,-896 # 8c80 <_read+0x234>
    1714:	00090023          	sb	zero,0(s2)
    1718:	2be020ef          	jal	ra,39d6 <iprintf>
    171c:	bdc9                	j	15ee <main+0x14c>
    171e:	c0c18b93          	addi	s7,gp,-1012 # 200005fc <tmp>
    1722:	02000793          	li	a5,32
    1726:	00fb8023          	sb	a5,0(s7)
    172a:	8681a503          	lw	a0,-1944(gp) # 20000258 <seconda>
    172e:	0b85                	addi	s7,s7,1
    1730:	4601                	li	a2,0
    1732:	85de                	mv	a1,s7
    1734:	ac7ff0ef          	jal	ra,11fa <calcTime>
    1738:	473d                	li	a4,15
    173a:	87aa                	mv	a5,a0
    173c:	00a74c63          	blt	a4,a0,1754 <main+0x2b2>
    1740:	000095b7          	lui	a1,0x9
    1744:	ce2a                	sw	a0,28(sp)
    1746:	56858593          	addi	a1,a1,1384 # 9568 <p05.3319+0x10>
    174a:	855e                	mv	a0,s7
    174c:	33c020ef          	jal	ra,3a88 <strcat>
    1750:	47f2                	lw	a5,28(sp)
    1752:	0785                	addi	a5,a5,1
    1754:	853e                	mv	a0,a5
    1756:	215d                	jal	1bfc <OLED_calcx>
    1758:	2014                	lbu	a3,0(s0)
    175a:	4605                	li	a2,1
    175c:	85aa                	mv	a1,a0
    175e:	c0c18513          	addi	a0,gp,-1012 # 200005fc <tmp>
    1762:	2965                	jal	1c1a <OLED_text_xy>
    1764:	4511                	li	a0,4
    1766:	6a4000ef          	jal	ra,1e0a <Get_ADC_Val>
    176a:	53d010ef          	jal	ra,34a6 <__floatunsisf>
    176e:	85ea                	mv	a1,s10
    1770:	59c010ef          	jal	ra,2d0c <__mulsf3>
    1774:	85ee                	mv	a1,s11
    1776:	258010ef          	jal	ra,29ce <__divsf3>
    177a:	45e2                	lw	a1,24(sp)
    177c:	86a1aa23          	sw	a0,-1932(gp) # 20000264 <volt>
    1780:	500010ef          	jal	ra,2c80 <__lesf2>
    1784:	04055963          	bgez	a0,17d6 <main+0x334>
    1788:	4505                	li	a0,1
    178a:	606000ef          	jal	ra,1d90 <ledVolt>
    178e:	e60a80e3          	beqz	s5,15ee <main+0x14c>
    1792:	8511c783          	lbu	a5,-1967(gp) # 20000241 <gps_valid>
    1796:	20079e63          	bnez	a5,19b2 <main+0x510>
    179a:	8741a503          	lw	a0,-1932(gp) # 20000264 <volt>
    179e:	102c                	addi	a1,sp,40
    17a0:	d402                	sw	zero,40(sp)
    17a2:	d602                	sw	zero,44(sp)
    17a4:	80aff0ef          	jal	ra,7ae <floatPart>
    17a8:	200c                	lbu	a1,0(s0)
    17aa:	4511                	li	a0,4
    17ac:	24f1                	jal	1a78 <OLED_clear_line>
    17ae:	56b2                	lw	a3,44(sp)
    17b0:	3e800793          	li	a5,1000
    17b4:	5622                	lw	a2,40(sp)
    17b6:	02f6d6b3          	divu	a3,a3,a5
    17ba:	000095b7          	lui	a1,0x9
    17be:	ca858593          	addi	a1,a1,-856 # 8ca8 <_read+0x25c>
    17c2:	1808                	addi	a0,sp,48
    17c4:	27e020ef          	jal	ra,3a42 <siprintf>
    17c8:	2915                	jal	1bfc <OLED_calcx>
    17ca:	2014                	lbu	a3,0(s0)
    17cc:	4611                	li	a2,4
    17ce:	85aa                	mv	a1,a0
    17d0:	1808                	addi	a0,sp,48
    17d2:	21a1                	jal	1c1a <OLED_text_xy>
    17d4:	bd29                	j	15ee <main+0x14c>
    17d6:	4501                	li	a0,0
    17d8:	bf4d                	j	178a <main+0x2e8>
    17da:	8741a503          	lw	a0,-1932(gp) # 20000264 <volt>
    17de:	102c                	addi	a1,sp,40
    17e0:	d402                	sw	zero,40(sp)
    17e2:	d602                	sw	zero,44(sp)
    17e4:	fcbfe0ef          	jal	ra,7ae <floatPart>
    17e8:	5732                	lw	a4,44(sp)
    17ea:	56a2                	lw	a3,40(sp)
    17ec:	00009637          	lui	a2,0x9
    17f0:	cb860613          	addi	a2,a2,-840 # 8cb8 <_read+0x26c>
    17f4:	4585                	li	a1,1
    17f6:	4501                	li	a0,0
    17f8:	b21ff0ef          	jal	ra,1318 <Report>
    17fc:	bbcd                	j	15ee <main+0x14c>
    17fe:	8681a683          	lw	a3,-1944(gp) # 20000258 <seconda>
    1802:	00009637          	lui	a2,0x9
    1806:	8141a703          	lw	a4,-2028(gp) # 20000204 <eol>
    180a:	cc860613          	addi	a2,a2,-824 # 8cc8 <_read+0x27c>
    180e:	b7dd                	j	17f4 <main+0x352>
    1810:	4705                	li	a4,1
    1812:	86e18623          	sb	a4,-1940(gp) # 2000025c <set_new_time>
    1816:	bbe1                	j	15ee <main+0x14c>
    1818:	39a1                	jal	1470 <prnInfo>
    181a:	47c2                	lw	a5,16(sp)
    181c:	c0c18513          	addi	a0,gp,-1012 # 200005fc <tmp>
    1820:	4390                	lw	a2,0(a5)
    1822:	47d2                	lw	a5,20(sp)
    1824:	c5478593          	addi	a1,a5,-940
    1828:	21a020ef          	jal	ra,3a42 <siprintf>
    182c:	2ec1                	jal	1bfc <OLED_calcx>
    182e:	2014                	lbu	a3,0(s0)
    1830:	4611                	li	a2,4
    1832:	85aa                	mv	a1,a0
    1834:	c0c18513          	addi	a0,gp,-1012 # 200005fc <tmp>
    1838:	bf69                	j	17d2 <main+0x330>
    183a:	5502                	lw	a0,32(sp)
    183c:	00855793          	srli	a5,a0,0x8
    1840:	02414503          	lbu	a0,36(sp)
    1844:	0562                	slli	a0,a0,0x18
    1846:	8d5d                	or	a0,a0,a5
    1848:	da0503e3          	beqz	a0,15ee <main+0x14c>
    184c:	72d010ef          	jal	ra,3778 <free>
    1850:	bb79                	j	15ee <main+0x14c>
    1852:	00094783          	lbu	a5,0(s2)
    1856:	d8079ce3          	bnez	a5,15ee <main+0x14c>
    185a:	5b82                	lw	s7,32(sp)
    185c:	008bd793          	srli	a5,s7,0x8
    1860:	02414b83          	lbu	s7,36(sp)
    1864:	0be2                	slli	s7,s7,0x18
    1866:	00fbebb3          	or	s7,s7,a5
    186a:	120b8463          	beqz	s7,1992 <main+0x4f0>
    186e:	85de                	mv	a1,s7
    1870:	1908                	addi	a0,sp,176
    1872:	24c020ef          	jal	ra,3abe <strcpy>
    1876:	855e                	mv	a0,s7
    1878:	701010ef          	jal	ra,3778 <free>
    187c:	1908                	addi	a0,sp,176
    187e:	b41fe0ef          	jal	ra,3be <gpsParse>
    1882:	d60506e3          	beqz	a0,15ee <main+0x14c>
    1886:	120c0863          	beqz	s8,19b6 <main+0x514>
    188a:	8511ca83          	lbu	s5,-1967(gp) # 20000241 <gps_valid>
    188e:	4c01                	li	s8,0
    1890:	d40a8fe3          	beqz	s5,15ee <main+0x14c>
    1894:	8681a503          	lw	a0,-1944(gp) # 20000258 <seconda>
    1898:	190c                	addi	a1,sp,176
    189a:	dfffe0ef          	jal	ra,698 <gpsPrint>
    189e:	8141a703          	lw	a4,-2028(gp) # 20000204 <eol>
    18a2:	00009637          	lui	a2,0x9
    18a6:	86aa                	mv	a3,a0
    18a8:	cd460613          	addi	a2,a2,-812 # 8cd4 <_read+0x288>
    18ac:	4585                	li	a1,1
    18ae:	4501                	li	a0,0
    18b0:	a69ff0ef          	jal	ra,1318 <Report>
    18b4:	88818b93          	addi	s7,gp,-1912 # 20000278 <GPS>
    18b8:	d402                	sw	zero,40(sp)
    18ba:	d602                	sw	zero,44(sp)
    18bc:	005bc503          	lbu	a0,5(s7)
    18c0:	004bc783          	lbu	a5,4(s7)
    18c4:	102c                	addi	a1,sp,40
    18c6:	0522                	slli	a0,a0,0x8
    18c8:	8d5d                	or	a0,a0,a5
    18ca:	006bc783          	lbu	a5,6(s7)
    18ce:	07c2                	slli	a5,a5,0x10
    18d0:	8fc9                	or	a5,a5,a0
    18d2:	007bc503          	lbu	a0,7(s7)
    18d6:	0562                	slli	a0,a0,0x18
    18d8:	8d5d                	or	a0,a0,a5
    18da:	ed5fe0ef          	jal	ra,7ae <floatPart>
    18de:	56b2                	lw	a3,44(sp)
    18e0:	5622                	lw	a2,40(sp)
    18e2:	000095b7          	lui	a1,0x9
    18e6:	cdc58593          	addi	a1,a1,-804 # 8cdc <_read+0x290>
    18ea:	1808                	addi	a0,sp,48
    18ec:	156020ef          	jal	ra,3a42 <siprintf>
    18f0:	8891c503          	lbu	a0,-1911(gp) # 20000279 <GPS+0x1>
    18f4:	8881c783          	lbu	a5,-1912(gp) # 20000278 <GPS>
    18f8:	102c                	addi	a1,sp,40
    18fa:	0522                	slli	a0,a0,0x8
    18fc:	8d5d                	or	a0,a0,a5
    18fe:	88a1c783          	lbu	a5,-1910(gp) # 2000027a <GPS+0x2>
    1902:	07c2                	slli	a5,a5,0x10
    1904:	8fc9                	or	a5,a5,a0
    1906:	88b1c503          	lbu	a0,-1909(gp) # 2000027b <GPS+0x3>
    190a:	0562                	slli	a0,a0,0x18
    190c:	8d5d                	or	a0,a0,a5
    190e:	ea1fe0ef          	jal	ra,7ae <floatPart>
    1912:	1808                	addi	a0,sp,48
    1914:	1ba020ef          	jal	ra,3ace <strlen>
    1918:	56b2                	lw	a3,44(sp)
    191a:	5622                	lw	a2,40(sp)
    191c:	181c                	addi	a5,sp,48
    191e:	000095b7          	lui	a1,0x9
    1922:	cf058593          	addi	a1,a1,-784 # 8cf0 <_read+0x2a4>
    1926:	953e                	add	a0,a0,a5
    1928:	11a020ef          	jal	ra,3a42 <siprintf>
    192c:	01fbc503          	lbu	a0,31(s7)
    1930:	01ebc783          	lbu	a5,30(s7)
    1934:	102c                	addi	a1,sp,40
    1936:	0522                	slli	a0,a0,0x8
    1938:	8d5d                	or	a0,a0,a5
    193a:	020bc783          	lbu	a5,32(s7)
    193e:	07c2                	slli	a5,a5,0x10
    1940:	8fc9                	or	a5,a5,a0
    1942:	021bc503          	lbu	a0,33(s7)
    1946:	0562                	slli	a0,a0,0x18
    1948:	8d5d                	or	a0,a0,a5
    194a:	e65fe0ef          	jal	ra,7ae <floatPart>
    194e:	1808                	addi	a0,sp,48
    1950:	17e020ef          	jal	ra,3ace <strlen>
    1954:	01bbc603          	lbu	a2,27(s7)
    1958:	01abc783          	lbu	a5,26(s7)
    195c:	56a2                	lw	a3,40(sp)
    195e:	0622                	slli	a2,a2,0x8
    1960:	8e5d                	or	a2,a2,a5
    1962:	01cbc783          	lbu	a5,28(s7)
    1966:	000095b7          	lui	a1,0x9
    196a:	d0458593          	addi	a1,a1,-764 # 8d04 <_read+0x2b8>
    196e:	07c2                	slli	a5,a5,0x10
    1970:	8fd1                	or	a5,a5,a2
    1972:	01dbc603          	lbu	a2,29(s7)
    1976:	0662                	slli	a2,a2,0x18
    1978:	8e5d                	or	a2,a2,a5
    197a:	181c                	addi	a5,sp,48
    197c:	953e                	add	a0,a0,a5
    197e:	0c4020ef          	jal	ra,3a42 <siprintf>
    1982:	2010                	lbu	a2,0(s0)
    1984:	4591                	li	a1,4
    1986:	4509                	li	a0,2
    1988:	2ab5                	jal	1b04 <OLED_clear_lines>
    198a:	2014                	lbu	a3,0(s0)
    198c:	4609                	li	a2,2
    198e:	4585                	li	a1,1
    1990:	b581                	j	17d0 <main+0x32e>
    1992:	200c                	lbu	a1,0(s0)
    1994:	450d                	li	a0,3
    1996:	20cd                	jal	1a78 <OLED_clear_line>
    1998:	000095b7          	lui	a1,0x9
    199c:	d1458593          	addi	a1,a1,-748 # 8d14 <_read+0x2c8>
    19a0:	c0c18513          	addi	a0,gp,-1012 # 200005fc <tmp>
    19a4:	11a020ef          	jal	ra,3abe <strcpy>
    19a8:	4519                	li	a0,6
    19aa:	2c89                	jal	1bfc <OLED_calcx>
    19ac:	2014                	lbu	a3,0(s0)
    19ae:	460d                	li	a2,3
    19b0:	b549                	j	1832 <main+0x390>
    19b2:	8abe                	mv	s5,a5
    19b4:	b92d                	j	15ee <main+0x14c>
    19b6:	4c05                	li	s8,1
    19b8:	b91d                	j	15ee <main+0x14c>

000019ba <OLED_RESET>:
    19ba:	f76fe2ef          	jal	t0,130 <__riscv_save_0>
    19be:	40011437          	lui	s0,0x40011
    19c2:	6585                	lui	a1,0x1
    19c4:	c0040513          	addi	a0,s0,-1024 # 40010c00 <_eusrstack+0x2000bc00>
    19c8:	80058593          	addi	a1,a1,-2048 # 800 <__stack_size>
    19cc:	081000ef          	jal	ra,224c <GPIO_SetBits>
    19d0:	04000593          	li	a1,64
    19d4:	80040513          	addi	a0,s0,-2048
    19d8:	083000ef          	jal	ra,225a <GPIO_ResetBits>
    19dc:	4505                	li	a0,1
    19de:	3ed000ef          	jal	ra,25ca <Delay_Ms>
    19e2:	04000593          	li	a1,64
    19e6:	80040513          	addi	a0,s0,-2048
    19ea:	063000ef          	jal	ra,224c <GPIO_SetBits>
    19ee:	4505                	li	a0,1
    19f0:	3db000ef          	jal	ra,25ca <Delay_Ms>
    19f4:	f60fe06f          	j	154 <__riscv_restore_0>

000019f8 <I2C_WriteDatas>:
    19f8:	f1efe2ef          	jal	t0,116 <__riscv_save_4>
    19fc:	40011937          	lui	s2,0x40011
    1a00:	842e                	mv	s0,a1
    1a02:	6585                	lui	a1,0x1
    1a04:	80058593          	addi	a1,a1,-2048 # 800 <__stack_size>
    1a08:	89aa                	mv	s3,a0
    1a0a:	c0090513          	addi	a0,s2,-1024 # 40010c00 <_eusrstack+0x2000bc00>
    1a0e:	84b2                	mv	s1,a2
    1a10:	04b000ef          	jal	ra,225a <GPIO_ResetBits>
    1a14:	45a1                	li	a1,8
    1a16:	c0090513          	addi	a0,s2,-1024
    1a1a:	02098263          	beqz	s3,1a3e <I2C_WriteDatas+0x46>
    1a1e:	03d000ef          	jal	ra,225a <GPIO_ResetBits>
    1a22:	94a2                	add	s1,s1,s0
    1a24:	02941063          	bne	s0,s1,1a44 <I2C_WriteDatas+0x4c>
    1a28:	6585                	lui	a1,0x1
    1a2a:	40011537          	lui	a0,0x40011
    1a2e:	80058593          	addi	a1,a1,-2048 # 800 <__stack_size>
    1a32:	c0050513          	addi	a0,a0,-1024 # 40010c00 <_eusrstack+0x2000bc00>
    1a36:	017000ef          	jal	ra,224c <GPIO_SetBits>
    1a3a:	f10fe06f          	j	14a <__riscv_restore_4>
    1a3e:	00f000ef          	jal	ra,224c <GPIO_SetBits>
    1a42:	b7c5                	j	1a22 <I2C_WriteDatas+0x2a>
    1a44:	0405                	addi	s0,s0,1
    1a46:	fff44583          	lbu	a1,-1(s0)
    1a4a:	40013537          	lui	a0,0x40013
    1a4e:	1d3000ef          	jal	ra,2420 <SPI_I2S_SendData>
    1a52:	bfc9                	j	1a24 <I2C_WriteDatas+0x2c>

00001a54 <OLED_on>:
    1a54:	edcfe2ef          	jal	t0,130 <__riscv_save_0>
    1a58:	00a03533          	snez	a0,a0
    1a5c:	1141                	addi	sp,sp,-16
    1a5e:	0ae50513          	addi	a0,a0,174 # 400130ae <_eusrstack+0x2000e0ae>
    1a62:	f8000793          	li	a5,-128
    1a66:	86c8                	sb	a0,13(sp)
    1a68:	006c                	addi	a1,sp,12
    1a6a:	4609                	li	a2,2
    1a6c:	4505                	li	a0,1
    1a6e:	865c                	sb	a5,12(sp)
    1a70:	3761                	jal	19f8 <I2C_WriteDatas>
    1a72:	0141                	addi	sp,sp,16
    1a74:	ee0fe06f          	j	154 <__riscv_restore_0>

00001a78 <OLED_clear_line>:
    1a78:	eb8fe2ef          	jal	t0,130 <__riscv_save_0>
    1a7c:	157d                	addi	a0,a0,-1
    1a7e:	1141                	addi	sp,sp,-16
    1a80:	0ff57513          	andi	a0,a0,255
    1a84:	227f07b7          	lui	a5,0x227f0
    1a88:	02178793          	addi	a5,a5,33 # 227f0021 <_eusrstack+0x27eb021>
    1a8c:	8648                	sb	a0,12(sp)
    1a8e:	fb056513          	ori	a0,a0,-80
    1a92:	c43e                	sw	a5,8(sp)
    1a94:	8748                	sb	a0,14(sp)
    1a96:	479d                	li	a5,7
    1a98:	84ae                	mv	s1,a1
    1a9a:	4505                	li	a0,1
    1a9c:	08000593          	li	a1,128
    1aa0:	86dc                	sb	a5,13(sp)
    1aa2:	4c1010ef          	jal	ra,3762 <calloc>
    1aa6:	86a1a823          	sw	a0,-1936(gp) # 20000260 <buffer>
    1aaa:	c515                	beqz	a0,1ad6 <OLED_clear_line+0x5e>
    1aac:	87018413          	addi	s0,gp,-1936 # 20000260 <buffer>
    1ab0:	c499                	beqz	s1,1abe <OLED_clear_line+0x46>
    1ab2:	08000613          	li	a2,128
    1ab6:	0ff00593          	li	a1,255
    1aba:	ea6fe0ef          	jal	ra,160 <memset>
    1abe:	461d                	li	a2,7
    1ac0:	002c                	addi	a1,sp,8
    1ac2:	4505                	li	a0,1
    1ac4:	3f15                	jal	19f8 <I2C_WriteDatas>
    1ac6:	400c                	lw	a1,0(s0)
    1ac8:	4501                	li	a0,0
    1aca:	08000613          	li	a2,128
    1ace:	372d                	jal	19f8 <I2C_WriteDatas>
    1ad0:	4008                	lw	a0,0(s0)
    1ad2:	4a7010ef          	jal	ra,3778 <free>
    1ad6:	4505                	li	a0,1
    1ad8:	2f3000ef          	jal	ra,25ca <Delay_Ms>
    1adc:	0141                	addi	sp,sp,16
    1ade:	e76fe06f          	j	154 <__riscv_restore_0>

00001ae2 <OLED_Clear>:
    1ae2:	e4efe2ef          	jal	t0,130 <__riscv_save_0>
    1ae6:	4405                	li	s0,1
    1ae8:	4495                	li	s1,5
    1aea:	8522                	mv	a0,s0
    1aec:	0405                	addi	s0,s0,1
    1aee:	4581                	li	a1,0
    1af0:	0ff47413          	andi	s0,s0,255
    1af4:	3751                	jal	1a78 <OLED_clear_line>
    1af6:	fe941ae3          	bne	s0,s1,1aea <OLED_Clear+0x8>
    1afa:	4505                	li	a0,1
    1afc:	2cf000ef          	jal	ra,25ca <Delay_Ms>
    1b00:	e54fe06f          	j	154 <__riscv_restore_0>

00001b04 <OLED_clear_lines>:
    1b04:	e2cfe2ef          	jal	t0,130 <__riscv_save_0>
    1b08:	227f07b7          	lui	a5,0x227f0
    1b0c:	1101                	addi	sp,sp,-32
    1b0e:	157d                	addi	a0,a0,-1
    1b10:	02178793          	addi	a5,a5,33 # 227f0021 <_eusrstack+0x27eb021>
    1b14:	0ff57413          	andi	s0,a0,255
    1b18:	cc3e                	sw	a5,24(sp)
    1b1a:	479d                	li	a5,7
    1b1c:	00f10ea3          	sb	a5,29(sp)
    1b20:	892e                	mv	s2,a1
    1b22:	fb046793          	ori	a5,s0,-80
    1b26:	08000593          	li	a1,128
    1b2a:	4505                	li	a0,1
    1b2c:	c632                	sw	a2,12(sp)
    1b2e:	00810e23          	sb	s0,28(sp)
    1b32:	00f10f23          	sb	a5,30(sp)
    1b36:	42d010ef          	jal	ra,3762 <calloc>
    1b3a:	86a1a823          	sw	a0,-1936(gp) # 20000260 <buffer>
    1b3e:	c11d                	beqz	a0,1b64 <OLED_clear_lines+0x60>
    1b40:	4632                	lw	a2,12(sp)
    1b42:	87018493          	addi	s1,gp,-1936 # 20000260 <buffer>
    1b46:	c619                	beqz	a2,1b54 <OLED_clear_lines+0x50>
    1b48:	08000613          	li	a2,128
    1b4c:	0ff00593          	li	a1,255
    1b50:	e10fe0ef          	jal	ra,160 <memset>
    1b54:	197d                	addi	s2,s2,-1
    1b56:	0ff97913          	andi	s2,s2,255
    1b5a:	00897b63          	bgeu	s2,s0,1b70 <OLED_clear_lines+0x6c>
    1b5e:	4088                	lw	a0,0(s1)
    1b60:	419010ef          	jal	ra,3778 <free>
    1b64:	4505                	li	a0,1
    1b66:	265000ef          	jal	ra,25ca <Delay_Ms>
    1b6a:	6105                	addi	sp,sp,32
    1b6c:	de8fe06f          	j	154 <__riscv_restore_0>
    1b70:	fb046793          	ori	a5,s0,-80
    1b74:	461d                	li	a2,7
    1b76:	082c                	addi	a1,sp,24
    1b78:	4505                	li	a0,1
    1b7a:	00810e23          	sb	s0,28(sp)
    1b7e:	00f10f23          	sb	a5,30(sp)
    1b82:	e77ff0ef          	jal	ra,19f8 <I2C_WriteDatas>
    1b86:	408c                	lw	a1,0(s1)
    1b88:	08000613          	li	a2,128
    1b8c:	4501                	li	a0,0
    1b8e:	0405                	addi	s0,s0,1
    1b90:	e69ff0ef          	jal	ra,19f8 <I2C_WriteDatas>
    1b94:	0ff47413          	andi	s0,s0,255
    1b98:	b7c9                	j	1b5a <OLED_clear_lines+0x56>

00001b9a <OLED_Init>:
    1b9a:	d96fe2ef          	jal	t0,130 <__riscv_save_0>
    1b9e:	a880d7b7          	lui	a5,0xa880d
    1ba2:	1101                	addi	sp,sp,-32
    1ba4:	5ae78793          	addi	a5,a5,1454 # a880d5ae <_eusrstack+0x888085ae>
    1ba8:	c23e                	sw	a5,4(sp)
    1baa:	4000d7b7          	lui	a5,0x4000d
    1bae:	31f78793          	addi	a5,a5,799 # 4000d31f <_eusrstack+0x2000831f>
    1bb2:	c43e                	sw	a5,8(sp)
    1bb4:	c8a117b7          	lui	a5,0xc8a11
    1bb8:	48d78793          	addi	a5,a5,1165 # c8a1148d <_eusrstack+0xa8a0c48d>
    1bbc:	c63e                	sw	a5,12(sp)
    1bbe:	8f8107b7          	lui	a5,0x8f810
    1bc2:	2da78793          	addi	a5,a5,730 # 8f8102da <_eusrstack+0x6f80b2da>
    1bc6:	c83e                	sw	a5,16(sp)
    1bc8:	40dbf7b7          	lui	a5,0x40dbf
    1bcc:	1d978793          	addi	a5,a5,473 # 40dbf1d9 <_eusrstack+0x20dba1d9>
    1bd0:	ca3e                	sw	a5,20(sp)
    1bd2:	2e0027b7          	lui	a5,0x2e002
    1bd6:	0a478793          	addi	a5,a5,164 # 2e0020a4 <_eusrstack+0xdffd0a4>
    1bda:	cc3e                	sw	a5,24(sp)
    1bdc:	77ed                	lui	a5,0xffffb
    1bde:	fa678793          	addi	a5,a5,-90 # ffffafa6 <_eusrstack+0xdfff5fa6>
    1be2:	86fc                	sh	a5,28(sp)
    1be4:	dd7ff0ef          	jal	ra,19ba <OLED_RESET>
    1be8:	004c                	addi	a1,sp,4
    1bea:	4669                	li	a2,26
    1bec:	4505                	li	a0,1
    1bee:	e0bff0ef          	jal	ra,19f8 <I2C_WriteDatas>
    1bf2:	3dc5                	jal	1ae2 <OLED_Clear>
    1bf4:	4501                	li	a0,0
    1bf6:	6105                	addi	sp,sp,32
    1bf8:	d5cfe06f          	j	154 <__riscv_restore_0>

00001bfc <OLED_calcx>:
    1bfc:	fff50713          	addi	a4,a0,-1
    1c00:	47b9                	li	a5,14
    1c02:	00e7ea63          	bltu	a5,a4,1c16 <OLED_calcx+0x1a>
    1c06:	47c1                	li	a5,16
    1c08:	40a78533          	sub	a0,a5,a0
    1c0c:	8505                	srai	a0,a0,0x1
    1c0e:	0505                	addi	a0,a0,1
    1c10:	0ff57513          	andi	a0,a0,255
    1c14:	8082                	ret
    1c16:	4501                	li	a0,0
    1c18:	8082                	ret

00001c1a <OLED_text_xy>:
    1c1a:	ceefe2ef          	jal	t0,108 <__riscv_save_10>
    1c1e:	7179                	addi	sp,sp,-48
    1c20:	167d                	addi	a2,a2,-1
    1c22:	0ff67413          	andi	s0,a2,255
    1c26:	c62e                	sw	a1,12(sp)
    1c28:	8ab6                	mv	s5,a3
    1c2a:	8a2a                	mv	s4,a0
    1c2c:	6a3010ef          	jal	ra,3ace <strlen>
    1c30:	45b2                	lw	a1,12(sp)
    1c32:	6785                	lui	a5,0x1
    1c34:	86fc                	sh	a5,28(sp)
    1c36:	02100793          	li	a5,33
    1c3a:	02f10023          	sb	a5,32(sp)
    1c3e:	15fd                	addi	a1,a1,-1
    1c40:	6789                	lui	a5,0x2
    1c42:	058e                	slli	a1,a1,0x3
    1c44:	27f78793          	addi	a5,a5,639 # 227f <GPIO_EXTILineConfig+0xd>
    1c48:	02b100a3          	sb	a1,33(sp)
    1c4c:	02f11123          	sh	a5,34(sp)
    1c50:	89aa                	mv	s3,a0
    1c52:	479d                	li	a5,7
    1c54:	4619                	li	a2,6
    1c56:	100c                	addi	a1,sp,32
    1c58:	4505                	li	a0,1
    1c5a:	6925                	lui	s2,0x9
    1c5c:	00010f23          	sb	zero,30(sp)
    1c60:	d402                	sw	zero,40(sp)
    1c62:	d602                	sw	zero,44(sp)
    1c64:	02810223          	sb	s0,36(sp)
    1c68:	02f102a3          	sb	a5,37(sp)
    1c6c:	4481                	li	s1,0
    1c6e:	d8bff0ef          	jal	ra,19f8 <I2C_WriteDatas>
    1c72:	4b29                	li	s6,10
    1c74:	d8890913          	addi	s2,s2,-632 # 8d88 <font8x8>
    1c78:	02f10b93          	addi	s7,sp,47
    1c7c:	0134c563          	blt	s1,s3,1c86 <OLED_text_xy+0x6c>
    1c80:	6145                	addi	sp,sp,48
    1c82:	cbefe06f          	j	140 <__riscv_restore_10>
    1c86:	009a07b3          	add	a5,s4,s1
    1c8a:	00078783          	lb	a5,0(a5)
    1c8e:	03679263          	bne	a5,s6,1cb2 <OLED_text_xy+0x98>
    1c92:	0405                	addi	s0,s0,1
    1c94:	0ff47413          	andi	s0,s0,255
    1c98:	fb046793          	ori	a5,s0,-80
    1c9c:	00f10f23          	sb	a5,30(sp)
    1ca0:	460d                	li	a2,3
    1ca2:	086c                	addi	a1,sp,28
    1ca4:	4505                	li	a0,1
    1ca6:	0485                	addi	s1,s1,1
    1ca8:	d51ff0ef          	jal	ra,19f8 <I2C_WriteDatas>
    1cac:	0ff4f493          	andi	s1,s1,255
    1cb0:	b7f1                	j	1c7c <OLED_text_xy+0x62>
    1cb2:	0ff7f793          	andi	a5,a5,255
    1cb6:	078e                	slli	a5,a5,0x3
    1cb8:	97ca                	add	a5,a5,s2
    1cba:	4398                	lw	a4,0(a5)
    1cbc:	43dc                	lw	a5,4(a5)
    1cbe:	d43a                	sw	a4,40(sp)
    1cc0:	d63e                	sw	a5,44(sp)
    1cc2:	000a8a63          	beqz	s5,1cd6 <OLED_text_xy+0xbc>
    1cc6:	103c                	addi	a5,sp,40
    1cc8:	3398                	lbu	a4,1(a5)
    1cca:	0785                	addi	a5,a5,1
    1ccc:	fff74713          	not	a4,a4
    1cd0:	a398                	sb	a4,0(a5)
    1cd2:	ff779be3          	bne	a5,s7,1cc8 <OLED_text_xy+0xae>
    1cd6:	4621                	li	a2,8
    1cd8:	102c                	addi	a1,sp,40
    1cda:	4501                	li	a0,0
    1cdc:	b7e9                	j	1ca6 <OLED_text_xy+0x8c>

00001cde <SystemInit>:
    1cde:	400217b7          	lui	a5,0x40021
    1ce2:	4398                	lw	a4,0(a5)
    1ce4:	f90006b7          	lui	a3,0xf9000
    1ce8:	f5f68693          	addi	a3,a3,-161 # f8ffff5f <_eusrstack+0xd8ffaf5f>
    1cec:	00176713          	ori	a4,a4,1
    1cf0:	c398                	sw	a4,0(a5)
    1cf2:	43d8                	lw	a4,4(a5)
    1cf4:	05076713          	ori	a4,a4,80
    1cf8:	c3d8                	sw	a4,4(a5)
    1cfa:	43d8                	lw	a4,4(a5)
    1cfc:	8f75                	and	a4,a4,a3
    1cfe:	c3d8                	sw	a4,4(a5)
    1d00:	40022737          	lui	a4,0x40022
    1d04:	4314                	lw	a3,0(a4)
    1d06:	9af1                	andi	a3,a3,-4
    1d08:	c314                	sw	a3,0(a4)
    1d0a:	4314                	lw	a3,0(a4)
    1d0c:	0026e693          	ori	a3,a3,2
    1d10:	c314                	sw	a3,0(a4)
    1d12:	43d8                	lw	a4,4(a5)
    1d14:	f0f77713          	andi	a4,a4,-241
    1d18:	c3d8                	sw	a4,4(a5)
    1d1a:	43d8                	lw	a4,4(a5)
    1d1c:	c3d8                	sw	a4,4(a5)
    1d1e:	8082                	ret

00001d20 <SystemCoreClockUpdate>:
    1d20:	400216b7          	lui	a3,0x40021
    1d24:	42dc                	lw	a5,4(a3)
    1d26:	8391                	srli	a5,a5,0x4
    1d28:	00f7f713          	andi	a4,a5,15
    1d2c:	200007b7          	lui	a5,0x20000
    1d30:	00078793          	mv	a5,a5
    1d34:	97ba                	add	a5,a5,a4
    1d36:	239c                	lbu	a5,0(a5)
    1d38:	42d4                	lw	a3,4(a3)
    1d3a:	02dc7737          	lui	a4,0x2dc7
    1d3e:	0ff7f793          	andi	a5,a5,255
    1d42:	c0070713          	addi	a4,a4,-1024 # 2dc6c00 <_data_lma+0x2dbd4dc>
    1d46:	0806f693          	andi	a3,a3,128
    1d4a:	00f75633          	srl	a2,a4,a5
    1d4e:	e299                	bnez	a3,1d54 <SystemCoreClockUpdate+0x34>
    1d50:	02f75633          	divu	a2,a4,a5
    1d54:	82c1a623          	sw	a2,-2004(gp) # 2000021c <SystemCoreClock>
    1d58:	8082                	ret

00001d5a <voltPinInit>:
    1d5a:	bd6fe2ef          	jal	t0,130 <__riscv_save_0>
    1d5e:	40021737          	lui	a4,0x40021
    1d62:	4f1c                	lw	a5,24(a4)
    1d64:	1141                	addi	sp,sp,-16
    1d66:	004c                	addi	a1,sp,4
    1d68:	0107e793          	ori	a5,a5,16
    1d6c:	cf1c                	sw	a5,24(a4)
    1d6e:	6791                	lui	a5,0x4
    1d70:	c23e                	sw	a5,4(sp)
    1d72:	47c1                	li	a5,16
    1d74:	c63e                	sw	a5,12(sp)
    1d76:	40011537          	lui	a0,0x40011
    1d7a:	4785                	li	a5,1
    1d7c:	c43e                	sw	a5,8(sp)
    1d7e:	2e1d                	jal	20b4 <GPIO_Init>
    1d80:	4601                	li	a2,0
    1d82:	6591                	lui	a1,0x4
    1d84:	40011537          	lui	a0,0x40011
    1d88:	29d9                	jal	225e <GPIO_WriteBit>
    1d8a:	0141                	addi	sp,sp,16
    1d8c:	bc8fe06f          	j	154 <__riscv_restore_0>

00001d90 <ledVolt>:
    1d90:	ba0fe2ef          	jal	t0,130 <__riscv_save_0>
    1d94:	862a                	mv	a2,a0
    1d96:	6591                	lui	a1,0x4
    1d98:	40011537          	lui	a0,0x40011
    1d9c:	21c9                	jal	225e <GPIO_WriteBit>
    1d9e:	bb6fe06f          	j	154 <__riscv_restore_0>

00001da2 <ADC_Function_Init>:
    1da2:	b8efe2ef          	jal	t0,130 <__riscv_save_0>
    1da6:	7179                	addi	sp,sp,-48
    1da8:	02000613          	li	a2,32
    1dac:	4581                	li	a1,0
    1dae:	0808                	addi	a0,sp,16
    1db0:	bb0fe0ef          	jal	ra,160 <memset>
    1db4:	4585                	li	a1,1
    1db6:	20400513          	li	a0,516
    1dba:	40012437          	lui	s0,0x40012
    1dbe:	c202                	sw	zero,4(sp)
    1dc0:	c402                	sw	zero,8(sp)
    1dc2:	c602                	sw	zero,12(sp)
    1dc4:	23fd                	jal	23b2 <RCC_APB2PeriphClockCmd>
    1dc6:	40040513          	addi	a0,s0,1024 # 40012400 <_eusrstack+0x2000d400>
    1dca:	45cd                	li	a1,19
    1dcc:	2481                	jal	200c <ADC_CLKConfig>
    1dce:	40011537          	lui	a0,0x40011
    1dd2:	47c1                	li	a5,16
    1dd4:	004c                	addi	a1,sp,4
    1dd6:	80050513          	addi	a0,a0,-2048 # 40010800 <_eusrstack+0x2000b800>
    1dda:	c23e                	sw	a5,4(sp)
    1ddc:	c602                	sw	zero,12(sp)
    1dde:	2cd9                	jal	20b4 <GPIO_Init>
    1de0:	4785                	li	a5,1
    1de2:	000e0737          	lui	a4,0xe0
    1de6:	080c                	addi	a1,sp,16
    1de8:	40040513          	addi	a0,s0,1024
    1dec:	cc3e                	sw	a5,24(sp)
    1dee:	ce3a                	sw	a4,28(sp)
    1df0:	02f10223          	sb	a5,36(sp)
    1df4:	c802                	sw	zero,16(sp)
    1df6:	ca02                	sw	zero,20(sp)
    1df8:	d002                	sw	zero,32(sp)
    1dfa:	20e9                	jal	1ec4 <ADC_Init>
    1dfc:	4585                	li	a1,1
    1dfe:	40040513          	addi	a0,s0,1024
    1e02:	2a21                	jal	1f1a <ADC_Cmd>
    1e04:	6145                	addi	sp,sp,48
    1e06:	b4efe06f          	j	154 <__riscv_restore_0>

00001e0a <Get_ADC_Val>:
    1e0a:	b26fe2ef          	jal	t0,130 <__riscv_save_0>
    1e0e:	40012437          	lui	s0,0x40012
    1e12:	85aa                	mv	a1,a0
    1e14:	469d                	li	a3,7
    1e16:	4605                	li	a2,1
    1e18:	40040513          	addi	a0,s0,1024 # 40012400 <_eusrstack+0x2000d400>
    1e1c:	221d                	jal	1f42 <ADC_RegularChannelConfig>
    1e1e:	4585                	li	a1,1
    1e20:	40040513          	addi	a0,s0,1024
    1e24:	2219                	jal	1f2a <ADC_SoftwareStartConvCmd>
    1e26:	40040493          	addi	s1,s0,1024
    1e2a:	4589                	li	a1,2
    1e2c:	8526                	mv	a0,s1
    1e2e:	2ad1                	jal	2002 <ADC_GetFlagStatus>
    1e30:	dd6d                	beqz	a0,1e2a <Get_ADC_Val+0x20>
    1e32:	40040513          	addi	a0,s0,1024
    1e36:	22d1                	jal	1ffa <ADC_GetConversionValue>
    1e38:	b1cfe06f          	j	154 <__riscv_restore_0>

00001e3c <ADC1_IRQHandler>:
    1e3c:	a001                	j	1e3c <ADC1_IRQHandler>

00001e3e <handle_reset>:
    1e3e:	1ffff197          	auipc	gp,0x1ffff
    1e42:	bb218193          	addi	gp,gp,-1102 # 200009f0 <__global_pointer$>
    1e46:	20003117          	auipc	sp,0x20003
    1e4a:	1ba10113          	addi	sp,sp,442 # 20005000 <_eusrstack>
    1e4e:	00008517          	auipc	a0,0x8
    1e52:	8d650513          	addi	a0,a0,-1834 # 9724 <_data_lma>
    1e56:	1fffe597          	auipc	a1,0x1fffe
    1e5a:	1aa58593          	addi	a1,a1,426 # 20000000 <_data_vma>
    1e5e:	85018613          	addi	a2,gp,-1968 # 20000240 <_edata>
    1e62:	00c5fa63          	bgeu	a1,a2,1e76 <handle_reset+0x38>
    1e66:	00052283          	lw	t0,0(a0)
    1e6a:	0055a023          	sw	t0,0(a1)
    1e6e:	0511                	addi	a0,a0,4
    1e70:	0591                	addi	a1,a1,4
    1e72:	fec5eae3          	bltu	a1,a2,1e66 <handle_reset+0x28>
    1e76:	85018513          	addi	a0,gp,-1968 # 20000240 <_edata>
    1e7a:	c5018593          	addi	a1,gp,-944 # 20000640 <_ebss>
    1e7e:	00b57763          	bgeu	a0,a1,1e8c <handle_reset+0x4e>
    1e82:	00052023          	sw	zero,0(a0)
    1e86:	0511                	addi	a0,a0,4
    1e88:	feb56de3          	bltu	a0,a1,1e82 <handle_reset+0x44>
    1e8c:	42fd                	li	t0,31
    1e8e:	bc029073          	csrw	0xbc0,t0
    1e92:	428d                	li	t0,3
    1e94:	80429073          	csrw	0x804,t0
    1e98:	08800293          	li	t0,136
    1e9c:	30029073          	csrw	mstatus,t0
    1ea0:	ffffe297          	auipc	t0,0xffffe
    1ea4:	16428293          	addi	t0,t0,356 # 4 <_einit>
    1ea8:	0032e293          	ori	t0,t0,3
    1eac:	30529073          	csrw	mtvec,t0
    1eb0:	e2fff0ef          	jal	ra,1cde <SystemInit>
    1eb4:	fffff297          	auipc	t0,0xfffff
    1eb8:	5ee28293          	addi	t0,t0,1518 # 14a2 <main>
    1ebc:	34129073          	csrw	mepc,t0
    1ec0:	30200073          	mret

00001ec4 <ADC_Init>:
    1ec4:	415c                	lw	a5,4(a0)
    1ec6:	e0f10737          	lui	a4,0xe0f10
    1eca:	eff70713          	addi	a4,a4,-257 # e0f0feff <_eusrstack+0xc0f0aeff>
    1ece:	4d94                	lw	a3,24(a1)
    1ed0:	8f7d                	and	a4,a4,a5
    1ed2:	419c                	lw	a5,0(a1)
    1ed4:	8fd5                	or	a5,a5,a3
    1ed6:	4dd4                	lw	a3,28(a1)
    1ed8:	8fd5                	or	a5,a5,a3
    1eda:	41d4                	lw	a3,4(a1)
    1edc:	06a2                	slli	a3,a3,0x8
    1ede:	8fd5                	or	a5,a5,a3
    1ee0:	8fd9                	or	a5,a5,a4
    1ee2:	c15c                	sw	a5,4(a0)
    1ee4:	451c                	lw	a5,8(a0)
    1ee6:	fff1f737          	lui	a4,0xfff1f
    1eea:	7fd70713          	addi	a4,a4,2045 # fff1f7fd <_eusrstack+0xdff1a7fd>
    1eee:	45d4                	lw	a3,12(a1)
    1ef0:	8f7d                	and	a4,a4,a5
    1ef2:	499c                	lw	a5,16(a1)
    1ef4:	8fd5                	or	a5,a5,a3
    1ef6:	4594                	lw	a3,8(a1)
    1ef8:	0686                	slli	a3,a3,0x1
    1efa:	8fd5                	or	a5,a5,a3
    1efc:	8fd9                	or	a5,a5,a4
    1efe:	c51c                	sw	a5,8(a0)
    1f00:	555c                	lw	a5,44(a0)
    1f02:	ff100737          	lui	a4,0xff100
    1f06:	177d                	addi	a4,a4,-1
    1f08:	8f7d                	and	a4,a4,a5
    1f0a:	29dc                	lbu	a5,20(a1)
    1f0c:	17fd                	addi	a5,a5,-1
    1f0e:	0ff7f793          	andi	a5,a5,255
    1f12:	07d2                	slli	a5,a5,0x14
    1f14:	8fd9                	or	a5,a5,a4
    1f16:	d55c                	sw	a5,44(a0)
    1f18:	8082                	ret

00001f1a <ADC_Cmd>:
    1f1a:	451c                	lw	a5,8(a0)
    1f1c:	c589                	beqz	a1,1f26 <ADC_Cmd+0xc>
    1f1e:	0017e793          	ori	a5,a5,1
    1f22:	c51c                	sw	a5,8(a0)
    1f24:	8082                	ret
    1f26:	9bf9                	andi	a5,a5,-2
    1f28:	bfed                	j	1f22 <ADC_Cmd+0x8>

00001f2a <ADC_SoftwareStartConvCmd>:
    1f2a:	451c                	lw	a5,8(a0)
    1f2c:	c591                	beqz	a1,1f38 <ADC_SoftwareStartConvCmd+0xe>
    1f2e:	00500737          	lui	a4,0x500
    1f32:	8fd9                	or	a5,a5,a4
    1f34:	c51c                	sw	a5,8(a0)
    1f36:	8082                	ret
    1f38:	ffb00737          	lui	a4,0xffb00
    1f3c:	177d                	addi	a4,a4,-1
    1f3e:	8ff9                	and	a5,a5,a4
    1f40:	bfd5                	j	1f34 <ADC_SoftwareStartConvCmd+0xa>

00001f42 <ADC_RegularChannelConfig>:
    1f42:	47a5                	li	a5,9
    1f44:	04b7f763          	bgeu	a5,a1,1f92 <ADC_RegularChannelConfig+0x50>
    1f48:	478d                	li	a5,3
    1f4a:	ff658713          	addi	a4,a1,-10
    1f4e:	02f70733          	mul	a4,a4,a5
    1f52:	00c52803          	lw	a6,12(a0)
    1f56:	479d                	li	a5,7
    1f58:	00e797b3          	sll	a5,a5,a4
    1f5c:	fff7c793          	not	a5,a5
    1f60:	0107f7b3          	and	a5,a5,a6
    1f64:	00e696b3          	sll	a3,a3,a4
    1f68:	8edd                	or	a3,a3,a5
    1f6a:	c554                	sw	a3,12(a0)
    1f6c:	4799                	li	a5,6
    1f6e:	04c7e363          	bltu	a5,a2,1fb4 <ADC_RegularChannelConfig+0x72>
    1f72:	4795                	li	a5,5
    1f74:	167d                	addi	a2,a2,-1
    1f76:	02f60633          	mul	a2,a2,a5
    1f7a:	5958                	lw	a4,52(a0)
    1f7c:	47fd                	li	a5,31
    1f7e:	00c797b3          	sll	a5,a5,a2
    1f82:	fff7c793          	not	a5,a5
    1f86:	8ff9                	and	a5,a5,a4
    1f88:	00c59633          	sll	a2,a1,a2
    1f8c:	8e5d                	or	a2,a2,a5
    1f8e:	d950                	sw	a2,52(a0)
    1f90:	8082                	ret
    1f92:	470d                	li	a4,3
    1f94:	02e58733          	mul	a4,a1,a4
    1f98:	01052803          	lw	a6,16(a0)
    1f9c:	479d                	li	a5,7
    1f9e:	00e797b3          	sll	a5,a5,a4
    1fa2:	fff7c793          	not	a5,a5
    1fa6:	0107f7b3          	and	a5,a5,a6
    1faa:	00e696b3          	sll	a3,a3,a4
    1fae:	8edd                	or	a3,a3,a5
    1fb0:	c914                	sw	a3,16(a0)
    1fb2:	bf6d                	j	1f6c <ADC_RegularChannelConfig+0x2a>
    1fb4:	47b1                	li	a5,12
    1fb6:	02c7e263          	bltu	a5,a2,1fda <ADC_RegularChannelConfig+0x98>
    1fba:	4795                	li	a5,5
    1fbc:	1665                	addi	a2,a2,-7
    1fbe:	02f60633          	mul	a2,a2,a5
    1fc2:	5918                	lw	a4,48(a0)
    1fc4:	47fd                	li	a5,31
    1fc6:	00c797b3          	sll	a5,a5,a2
    1fca:	fff7c793          	not	a5,a5
    1fce:	8ff9                	and	a5,a5,a4
    1fd0:	00c59633          	sll	a2,a1,a2
    1fd4:	8e5d                	or	a2,a2,a5
    1fd6:	d910                	sw	a2,48(a0)
    1fd8:	8082                	ret
    1fda:	4795                	li	a5,5
    1fdc:	164d                	addi	a2,a2,-13
    1fde:	02f60633          	mul	a2,a2,a5
    1fe2:	5558                	lw	a4,44(a0)
    1fe4:	47fd                	li	a5,31
    1fe6:	00c797b3          	sll	a5,a5,a2
    1fea:	fff7c793          	not	a5,a5
    1fee:	8ff9                	and	a5,a5,a4
    1ff0:	00c595b3          	sll	a1,a1,a2
    1ff4:	8ddd                	or	a1,a1,a5
    1ff6:	d54c                	sw	a1,44(a0)
    1ff8:	8082                	ret

00001ffa <ADC_GetConversionValue>:
    1ffa:	4568                	lw	a0,76(a0)
    1ffc:	0542                	slli	a0,a0,0x10
    1ffe:	8141                	srli	a0,a0,0x10
    2000:	8082                	ret

00002002 <ADC_GetFlagStatus>:
    2002:	4108                	lw	a0,0(a0)
    2004:	8d6d                	and	a0,a0,a1
    2006:	00a03533          	snez	a0,a0
    200a:	8082                	ret

0000200c <ADC_CLKConfig>:
    200c:	493c                	lw	a5,80(a0)
    200e:	e007f793          	andi	a5,a5,-512
    2012:	8ddd                	or	a1,a1,a5
    2014:	c92c                	sw	a1,80(a0)
    2016:	8082                	ret

00002018 <DBGMCU_GetCHIPID>:
    2018:	1ffff7b7          	lui	a5,0x1ffff
    201c:	7047a503          	lw	a0,1796(a5) # 1ffff704 <_data_lma+0x1fff5fe0>
    2020:	8082                	ret

00002022 <EXTI_Init>:
    2022:	4158                	lw	a4,4(a0)
    2024:	00052803          	lw	a6,0(a0)
    2028:	454c                	lw	a1,12(a0)
    202a:	40010637          	lui	a2,0x40010
    202e:	40060793          	addi	a5,a2,1024 # 40010400 <_eusrstack+0x2000b400>
    2032:	973e                	add	a4,a4,a5
    2034:	fff84693          	not	a3,a6
    2038:	c5b1                	beqz	a1,2084 <EXTI_Init+0x62>
    203a:	40062583          	lw	a1,1024(a2)
    203e:	8df5                	and	a1,a1,a3
    2040:	40b62023          	sw	a1,1024(a2)
    2044:	43d0                	lw	a2,4(a5)
    2046:	8ef1                	and	a3,a3,a2
    2048:	c3d4                	sw	a3,4(a5)
    204a:	4314                	lw	a3,0(a4)
    204c:	0106e6b3          	or	a3,a3,a6
    2050:	c314                	sw	a3,0(a4)
    2052:	4118                	lw	a4,0(a0)
    2054:	4790                	lw	a2,8(a5)
    2056:	fff74693          	not	a3,a4
    205a:	8e75                	and	a2,a2,a3
    205c:	c790                	sw	a2,8(a5)
    205e:	47d0                	lw	a2,12(a5)
    2060:	8ef1                	and	a3,a3,a2
    2062:	c7d4                	sw	a3,12(a5)
    2064:	4514                	lw	a3,8(a0)
    2066:	4641                	li	a2,16
    2068:	00c69963          	bne	a3,a2,207a <EXTI_Init+0x58>
    206c:	4794                	lw	a3,8(a5)
    206e:	8ed9                	or	a3,a3,a4
    2070:	c794                	sw	a3,8(a5)
    2072:	47d4                	lw	a3,12(a5)
    2074:	8f55                	or	a4,a4,a3
    2076:	c7d8                	sw	a4,12(a5)
    2078:	8082                	ret
    207a:	97b6                	add	a5,a5,a3
    207c:	4394                	lw	a3,0(a5)
    207e:	8f55                	or	a4,a4,a3
    2080:	c398                	sw	a4,0(a5)
    2082:	8082                	ret
    2084:	431c                	lw	a5,0(a4)
    2086:	8ff5                	and	a5,a5,a3
    2088:	c31c                	sw	a5,0(a4)
    208a:	8082                	ret

0000208c <EXTI_GetITStatus>:
    208c:	400107b7          	lui	a5,0x40010
    2090:	40078713          	addi	a4,a5,1024 # 40010400 <_eusrstack+0x2000b400>
    2094:	4007a783          	lw	a5,1024(a5)
    2098:	4b58                	lw	a4,20(a4)
    209a:	8f69                	and	a4,a4,a0
    209c:	c709                	beqz	a4,20a6 <EXTI_GetITStatus+0x1a>
    209e:	8d7d                	and	a0,a0,a5
    20a0:	00a03533          	snez	a0,a0
    20a4:	8082                	ret
    20a6:	4501                	li	a0,0
    20a8:	8082                	ret

000020aa <EXTI_ClearITPendingBit>:
    20aa:	400107b7          	lui	a5,0x40010
    20ae:	40a7aa23          	sw	a0,1044(a5) # 40010414 <_eusrstack+0x2000b414>
    20b2:	8082                	ret

000020b4 <GPIO_Init>:
    20b4:	4598                	lw	a4,8(a1)
    20b6:	01077793          	andi	a5,a4,16
    20ba:	00f77813          	andi	a6,a4,15
    20be:	c781                	beqz	a5,20c6 <GPIO_Init+0x12>
    20c0:	41dc                	lw	a5,4(a1)
    20c2:	00f86833          	or	a6,a6,a5
    20c6:	4194                	lw	a3,0(a1)
    20c8:	4781                	li	a5,0
    20ca:	0ff6f613          	andi	a2,a3,255
    20ce:	c239                	beqz	a2,2114 <GPIO_Init+0x60>
    20d0:	411c                	lw	a5,0(a0)
    20d2:	4601                	li	a2,0
    20d4:	4e85                	li	t4,1
    20d6:	4f3d                	li	t5,15
    20d8:	02800f93          	li	t6,40
    20dc:	04800293          	li	t0,72
    20e0:	4e21                	li	t3,8
    20e2:	00ce98b3          	sll	a7,t4,a2
    20e6:	0116f5b3          	and	a1,a3,a7
    20ea:	02b89163          	bne	a7,a1,210c <GPIO_Init+0x58>
    20ee:	00261313          	slli	t1,a2,0x2
    20f2:	006f15b3          	sll	a1,t5,t1
    20f6:	fff5c593          	not	a1,a1
    20fa:	8fed                	and	a5,a5,a1
    20fc:	00681333          	sll	t1,a6,t1
    2100:	00f367b3          	or	a5,t1,a5
    2104:	0ff71563          	bne	a4,t6,21ee <GPIO_Init+0x13a>
    2108:	01152a23          	sw	a7,20(a0)
    210c:	0605                	addi	a2,a2,1
    210e:	fdc61ae3          	bne	a2,t3,20e2 <GPIO_Init+0x2e>
    2112:	c11c                	sw	a5,0(a0)
    2114:	6641                	lui	a2,0x10
    2116:	f0060613          	addi	a2,a2,-256 # ff00 <_data_lma+0x67dc>
    211a:	8e75                	and	a2,a2,a3
    211c:	c249                	beqz	a2,219e <GPIO_Init+0xea>
    211e:	1ffff637          	lui	a2,0x1ffff
    2122:	70462603          	lw	a2,1796(a2) # 1ffff704 <_data_lma+0x1fff5fe0>
    2126:	0f067613          	andi	a2,a2,240
    212a:	e27d                	bnez	a2,2210 <GPIO_Init+0x15c>
    212c:	40011637          	lui	a2,0x40011
    2130:	80060593          	addi	a1,a2,-2048 # 40010800 <_eusrstack+0x2000b800>
    2134:	0cb51263          	bne	a0,a1,21f8 <GPIO_Init+0x144>
    2138:	8301a783          	lw	a5,-2000(gp) # 20000220 <CFGHR_tmpA>
    213c:	45a1                	li	a1,8
    213e:	4e85                	li	t4,1
    2140:	4f3d                	li	t5,15
    2142:	02800f93          	li	t6,40
    2146:	04800293          	li	t0,72
    214a:	4e41                	li	t3,16
    214c:	00be9333          	sll	t1,t4,a1
    2150:	0066f633          	and	a2,a3,t1
    2154:	02c31263          	bne	t1,a2,2178 <GPIO_Init+0xc4>
    2158:	00259613          	slli	a2,a1,0x2
    215c:	1601                	addi	a2,a2,-32
    215e:	00cf18b3          	sll	a7,t5,a2
    2162:	fff8c893          	not	a7,a7
    2166:	00f8f7b3          	and	a5,a7,a5
    216a:	00c81633          	sll	a2,a6,a2
    216e:	8fd1                	or	a5,a5,a2
    2170:	0bf71263          	bne	a4,t6,2214 <GPIO_Init+0x160>
    2174:	00652a23          	sw	t1,20(a0)
    2178:	0585                	addi	a1,a1,1
    217a:	fdc599e3          	bne	a1,t3,214c <GPIO_Init+0x98>
    217e:	c15c                	sw	a5,4(a0)
    2180:	1ffff637          	lui	a2,0x1ffff
    2184:	70462603          	lw	a2,1796(a2) # 1ffff704 <_data_lma+0x1fff5fe0>
    2188:	0f067613          	andi	a2,a2,240
    218c:	ea09                	bnez	a2,219e <GPIO_Init+0xea>
    218e:	40011637          	lui	a2,0x40011
    2192:	80060593          	addi	a1,a2,-2048 # 40010800 <_eusrstack+0x2000b800>
    2196:	08b51463          	bne	a0,a1,221e <GPIO_Init+0x16a>
    219a:	82f1a823          	sw	a5,-2000(gp) # 20000220 <CFGHR_tmpA>
    219e:	67c1                	lui	a5,0x10
    21a0:	04f6e663          	bltu	a3,a5,21ec <GPIO_Init+0x138>
    21a4:	4d50                	lw	a2,28(a0)
    21a6:	4781                	li	a5,0
    21a8:	4e05                	li	t3,1
    21aa:	4f3d                	li	t5,15
    21ac:	02800f93          	li	t6,40
    21b0:	04800293          	li	t0,72
    21b4:	4ea1                	li	t4,8
    21b6:	01078593          	addi	a1,a5,16 # 10010 <_data_lma+0x68ec>
    21ba:	00be15b3          	sll	a1,t3,a1
    21be:	00b6f8b3          	and	a7,a3,a1
    21c2:	03159163          	bne	a1,a7,21e4 <GPIO_Init+0x130>
    21c6:	00279893          	slli	a7,a5,0x2
    21ca:	011f1333          	sll	t1,t5,a7
    21ce:	fff34313          	not	t1,t1
    21d2:	00c37633          	and	a2,t1,a2
    21d6:	011818b3          	sll	a7,a6,a7
    21da:	00c8e633          	or	a2,a7,a2
    21de:	05f71c63          	bne	a4,t6,2236 <GPIO_Init+0x182>
    21e2:	c94c                	sw	a1,20(a0)
    21e4:	0785                	addi	a5,a5,1
    21e6:	fdd798e3          	bne	a5,t4,21b6 <GPIO_Init+0x102>
    21ea:	cd50                	sw	a2,28(a0)
    21ec:	8082                	ret
    21ee:	f0571fe3          	bne	a4,t0,210c <GPIO_Init+0x58>
    21f2:	01152823          	sw	a7,16(a0)
    21f6:	bf19                	j	210c <GPIO_Init+0x58>
    21f8:	c0060593          	addi	a1,a2,-1024
    21fc:	00b51563          	bne	a0,a1,2206 <GPIO_Init+0x152>
    2200:	8341a783          	lw	a5,-1996(gp) # 20000224 <CFGHR_tmpB>
    2204:	bf25                	j	213c <GPIO_Init+0x88>
    2206:	f2c51be3          	bne	a0,a2,213c <GPIO_Init+0x88>
    220a:	8381a783          	lw	a5,-1992(gp) # 20000228 <CFGHR_tmpC>
    220e:	b73d                	j	213c <GPIO_Init+0x88>
    2210:	415c                	lw	a5,4(a0)
    2212:	b72d                	j	213c <GPIO_Init+0x88>
    2214:	f65712e3          	bne	a4,t0,2178 <GPIO_Init+0xc4>
    2218:	00652823          	sw	t1,16(a0)
    221c:	bfb1                	j	2178 <GPIO_Init+0xc4>
    221e:	c0060593          	addi	a1,a2,-1024
    2222:	00b51563          	bne	a0,a1,222c <GPIO_Init+0x178>
    2226:	82f1aa23          	sw	a5,-1996(gp) # 20000224 <CFGHR_tmpB>
    222a:	bf95                	j	219e <GPIO_Init+0xea>
    222c:	f6c519e3          	bne	a0,a2,219e <GPIO_Init+0xea>
    2230:	82f1ac23          	sw	a5,-1992(gp) # 20000228 <CFGHR_tmpC>
    2234:	b7ad                	j	219e <GPIO_Init+0xea>
    2236:	fa5717e3          	bne	a4,t0,21e4 <GPIO_Init+0x130>
    223a:	00fe15b3          	sll	a1,t3,a5
    223e:	d10c                	sw	a1,32(a0)
    2240:	b755                	j	21e4 <GPIO_Init+0x130>

00002242 <GPIO_ReadInputDataBit>:
    2242:	4508                	lw	a0,8(a0)
    2244:	8d6d                	and	a0,a0,a1
    2246:	00a03533          	snez	a0,a0
    224a:	8082                	ret

0000224c <GPIO_SetBits>:
    224c:	01059793          	slli	a5,a1,0x10
    2250:	83c1                	srli	a5,a5,0x10
    2252:	c91c                	sw	a5,16(a0)
    2254:	81c1                	srli	a1,a1,0x10
    2256:	d10c                	sw	a1,32(a0)
    2258:	8082                	ret

0000225a <GPIO_ResetBits>:
    225a:	c94c                	sw	a1,20(a0)
    225c:	8082                	ret

0000225e <GPIO_WriteBit>:
    225e:	ca01                	beqz	a2,226e <GPIO_WriteBit+0x10>
    2260:	01059793          	slli	a5,a1,0x10
    2264:	83c1                	srli	a5,a5,0x10
    2266:	c91c                	sw	a5,16(a0)
    2268:	81c1                	srli	a1,a1,0x10
    226a:	d10c                	sw	a1,32(a0)
    226c:	8082                	ret
    226e:	c94c                	sw	a1,20(a0)
    2270:	8082                	ret

00002272 <GPIO_EXTILineConfig>:
    2272:	00f5f793          	andi	a5,a1,15
    2276:	8191                	srli	a1,a1,0x4
    2278:	00259713          	slli	a4,a1,0x2
    227c:	400105b7          	lui	a1,0x40010
    2280:	95ba                	add	a1,a1,a4
    2282:	4594                	lw	a3,8(a1)
    2284:	0786                	slli	a5,a5,0x1
    2286:	470d                	li	a4,3
    2288:	00f71733          	sll	a4,a4,a5
    228c:	fff74713          	not	a4,a4
    2290:	8f75                	and	a4,a4,a3
    2292:	c598                	sw	a4,8(a1)
    2294:	4598                	lw	a4,8(a1)
    2296:	00f51533          	sll	a0,a0,a5
    229a:	8d59                	or	a0,a0,a4
    229c:	c588                	sw	a0,8(a1)
    229e:	8082                	ret

000022a0 <NVIC_PriorityGroupConfig>:
    22a0:	86a1ac23          	sw	a0,-1928(gp) # 20000268 <NVIC_Priority_Group>
    22a4:	8082                	ret

000022a6 <NVIC_Init>:
    22a6:	8781a703          	lw	a4,-1928(gp) # 20000268 <NVIC_Priority_Group>
    22aa:	4785                	li	a5,1
    22ac:	2114                	lbu	a3,0(a0)
    22ae:	02f71063          	bne	a4,a5,22ce <NVIC_Init+0x28>
    22b2:	311c                	lbu	a5,1(a0)
    22b4:	02e79c63          	bne	a5,a4,22ec <NVIC_Init+0x46>
    22b8:	213c                	lbu	a5,2(a0)
    22ba:	0796                	slli	a5,a5,0x5
    22bc:	f807e793          	ori	a5,a5,-128
    22c0:	e000e737          	lui	a4,0xe000e
    22c4:	0ff7f793          	andi	a5,a5,255
    22c8:	9736                	add	a4,a4,a3
    22ca:	40f70023          	sb	a5,1024(a4) # e000e400 <_eusrstack+0xc0009400>
    22ce:	4705                	li	a4,1
    22d0:	0056d793          	srli	a5,a3,0x5
    22d4:	00d71733          	sll	a4,a4,a3
    22d8:	4154                	lw	a3,4(a0)
    22da:	ce89                	beqz	a3,22f4 <NVIC_Init+0x4e>
    22dc:	04078793          	addi	a5,a5,64
    22e0:	078a                	slli	a5,a5,0x2
    22e2:	e000e6b7          	lui	a3,0xe000e
    22e6:	97b6                	add	a5,a5,a3
    22e8:	c398                	sw	a4,0(a5)
    22ea:	8082                	ret
    22ec:	f3ed                	bnez	a5,22ce <NVIC_Init+0x28>
    22ee:	213c                	lbu	a5,2(a0)
    22f0:	0796                	slli	a5,a5,0x5
    22f2:	b7f9                	j	22c0 <NVIC_Init+0x1a>
    22f4:	06078793          	addi	a5,a5,96
    22f8:	b7e5                	j	22e0 <NVIC_Init+0x3a>

000022fa <PWR_EnterSTOPMode>:
    22fa:	40007737          	lui	a4,0x40007
    22fe:	431c                	lw	a5,0(a4)
    2300:	9bf5                	andi	a5,a5,-3
    2302:	c31c                	sw	a5,0(a4)
    2304:	e000f7b7          	lui	a5,0xe000f
    2308:	d107a703          	lw	a4,-752(a5) # e000ed10 <_eusrstack+0xc0009d10>
    230c:	00476713          	ori	a4,a4,4
    2310:	d0e7a823          	sw	a4,-752(a5)
    2314:	4705                	li	a4,1
    2316:	02e51163          	bne	a0,a4,2338 <PWR_EnterSTOPMode+0x3e>
    231a:	d107a703          	lw	a4,-752(a5)
    231e:	9b5d                	andi	a4,a4,-9
    2320:	d0e7a823          	sw	a4,-752(a5)
    2324:	10500073          	wfi
    2328:	e000f737          	lui	a4,0xe000f
    232c:	d1072783          	lw	a5,-752(a4) # e000ed10 <_eusrstack+0xc0009d10>
    2330:	9bed                	andi	a5,a5,-5
    2332:	d0f72823          	sw	a5,-752(a4)
    2336:	8082                	ret
    2338:	d107a683          	lw	a3,-752(a5)
    233c:	d107a703          	lw	a4,-752(a5)
    2340:	0206f693          	andi	a3,a3,32
    2344:	02876713          	ori	a4,a4,40
    2348:	d0e7a823          	sw	a4,-752(a5)
    234c:	d107a703          	lw	a4,-752(a5)
    2350:	fdf77713          	andi	a4,a4,-33
    2354:	8f55                	or	a4,a4,a3
    2356:	d0e7a823          	sw	a4,-752(a5)
    235a:	d107a703          	lw	a4,-752(a5)
    235e:	00876713          	ori	a4,a4,8
    2362:	d0e7a823          	sw	a4,-752(a5)
    2366:	10500073          	wfi
    236a:	d107a703          	lw	a4,-752(a5)
    236e:	00876713          	ori	a4,a4,8
    2372:	b77d                	j	2320 <PWR_EnterSTOPMode+0x26>

00002374 <RCC_GetClocksFreq>:
    2374:	02dc77b7          	lui	a5,0x2dc7
    2378:	c0078793          	addi	a5,a5,-1024 # 2dc6c00 <_data_lma+0x2dbd4dc>
    237c:	c11c                	sw	a5,0(a0)
    237e:	40021637          	lui	a2,0x40021
    2382:	4258                	lw	a4,4(a2)
    2384:	8311                	srli	a4,a4,0x4
    2386:	00f77693          	andi	a3,a4,15
    238a:	20000737          	lui	a4,0x20000
    238e:	01070713          	addi	a4,a4,16 # 20000010 <APBAHBPrescTable>
    2392:	9736                	add	a4,a4,a3
    2394:	2314                	lbu	a3,0(a4)
    2396:	4250                	lw	a2,4(a2)
    2398:	0ff6f693          	andi	a3,a3,255
    239c:	08067613          	andi	a2,a2,128
    23a0:	00d7d733          	srl	a4,a5,a3
    23a4:	e219                	bnez	a2,23aa <RCC_GetClocksFreq+0x36>
    23a6:	02d7d733          	divu	a4,a5,a3
    23aa:	c158                	sw	a4,4(a0)
    23ac:	c518                	sw	a4,8(a0)
    23ae:	c558                	sw	a4,12(a0)
    23b0:	8082                	ret

000023b2 <RCC_APB2PeriphClockCmd>:
    23b2:	c599                	beqz	a1,23c0 <RCC_APB2PeriphClockCmd+0xe>
    23b4:	40021737          	lui	a4,0x40021
    23b8:	4f1c                	lw	a5,24(a4)
    23ba:	8d5d                	or	a0,a0,a5
    23bc:	cf08                	sw	a0,24(a4)
    23be:	8082                	ret
    23c0:	400217b7          	lui	a5,0x40021
    23c4:	4f98                	lw	a4,24(a5)
    23c6:	fff54513          	not	a0,a0
    23ca:	8d79                	and	a0,a0,a4
    23cc:	cf88                	sw	a0,24(a5)
    23ce:	8082                	ret

000023d0 <RCC_APB1PeriphClockCmd>:
    23d0:	c599                	beqz	a1,23de <RCC_APB1PeriphClockCmd+0xe>
    23d2:	40021737          	lui	a4,0x40021
    23d6:	4f5c                	lw	a5,28(a4)
    23d8:	8d5d                	or	a0,a0,a5
    23da:	cf48                	sw	a0,28(a4)
    23dc:	8082                	ret
    23de:	400217b7          	lui	a5,0x40021
    23e2:	4fd8                	lw	a4,28(a5)
    23e4:	fff54513          	not	a0,a0
    23e8:	8d79                	and	a0,a0,a4
    23ea:	cfc8                	sw	a0,28(a5)
    23ec:	8082                	ret

000023ee <SPI_Init>:
    23ee:	211a                	lhu	a4,0(a0)
    23f0:	678d                	lui	a5,0x3
    23f2:	04078793          	addi	a5,a5,64 # 3040 <__subsf3+0xa0>
    23f6:	21b6                	lhu	a3,2(a1)
    23f8:	8f7d                	and	a4,a4,a5
    23fa:	219e                	lhu	a5,0(a1)
    23fc:	8fd5                	or	a5,a5,a3
    23fe:	21d6                	lhu	a3,4(a1)
    2400:	8fd5                	or	a5,a5,a3
    2402:	21f6                	lhu	a3,6(a1)
    2404:	8fd5                	or	a5,a5,a3
    2406:	2596                	lhu	a3,8(a1)
    2408:	8fd5                	or	a5,a5,a3
    240a:	25b6                	lhu	a3,10(a1)
    240c:	8fd5                	or	a5,a5,a3
    240e:	25d6                	lhu	a3,12(a1)
    2410:	8fd5                	or	a5,a5,a3
    2412:	25f6                	lhu	a3,14(a1)
    2414:	8fd5                	or	a5,a5,a3
    2416:	8fd9                	or	a5,a5,a4
    2418:	a11e                	sh	a5,0(a0)
    241a:	299e                	lhu	a5,16(a1)
    241c:	a91e                	sh	a5,16(a0)
    241e:	8082                	ret

00002420 <SPI_I2S_SendData>:
    2420:	251e                	lhu	a5,8(a0)
    2422:	0807f793          	andi	a5,a5,128
    2426:	ffed                	bnez	a5,2420 <SPI_I2S_SendData>
    2428:	a54e                	sh	a1,12(a0)
    242a:	251e                	lhu	a5,8(a0)
    242c:	0807f793          	andi	a5,a5,128
    2430:	ffed                	bnez	a5,242a <SPI_I2S_SendData+0xa>
    2432:	8082                	ret

00002434 <TIM_TimeBaseInit>:
    2434:	211e                	lhu	a5,0(a0)
    2436:	40013737          	lui	a4,0x40013
    243a:	c0070713          	addi	a4,a4,-1024 # 40012c00 <_eusrstack+0x2000dc00>
    243e:	07c2                	slli	a5,a5,0x10
    2440:	83c1                	srli	a5,a5,0x10
    2442:	00e50663          	beq	a0,a4,244e <TIM_TimeBaseInit+0x1a>
    2446:	40000737          	lui	a4,0x40000
    244a:	00e51663          	bne	a0,a4,2456 <TIM_TimeBaseInit+0x22>
    244e:	21ba                	lhu	a4,2(a1)
    2450:	f8f7f793          	andi	a5,a5,-113
    2454:	8fd9                	or	a5,a5,a4
    2456:	21fa                	lhu	a4,6(a1)
    2458:	cff7f793          	andi	a5,a5,-769
    245c:	07c2                	slli	a5,a5,0x10
    245e:	83c1                	srli	a5,a5,0x10
    2460:	8fd9                	or	a5,a5,a4
    2462:	a11e                	sh	a5,0(a0)
    2464:	21de                	lhu	a5,4(a1)
    2466:	b55e                	sh	a5,44(a0)
    2468:	219e                	lhu	a5,0(a1)
    246a:	b51e                	sh	a5,40(a0)
    246c:	400137b7          	lui	a5,0x40013
    2470:	c0078793          	addi	a5,a5,-1024 # 40012c00 <_eusrstack+0x2000dc00>
    2474:	00f50663          	beq	a0,a5,2480 <TIM_TimeBaseInit+0x4c>
    2478:	400007b7          	lui	a5,0x40000
    247c:	00f51463          	bne	a0,a5,2484 <TIM_TimeBaseInit+0x50>
    2480:	259c                	lbu	a5,8(a1)
    2482:	b91e                	sh	a5,48(a0)
    2484:	4785                	li	a5,1
    2486:	a95e                	sh	a5,20(a0)
    2488:	8082                	ret

0000248a <TIM_GetITStatus>:
    248a:	291e                	lhu	a5,16(a0)
    248c:	254a                	lhu	a0,12(a0)
    248e:	8fed                	and	a5,a5,a1
    2490:	0542                	slli	a0,a0,0x10
    2492:	8141                	srli	a0,a0,0x10
    2494:	c789                	beqz	a5,249e <TIM_GetITStatus+0x14>
    2496:	8d6d                	and	a0,a0,a1
    2498:	00a03533          	snez	a0,a0
    249c:	8082                	ret
    249e:	4501                	li	a0,0
    24a0:	8082                	ret

000024a2 <TIM_ClearITPendingBit>:
    24a2:	fff5c593          	not	a1,a1
    24a6:	05c2                	slli	a1,a1,0x10
    24a8:	81c1                	srli	a1,a1,0x10
    24aa:	a90e                	sh	a1,16(a0)
    24ac:	8082                	ret

000024ae <USART_Init>:
    24ae:	c83fd2ef          	jal	t0,130 <__riscv_save_0>
    24b2:	2916                	lhu	a3,16(a0)
    24b4:	77f5                	lui	a5,0xffffd
    24b6:	17fd                	addi	a5,a5,-1
    24b8:	8ff5                	and	a5,a5,a3
    24ba:	21f6                	lhu	a3,6(a1)
    24bc:	25da                	lhu	a4,12(a1)
    24be:	1101                	addi	sp,sp,-32
    24c0:	8fd5                	or	a5,a5,a3
    24c2:	a91e                	sh	a5,16(a0)
    24c4:	2556                	lhu	a3,12(a0)
    24c6:	77fd                	lui	a5,0xfffff
    24c8:	9f378793          	addi	a5,a5,-1549 # ffffe9f3 <_eusrstack+0xdfff99f3>
    24cc:	8ff5                	and	a5,a5,a3
    24ce:	21d6                	lhu	a3,4(a1)
    24d0:	842a                	mv	s0,a0
    24d2:	c62e                	sw	a1,12(sp)
    24d4:	8fd5                	or	a5,a5,a3
    24d6:	2596                	lhu	a3,8(a1)
    24d8:	8fd5                	or	a5,a5,a3
    24da:	25b6                	lhu	a3,10(a1)
    24dc:	8fd5                	or	a5,a5,a3
    24de:	a55e                	sh	a5,12(a0)
    24e0:	295e                	lhu	a5,20(a0)
    24e2:	07c2                	slli	a5,a5,0x10
    24e4:	83c1                	srli	a5,a5,0x10
    24e6:	cff7f793          	andi	a5,a5,-769
    24ea:	8fd9                	or	a5,a5,a4
    24ec:	a95e                	sh	a5,20(a0)
    24ee:	0808                	addi	a0,sp,16
    24f0:	e85ff0ef          	jal	ra,2374 <RCC_GetClocksFreq>
    24f4:	400147b7          	lui	a5,0x40014
    24f8:	80078793          	addi	a5,a5,-2048 # 40013800 <_eusrstack+0x2000e800>
    24fc:	45b2                	lw	a1,12(sp)
    24fe:	02f41e63          	bne	s0,a5,253a <USART_Init+0x8c>
    2502:	47f2                	lw	a5,28(sp)
    2504:	4765                	li	a4,25
    2506:	02e787b3          	mul	a5,a5,a4
    250a:	4198                	lw	a4,0(a1)
    250c:	06400693          	li	a3,100
    2510:	070a                	slli	a4,a4,0x2
    2512:	02e7d7b3          	divu	a5,a5,a4
    2516:	02d7d733          	divu	a4,a5,a3
    251a:	02d7f7b3          	remu	a5,a5,a3
    251e:	0712                	slli	a4,a4,0x4
    2520:	0792                	slli	a5,a5,0x4
    2522:	03278793          	addi	a5,a5,50
    2526:	02d7d7b3          	divu	a5,a5,a3
    252a:	8bbd                	andi	a5,a5,15
    252c:	8fd9                	or	a5,a5,a4
    252e:	07c2                	slli	a5,a5,0x10
    2530:	83c1                	srli	a5,a5,0x10
    2532:	a41e                	sh	a5,8(s0)
    2534:	6105                	addi	sp,sp,32
    2536:	c1ffd06f          	j	154 <__riscv_restore_0>
    253a:	47e2                	lw	a5,24(sp)
    253c:	b7e1                	j	2504 <USART_Init+0x56>

0000253e <USART_Cmd>:
    253e:	c591                	beqz	a1,254a <USART_Cmd+0xc>
    2540:	255e                	lhu	a5,12(a0)
    2542:	6709                	lui	a4,0x2
    2544:	8fd9                	or	a5,a5,a4
    2546:	a55e                	sh	a5,12(a0)
    2548:	8082                	ret
    254a:	255a                	lhu	a4,12(a0)
    254c:	77f9                	lui	a5,0xffffe
    254e:	17fd                	addi	a5,a5,-1
    2550:	8ff9                	and	a5,a5,a4
    2552:	bfd5                	j	2546 <USART_Cmd+0x8>

00002554 <USART_ITConfig>:
    2554:	0ff5f713          	andi	a4,a1,255
    2558:	4785                	li	a5,1
    255a:	8315                	srli	a4,a4,0x5
    255c:	00b795b3          	sll	a1,a5,a1
    2560:	00f71963          	bne	a4,a5,2572 <USART_ITConfig+0x1e>
    2564:	00c50793          	addi	a5,a0,12
    2568:	4398                	lw	a4,0(a5)
    256a:	ce01                	beqz	a2,2582 <USART_ITConfig+0x2e>
    256c:	8dd9                	or	a1,a1,a4
    256e:	c38c                	sw	a1,0(a5)
    2570:	8082                	ret
    2572:	4689                	li	a3,2
    2574:	01450793          	addi	a5,a0,20
    2578:	fed718e3          	bne	a4,a3,2568 <USART_ITConfig+0x14>
    257c:	01050793          	addi	a5,a0,16
    2580:	b7e5                	j	2568 <USART_ITConfig+0x14>
    2582:	fff5c593          	not	a1,a1
    2586:	8df9                	and	a1,a1,a4
    2588:	b7dd                	j	256e <USART_ITConfig+0x1a>

0000258a <USART_SendData>:
    258a:	1ff5f593          	andi	a1,a1,511
    258e:	a14e                	sh	a1,4(a0)
    2590:	8082                	ret

00002592 <USART_ReceiveData>:
    2592:	214a                	lhu	a0,4(a0)
    2594:	1ff57513          	andi	a0,a0,511
    2598:	8082                	ret

0000259a <USART_GetFlagStatus>:
    259a:	210a                	lhu	a0,0(a0)
    259c:	8d6d                	and	a0,a0,a1
    259e:	00a03533          	snez	a0,a0
    25a2:	8082                	ret

000025a4 <Delay_Init>:
    25a4:	82c1a783          	lw	a5,-2004(gp) # 2000021c <SystemCoreClock>
    25a8:	007a1737          	lui	a4,0x7a1
    25ac:	20070713          	addi	a4,a4,512 # 7a1200 <_data_lma+0x797adc>
    25b0:	02e7d7b3          	divu	a5,a5,a4
    25b4:	0ff7f793          	andi	a5,a5,255
    25b8:	86f18f23          	sb	a5,-1922(gp) # 2000026e <p_us>
    25bc:	3e800713          	li	a4,1000
    25c0:	02e787b3          	mul	a5,a5,a4
    25c4:	86f19e23          	sh	a5,-1924(gp) # 2000026c <p_ms>
    25c8:	8082                	ret

000025ca <Delay_Ms>:
    25ca:	e000f7b7          	lui	a5,0xe000f
    25ce:	43d8                	lw	a4,4(a5)
    25d0:	4681                	li	a3,0
    25d2:	9b79                	andi	a4,a4,-2
    25d4:	c3d8                	sw	a4,4(a5)
    25d6:	87c1d703          	lhu	a4,-1924(gp) # 2000026c <p_ms>
    25da:	02a70633          	mul	a2,a4,a0
    25de:	cb90                	sw	a2,16(a5)
    25e0:	cbd4                	sw	a3,20(a5)
    25e2:	4398                	lw	a4,0(a5)
    25e4:	01076713          	ori	a4,a4,16
    25e8:	c398                	sw	a4,0(a5)
    25ea:	4398                	lw	a4,0(a5)
    25ec:	02176713          	ori	a4,a4,33
    25f0:	c398                	sw	a4,0(a5)
    25f2:	43d8                	lw	a4,4(a5)
    25f4:	8b05                	andi	a4,a4,1
    25f6:	df75                	beqz	a4,25f2 <Delay_Ms+0x28>
    25f8:	4398                	lw	a4,0(a5)
    25fa:	9b79                	andi	a4,a4,-2
    25fc:	c398                	sw	a4,0(a5)
    25fe:	8082                	ret

00002600 <_write>:
    2600:	b17fd2ef          	jal	t0,116 <__riscv_save_4>
    2604:	400054b7          	lui	s1,0x40005
    2608:	89ae                	mv	s3,a1
    260a:	8932                	mv	s2,a2
    260c:	4401                	li	s0,0
    260e:	c0048493          	addi	s1,s1,-1024 # 40004c00 <_eusrstack+0x1ffffc00>
    2612:	01244563          	blt	s0,s2,261c <_write+0x1c>
    2616:	854a                	mv	a0,s2
    2618:	b33fd06f          	j	14a <__riscv_restore_4>
    261c:	04000593          	li	a1,64
    2620:	8526                	mv	a0,s1
    2622:	f79ff0ef          	jal	ra,259a <USART_GetFlagStatus>
    2626:	d97d                	beqz	a0,261c <_write+0x1c>
    2628:	008987b3          	add	a5,s3,s0
    262c:	00078583          	lb	a1,0(a5) # e000f000 <_eusrstack+0xc000a000>
    2630:	8526                	mv	a0,s1
    2632:	0405                	addi	s0,s0,1
    2634:	05c2                	slli	a1,a1,0x10
    2636:	81c1                	srli	a1,a1,0x10
    2638:	f53ff0ef          	jal	ra,258a <USART_SendData>
    263c:	bfd9                	j	2612 <_write+0x12>

0000263e <_sbrk>:
    263e:	83c18713          	addi	a4,gp,-1988 # 2000022c <curbrk.4333>
    2642:	431c                	lw	a5,0(a4)
    2644:	c5018693          	addi	a3,gp,-944 # 20000640 <_ebss>
    2648:	953e                	add	a0,a0,a5
    264a:	00d56b63          	bltu	a0,a3,2660 <_sbrk+0x22>
    264e:	200056b7          	lui	a3,0x20005
    2652:	80068693          	addi	a3,a3,-2048 # 20004800 <_heap_end>
    2656:	00a6e563          	bltu	a3,a0,2660 <_sbrk+0x22>
    265a:	c308                	sw	a0,0(a4)
    265c:	853e                	mv	a0,a5
    265e:	8082                	ret
    2660:	57fd                	li	a5,-1
    2662:	bfed                	j	265c <_sbrk+0x1e>

00002664 <__addsf3>:
    2664:	1141                	addi	sp,sp,-16
    2666:	00800737          	lui	a4,0x800
    266a:	177d                	addi	a4,a4,-1
    266c:	0175d813          	srli	a6,a1,0x17
    2670:	c226                	sw	s1,4(sp)
    2672:	01755493          	srli	s1,a0,0x17
    2676:	00a77333          	and	t1,a4,a0
    267a:	0ff4f493          	andi	s1,s1,255
    267e:	00b776b3          	and	a3,a4,a1
    2682:	c04a                	sw	s2,0(sp)
    2684:	0ff87813          	andi	a6,a6,255
    2688:	01f55913          	srli	s2,a0,0x1f
    268c:	c606                	sw	ra,12(sp)
    268e:	c422                	sw	s0,8(sp)
    2690:	81fd                	srli	a1,a1,0x1f
    2692:	879a                	mv	a5,t1
    2694:	8526                	mv	a0,s1
    2696:	864a                	mv	a2,s2
    2698:	00331e13          	slli	t3,t1,0x3
    269c:	00369e93          	slli	t4,a3,0x3
    26a0:	410488b3          	sub	a7,s1,a6
    26a4:	0eb90a63          	beq	s2,a1,2798 <__addsf3+0x134>
    26a8:	0d105063          	blez	a7,2768 <__addsf3+0x104>
    26ac:	14080463          	beqz	a6,27f4 <__addsf3+0x190>
    26b0:	0ff00793          	li	a5,255
    26b4:	14f48b63          	beq	s1,a5,280a <__addsf3+0x1a6>
    26b8:	040007b7          	lui	a5,0x4000
    26bc:	00feeeb3          	or	t4,t4,a5
    26c0:	47ed                	li	a5,27
    26c2:	2917c163          	blt	a5,a7,2944 <__addsf3+0x2e0>
    26c6:	02000793          	li	a5,32
    26ca:	411787b3          	sub	a5,a5,a7
    26ce:	00fe97b3          	sll	a5,t4,a5
    26d2:	011ed8b3          	srl	a7,t4,a7
    26d6:	00f037b3          	snez	a5,a5
    26da:	00f8e7b3          	or	a5,a7,a5
    26de:	40fe07b3          	sub	a5,t3,a5
    26e2:	00579713          	slli	a4,a5,0x5
    26e6:	18075e63          	bgez	a4,2882 <__addsf3+0x21e>
    26ea:	04000437          	lui	s0,0x4000
    26ee:	147d                	addi	s0,s0,-1
    26f0:	8c7d                	and	s0,s0,a5
    26f2:	8522                	mv	a0,s0
    26f4:	7eb000ef          	jal	ra,36de <__clzsi2>
    26f8:	156d                	addi	a0,a0,-5
    26fa:	00a417b3          	sll	a5,s0,a0
    26fe:	1a954863          	blt	a0,s1,28ae <__addsf3+0x24a>
    2702:	8d05                	sub	a0,a0,s1
    2704:	00150413          	addi	s0,a0,1
    2708:	02000713          	li	a4,32
    270c:	8f01                	sub	a4,a4,s0
    270e:	00e79733          	sll	a4,a5,a4
    2712:	00e03733          	snez	a4,a4
    2716:	0087d7b3          	srl	a5,a5,s0
    271a:	8fd9                	or	a5,a5,a4
    271c:	4481                	li	s1,0
    271e:	0077f713          	andi	a4,a5,7
    2722:	c719                	beqz	a4,2730 <__addsf3+0xcc>
    2724:	00f7f713          	andi	a4,a5,15
    2728:	4691                	li	a3,4
    272a:	00d70363          	beq	a4,a3,2730 <__addsf3+0xcc>
    272e:	0791                	addi	a5,a5,4
    2730:	00579713          	slli	a4,a5,0x5
    2734:	14075b63          	bgez	a4,288a <__addsf3+0x226>
    2738:	0485                	addi	s1,s1,1
    273a:	0ff00713          	li	a4,255
    273e:	864a                	mv	a2,s2
    2740:	16e48363          	beq	s1,a4,28a6 <__addsf3+0x242>
    2744:	079a                	slli	a5,a5,0x6
    2746:	83a5                	srli	a5,a5,0x9
    2748:	0ff4f513          	andi	a0,s1,255
    274c:	40b2                	lw	ra,12(sp)
    274e:	4422                	lw	s0,8(sp)
    2750:	07a6                	slli	a5,a5,0x9
    2752:	01751493          	slli	s1,a0,0x17
    2756:	0097d513          	srli	a0,a5,0x9
    275a:	8d45                	or	a0,a0,s1
    275c:	067e                	slli	a2,a2,0x1f
    275e:	4492                	lw	s1,4(sp)
    2760:	4902                	lw	s2,0(sp)
    2762:	8d51                	or	a0,a0,a2
    2764:	0141                	addi	sp,sp,16
    2766:	8082                	ret
    2768:	0a089963          	bnez	a7,281a <__addsf3+0x1b6>
    276c:	00148713          	addi	a4,s1,1
    2770:	0fe77713          	andi	a4,a4,254
    2774:	14071763          	bnez	a4,28c2 <__addsf3+0x25e>
    2778:	22049063          	bnez	s1,2998 <__addsf3+0x334>
    277c:	1e0e0d63          	beqz	t3,2976 <__addsf3+0x312>
    2780:	fc0e86e3          	beqz	t4,274c <__addsf3+0xe8>
    2784:	41de07b3          	sub	a5,t3,t4
    2788:	00579713          	slli	a4,a5,0x5
    278c:	22075063          	bgez	a4,29ac <__addsf3+0x348>
    2790:	41ce87b3          	sub	a5,t4,t3
    2794:	892e                	mv	s2,a1
    2796:	b761                	j	271e <__addsf3+0xba>
    2798:	0b105c63          	blez	a7,2850 <__addsf3+0x1ec>
    279c:	08080e63          	beqz	a6,2838 <__addsf3+0x1d4>
    27a0:	0ff00793          	li	a5,255
    27a4:	06f48363          	beq	s1,a5,280a <__addsf3+0x1a6>
    27a8:	040007b7          	lui	a5,0x4000
    27ac:	00feeeb3          	or	t4,t4,a5
    27b0:	47ed                	li	a5,27
    27b2:	1f17c963          	blt	a5,a7,29a4 <__addsf3+0x340>
    27b6:	02000793          	li	a5,32
    27ba:	411787b3          	sub	a5,a5,a7
    27be:	00fe97b3          	sll	a5,t4,a5
    27c2:	011ed8b3          	srl	a7,t4,a7
    27c6:	00f037b3          	snez	a5,a5
    27ca:	00f8e7b3          	or	a5,a7,a5
    27ce:	97f2                	add	a5,a5,t3
    27d0:	00579713          	slli	a4,a5,0x5
    27d4:	0a075763          	bgez	a4,2882 <__addsf3+0x21e>
    27d8:	0485                	addi	s1,s1,1
    27da:	0ff00713          	li	a4,255
    27de:	0ce48463          	beq	s1,a4,28a6 <__addsf3+0x242>
    27e2:	7e0006b7          	lui	a3,0x7e000
    27e6:	0017d713          	srli	a4,a5,0x1
    27ea:	16fd                	addi	a3,a3,-1
    27ec:	8b85                	andi	a5,a5,1
    27ee:	8f75                	and	a4,a4,a3
    27f0:	8fd9                	or	a5,a5,a4
    27f2:	b735                	j	271e <__addsf3+0xba>
    27f4:	080e8d63          	beqz	t4,288e <__addsf3+0x22a>
    27f8:	18fd                	addi	a7,a7,-1
    27fa:	41de07b3          	sub	a5,t3,t4
    27fe:	ee0882e3          	beqz	a7,26e2 <__addsf3+0x7e>
    2802:	0ff00793          	li	a5,255
    2806:	eaf49de3          	bne	s1,a5,26c0 <__addsf3+0x5c>
    280a:	08030d63          	beqz	t1,28a4 <__addsf3+0x240>
    280e:	4601                	li	a2,0
    2810:	0ff00513          	li	a0,255
    2814:	004007b7          	lui	a5,0x400
    2818:	bf15                	j	274c <__addsf3+0xe8>
    281a:	40980733          	sub	a4,a6,s1
    281e:	e8ed                	bnez	s1,2910 <__addsf3+0x2ac>
    2820:	140e0263          	beqz	t3,2964 <__addsf3+0x300>
    2824:	177d                	addi	a4,a4,-1
    2826:	18070863          	beqz	a4,29b6 <__addsf3+0x352>
    282a:	0ff00793          	li	a5,255
    282e:	0ef81963          	bne	a6,a5,2920 <__addsf3+0x2bc>
    2832:	892e                	mv	s2,a1
    2834:	8336                	mv	t1,a3
    2836:	bfd1                	j	280a <__addsf3+0x1a6>
    2838:	040e8b63          	beqz	t4,288e <__addsf3+0x22a>
    283c:	18fd                	addi	a7,a7,-1
    283e:	01de07b3          	add	a5,t3,t4
    2842:	f80887e3          	beqz	a7,27d0 <__addsf3+0x16c>
    2846:	0ff00793          	li	a5,255
    284a:	f6f493e3          	bne	s1,a5,27b0 <__addsf3+0x14c>
    284e:	bf75                	j	280a <__addsf3+0x1a6>
    2850:	08089563          	bnez	a7,28da <__addsf3+0x276>
    2854:	0485                	addi	s1,s1,1
    2856:	0fe4f713          	andi	a4,s1,254
    285a:	12071363          	bnez	a4,2980 <__addsf3+0x31c>
    285e:	10051763          	bnez	a0,296c <__addsf3+0x308>
    2862:	140e0f63          	beqz	t3,29c0 <__addsf3+0x35c>
    2866:	ee0e83e3          	beqz	t4,274c <__addsf3+0xe8>
    286a:	01de07b3          	add	a5,t3,t4
    286e:	00579713          	slli	a4,a5,0x5
    2872:	4481                	li	s1,0
    2874:	00075763          	bgez	a4,2882 <__addsf3+0x21e>
    2878:	fc000737          	lui	a4,0xfc000
    287c:	177d                	addi	a4,a4,-1
    287e:	8ff9                	and	a5,a5,a4
    2880:	4485                	li	s1,1
    2882:	0077f713          	andi	a4,a5,7
    2886:	e8071fe3          	bnez	a4,2724 <__addsf3+0xc0>
    288a:	0037d313          	srli	t1,a5,0x3
    288e:	0ff00793          	li	a5,255
    2892:	f6f48ce3          	beq	s1,a5,280a <__addsf3+0x1a6>
    2896:	00931793          	slli	a5,t1,0x9
    289a:	83a5                	srli	a5,a5,0x9
    289c:	0ff4f513          	andi	a0,s1,255
    28a0:	864a                	mv	a2,s2
    28a2:	b56d                	j	274c <__addsf3+0xe8>
    28a4:	864a                	mv	a2,s2
    28a6:	0ff00513          	li	a0,255
    28aa:	4781                	li	a5,0
    28ac:	b545                	j	274c <__addsf3+0xe8>
    28ae:	fc000737          	lui	a4,0xfc000
    28b2:	177d                	addi	a4,a4,-1
    28b4:	8ff9                	and	a5,a5,a4
    28b6:	0077f713          	andi	a4,a5,7
    28ba:	8c89                	sub	s1,s1,a0
    28bc:	e60714e3          	bnez	a4,2724 <__addsf3+0xc0>
    28c0:	b7e9                	j	288a <__addsf3+0x226>
    28c2:	41de0433          	sub	s0,t3,t4
    28c6:	00541793          	slli	a5,s0,0x5
    28ca:	0c07c363          	bltz	a5,2990 <__addsf3+0x32c>
    28ce:	e20412e3          	bnez	s0,26f2 <__addsf3+0x8e>
    28d2:	4601                	li	a2,0
    28d4:	4501                	li	a0,0
    28d6:	4781                	li	a5,0
    28d8:	bd95                	j	274c <__addsf3+0xe8>
    28da:	40980733          	sub	a4,a6,s1
    28de:	c4ad                	beqz	s1,2948 <__addsf3+0x2e4>
    28e0:	0ff00793          	li	a5,255
    28e4:	f4f808e3          	beq	a6,a5,2834 <__addsf3+0x1d0>
    28e8:	040007b7          	lui	a5,0x4000
    28ec:	00fe6e33          	or	t3,t3,a5
    28f0:	47ed                	li	a5,27
    28f2:	0ce7cc63          	blt	a5,a4,29ca <__addsf3+0x366>
    28f6:	02000793          	li	a5,32
    28fa:	8f99                	sub	a5,a5,a4
    28fc:	00fe17b3          	sll	a5,t3,a5
    2900:	00ee5733          	srl	a4,t3,a4
    2904:	00f037b3          	snez	a5,a5
    2908:	8fd9                	or	a5,a5,a4
    290a:	97f6                	add	a5,a5,t4
    290c:	84c2                	mv	s1,a6
    290e:	b5c9                	j	27d0 <__addsf3+0x16c>
    2910:	0ff00793          	li	a5,255
    2914:	f0f80fe3          	beq	a6,a5,2832 <__addsf3+0x1ce>
    2918:	040007b7          	lui	a5,0x4000
    291c:	00fe6e33          	or	t3,t3,a5
    2920:	47ed                	li	a5,27
    2922:	08e7c363          	blt	a5,a4,29a8 <__addsf3+0x344>
    2926:	02000693          	li	a3,32
    292a:	8e99                	sub	a3,a3,a4
    292c:	00de16b3          	sll	a3,t3,a3
    2930:	00ee57b3          	srl	a5,t3,a4
    2934:	00d03733          	snez	a4,a3
    2938:	8fd9                	or	a5,a5,a4
    293a:	40fe87b3          	sub	a5,t4,a5
    293e:	84c2                	mv	s1,a6
    2940:	892e                	mv	s2,a1
    2942:	b345                	j	26e2 <__addsf3+0x7e>
    2944:	4785                	li	a5,1
    2946:	bb61                	j	26de <__addsf3+0x7a>
    2948:	060e0e63          	beqz	t3,29c4 <__addsf3+0x360>
    294c:	177d                	addi	a4,a4,-1
    294e:	01de07b3          	add	a5,t3,t4
    2952:	84c2                	mv	s1,a6
    2954:	e6070ee3          	beqz	a4,27d0 <__addsf3+0x16c>
    2958:	0ff00793          	li	a5,255
    295c:	f8f81ae3          	bne	a6,a5,28f0 <__addsf3+0x28c>
    2960:	8336                	mv	t1,a3
    2962:	b565                	j	280a <__addsf3+0x1a6>
    2964:	8336                	mv	t1,a3
    2966:	84c2                	mv	s1,a6
    2968:	892e                	mv	s2,a1
    296a:	b715                	j	288e <__addsf3+0x22a>
    296c:	ec0e04e3          	beqz	t3,2834 <__addsf3+0x1d0>
    2970:	e80e8de3          	beqz	t4,280a <__addsf3+0x1a6>
    2974:	bd69                	j	280e <__addsf3+0x1aa>
    2976:	020e8d63          	beqz	t4,29b0 <__addsf3+0x34c>
    297a:	862e                	mv	a2,a1
    297c:	87b6                	mv	a5,a3
    297e:	b3f9                	j	274c <__addsf3+0xe8>
    2980:	0ff00793          	li	a5,255
    2984:	f2f481e3          	beq	s1,a5,28a6 <__addsf3+0x242>
    2988:	01de07b3          	add	a5,t3,t4
    298c:	8385                	srli	a5,a5,0x1
    298e:	bdd5                	j	2882 <__addsf3+0x21e>
    2990:	41ce8433          	sub	s0,t4,t3
    2994:	892e                	mv	s2,a1
    2996:	bbb1                	j	26f2 <__addsf3+0x8e>
    2998:	fc0e1ce3          	bnez	t3,2970 <__addsf3+0x30c>
    299c:	e60e89e3          	beqz	t4,280e <__addsf3+0x1aa>
    29a0:	892e                	mv	s2,a1
    29a2:	bd49                	j	2834 <__addsf3+0x1d0>
    29a4:	4785                	li	a5,1
    29a6:	b525                	j	27ce <__addsf3+0x16a>
    29a8:	4785                	li	a5,1
    29aa:	bf41                	j	293a <__addsf3+0x2d6>
    29ac:	ec079be3          	bnez	a5,2882 <__addsf3+0x21e>
    29b0:	4601                	li	a2,0
    29b2:	4781                	li	a5,0
    29b4:	bb61                	j	274c <__addsf3+0xe8>
    29b6:	41ce87b3          	sub	a5,t4,t3
    29ba:	84c2                	mv	s1,a6
    29bc:	892e                	mv	s2,a1
    29be:	b315                	j	26e2 <__addsf3+0x7e>
    29c0:	87b6                	mv	a5,a3
    29c2:	b369                	j	274c <__addsf3+0xe8>
    29c4:	8336                	mv	t1,a3
    29c6:	84c2                	mv	s1,a6
    29c8:	b5d9                	j	288e <__addsf3+0x22a>
    29ca:	4785                	li	a5,1
    29cc:	bf3d                	j	290a <__addsf3+0x2a6>

000029ce <__divsf3>:
    29ce:	7139                	addi	sp,sp,-64
    29d0:	01755793          	srli	a5,a0,0x17
    29d4:	d84a                	sw	s2,48(sp)
    29d6:	d256                	sw	s5,36(sp)
    29d8:	ce5e                	sw	s7,28(sp)
    29da:	00951a93          	slli	s5,a0,0x9
    29de:	01f55913          	srli	s2,a0,0x1f
    29e2:	de06                	sw	ra,60(sp)
    29e4:	dc22                	sw	s0,56(sp)
    29e6:	da26                	sw	s1,52(sp)
    29e8:	d64e                	sw	s3,44(sp)
    29ea:	d452                	sw	s4,40(sp)
    29ec:	d05a                	sw	s6,32(sp)
    29ee:	0ff7f793          	andi	a5,a5,255
    29f2:	009ada93          	srli	s5,s5,0x9
    29f6:	8bca                	mv	s7,s2
    29f8:	12078263          	beqz	a5,2b1c <__divsf3+0x14e>
    29fc:	0ff00713          	li	a4,255
    2a00:	12e78463          	beq	a5,a4,2b28 <__divsf3+0x15a>
    2a04:	0a8e                	slli	s5,s5,0x3
    2a06:	04000737          	lui	a4,0x4000
    2a0a:	00eaeab3          	or	s5,s5,a4
    2a0e:	f8178a13          	addi	s4,a5,-127 # 3ffff81 <_data_lma+0x3ff685d>
    2a12:	4401                	li	s0,0
    2a14:	4b01                	li	s6,0
    2a16:	0175d793          	srli	a5,a1,0x17
    2a1a:	00959493          	slli	s1,a1,0x9
    2a1e:	0ff7f793          	andi	a5,a5,255
    2a22:	80a5                	srli	s1,s1,0x9
    2a24:	01f5d993          	srli	s3,a1,0x1f
    2a28:	c7fd                	beqz	a5,2b16 <__divsf3+0x148>
    2a2a:	0ff00713          	li	a4,255
    2a2e:	02e78763          	beq	a5,a4,2a5c <__divsf3+0x8e>
    2a32:	048e                	slli	s1,s1,0x3
    2a34:	f8178793          	addi	a5,a5,-127
    2a38:	04000737          	lui	a4,0x4000
    2a3c:	8cd9                	or	s1,s1,a4
    2a3e:	40fa0a33          	sub	s4,s4,a5
    2a42:	4681                	li	a3,0
    2a44:	8c55                	or	s0,s0,a3
    2a46:	00006717          	auipc	a4,0x6
    2a4a:	74270713          	addi	a4,a4,1858 # 9188 <font8x8+0x400>
    2a4e:	040a                	slli	s0,s0,0x2
    2a50:	943a                	add	s0,s0,a4
    2a52:	401c                	lw	a5,0(s0)
    2a54:	01394933          	xor	s2,s2,s3
    2a58:	97ba                	add	a5,a5,a4
    2a5a:	8782                	jr	a5
    2a5c:	f01a0a13          	addi	s4,s4,-255
    2a60:	e8f9                	bnez	s1,2b36 <__divsf3+0x168>
    2a62:	4689                	li	a3,2
    2a64:	8c55                	or	s0,s0,a3
    2a66:	00006717          	auipc	a4,0x6
    2a6a:	76270713          	addi	a4,a4,1890 # 91c8 <font8x8+0x440>
    2a6e:	040a                	slli	s0,s0,0x2
    2a70:	943a                	add	s0,s0,a4
    2a72:	401c                	lw	a5,0(s0)
    2a74:	01394933          	xor	s2,s2,s3
    2a78:	97ba                	add	a5,a5,a4
    2a7a:	8782                	jr	a5
    2a7c:	4901                	li	s2,0
    2a7e:	0ff00713          	li	a4,255
    2a82:	004007b7          	lui	a5,0x400
    2a86:	00979513          	slli	a0,a5,0x9
    2a8a:	50f2                	lw	ra,60(sp)
    2a8c:	5462                	lw	s0,56(sp)
    2a8e:	01771793          	slli	a5,a4,0x17
    2a92:	8125                	srli	a0,a0,0x9
    2a94:	097e                	slli	s2,s2,0x1f
    2a96:	8d5d                	or	a0,a0,a5
    2a98:	01256533          	or	a0,a0,s2
    2a9c:	54d2                	lw	s1,52(sp)
    2a9e:	5942                	lw	s2,48(sp)
    2aa0:	59b2                	lw	s3,44(sp)
    2aa2:	5a22                	lw	s4,40(sp)
    2aa4:	5a92                	lw	s5,36(sp)
    2aa6:	5b02                	lw	s6,32(sp)
    2aa8:	4bf2                	lw	s7,28(sp)
    2aaa:	6121                	addi	sp,sp,64
    2aac:	8082                	ret
    2aae:	0ff00713          	li	a4,255
    2ab2:	4781                	li	a5,0
    2ab4:	bfc9                	j	2a86 <__divsf3+0xb8>
    2ab6:	8aa6                	mv	s5,s1
    2ab8:	8bce                	mv	s7,s3
    2aba:	8b36                	mv	s6,a3
    2abc:	4789                	li	a5,2
    2abe:	1afb0b63          	beq	s6,a5,2c74 <__divsf3+0x2a6>
    2ac2:	478d                	li	a5,3
    2ac4:	fafb0ce3          	beq	s6,a5,2a7c <__divsf3+0xae>
    2ac8:	4785                	li	a5,1
    2aca:	0afb0a63          	beq	s6,a5,2b7e <__divsf3+0x1b0>
    2ace:	07fa0713          	addi	a4,s4,127
    2ad2:	001bf913          	andi	s2,s7,1
    2ad6:	12e05763          	blez	a4,2c04 <__divsf3+0x236>
    2ada:	007af793          	andi	a5,s5,7
    2ade:	c799                	beqz	a5,2aec <__divsf3+0x11e>
    2ae0:	00faf793          	andi	a5,s5,15
    2ae4:	4691                	li	a3,4
    2ae6:	00d78363          	beq	a5,a3,2aec <__divsf3+0x11e>
    2aea:	0a91                	addi	s5,s5,4
    2aec:	004a9793          	slli	a5,s5,0x4
    2af0:	0007d963          	bgez	a5,2b02 <__divsf3+0x134>
    2af4:	f80007b7          	lui	a5,0xf8000
    2af8:	17fd                	addi	a5,a5,-1
    2afa:	00fafab3          	and	s5,s5,a5
    2afe:	080a0713          	addi	a4,s4,128
    2b02:	0fe00793          	li	a5,254
    2b06:	fae7c4e3          	blt	a5,a4,2aae <__divsf3+0xe0>
    2b0a:	006a9793          	slli	a5,s5,0x6
    2b0e:	83a5                	srli	a5,a5,0x9
    2b10:	0ff77713          	andi	a4,a4,255
    2b14:	bf8d                	j	2a86 <__divsf3+0xb8>
    2b16:	e4b9                	bnez	s1,2b64 <__divsf3+0x196>
    2b18:	4685                	li	a3,1
    2b1a:	b7a9                	j	2a64 <__divsf3+0x96>
    2b1c:	020a9463          	bnez	s5,2b44 <__divsf3+0x176>
    2b20:	4411                	li	s0,4
    2b22:	4a01                	li	s4,0
    2b24:	4b05                	li	s6,1
    2b26:	bdc5                	j	2a16 <__divsf3+0x48>
    2b28:	000a9963          	bnez	s5,2b3a <__divsf3+0x16c>
    2b2c:	4421                	li	s0,8
    2b2e:	0ff00a13          	li	s4,255
    2b32:	4b09                	li	s6,2
    2b34:	b5cd                	j	2a16 <__divsf3+0x48>
    2b36:	468d                	li	a3,3
    2b38:	b731                	j	2a44 <__divsf3+0x76>
    2b3a:	4431                	li	s0,12
    2b3c:	0ff00a13          	li	s4,255
    2b40:	4b0d                	li	s6,3
    2b42:	bdd1                	j	2a16 <__divsf3+0x48>
    2b44:	8556                	mv	a0,s5
    2b46:	c62e                	sw	a1,12(sp)
    2b48:	397000ef          	jal	ra,36de <__clzsi2>
    2b4c:	ffb50793          	addi	a5,a0,-5
    2b50:	00fa9ab3          	sll	s5,s5,a5
    2b54:	f8a00793          	li	a5,-118
    2b58:	40a78a33          	sub	s4,a5,a0
    2b5c:	4401                	li	s0,0
    2b5e:	4b01                	li	s6,0
    2b60:	45b2                	lw	a1,12(sp)
    2b62:	bd55                	j	2a16 <__divsf3+0x48>
    2b64:	8526                	mv	a0,s1
    2b66:	379000ef          	jal	ra,36de <__clzsi2>
    2b6a:	ffb50713          	addi	a4,a0,-5
    2b6e:	00aa07b3          	add	a5,s4,a0
    2b72:	00e494b3          	sll	s1,s1,a4
    2b76:	07678a13          	addi	s4,a5,118 # f8000076 <_eusrstack+0xd7ffb076>
    2b7a:	4681                	li	a3,0
    2b7c:	b5e1                	j	2a44 <__divsf3+0x76>
    2b7e:	001bf913          	andi	s2,s7,1
    2b82:	4701                	li	a4,0
    2b84:	4781                	li	a5,0
    2b86:	b701                	j	2a86 <__divsf3+0xb8>
    2b88:	6641                	lui	a2,0x10
    2b8a:	00549513          	slli	a0,s1,0x5
    2b8e:	167d                	addi	a2,a2,-1
    2b90:	01055793          	srli	a5,a0,0x10
    2b94:	8e69                	and	a2,a2,a0
    2b96:	0a9afa63          	bgeu	s5,s1,2c4a <__divsf3+0x27c>
    2b9a:	02fad5b3          	divu	a1,s5,a5
    2b9e:	1a7d                	addi	s4,s4,-1
    2ba0:	86d6                	mv	a3,s5
    2ba2:	4701                	li	a4,0
    2ba4:	02c58833          	mul	a6,a1,a2
    2ba8:	02f6f6b3          	remu	a3,a3,a5
    2bac:	06c2                	slli	a3,a3,0x10
    2bae:	8f55                	or	a4,a4,a3
    2bb0:	01077b63          	bgeu	a4,a6,2bc6 <__divsf3+0x1f8>
    2bb4:	972a                	add	a4,a4,a0
    2bb6:	fff58693          	addi	a3,a1,-1 # 4000ffff <_eusrstack+0x2000afff>
    2bba:	0aa76863          	bltu	a4,a0,2c6a <__divsf3+0x29c>
    2bbe:	0b077663          	bgeu	a4,a6,2c6a <__divsf3+0x29c>
    2bc2:	15f9                	addi	a1,a1,-2
    2bc4:	972a                	add	a4,a4,a0
    2bc6:	41070733          	sub	a4,a4,a6
    2bca:	02f756b3          	divu	a3,a4,a5
    2bce:	02f77733          	remu	a4,a4,a5
    2bd2:	02c68ab3          	mul	s5,a3,a2
    2bd6:	01071793          	slli	a5,a4,0x10
    2bda:	0157fb63          	bgeu	a5,s5,2bf0 <__divsf3+0x222>
    2bde:	97aa                	add	a5,a5,a0
    2be0:	fff68713          	addi	a4,a3,-1 # 7dffffff <_eusrstack+0x5dffafff>
    2be4:	08a7e163          	bltu	a5,a0,2c66 <__divsf3+0x298>
    2be8:	0757ff63          	bgeu	a5,s5,2c66 <__divsf3+0x298>
    2bec:	16f9                	addi	a3,a3,-2
    2bee:	97aa                	add	a5,a5,a0
    2bf0:	05c2                	slli	a1,a1,0x10
    2bf2:	41578ab3          	sub	s5,a5,s5
    2bf6:	8dd5                	or	a1,a1,a3
    2bf8:	01503ab3          	snez	s5,s5
    2bfc:	0155eab3          	or	s5,a1,s5
    2c00:	8bca                	mv	s7,s2
    2c02:	b5f1                	j	2ace <__divsf3+0x100>
    2c04:	4685                	li	a3,1
    2c06:	8e99                	sub	a3,a3,a4
    2c08:	c711                	beqz	a4,2c14 <__divsf3+0x246>
    2c0a:	466d                	li	a2,27
    2c0c:	4701                	li	a4,0
    2c0e:	4781                	li	a5,0
    2c10:	e6d64be3          	blt	a2,a3,2a86 <__divsf3+0xb8>
    2c14:	09ea0a13          	addi	s4,s4,158
    2c18:	014a9a33          	sll	s4,s5,s4
    2c1c:	00dad7b3          	srl	a5,s5,a3
    2c20:	01403ab3          	snez	s5,s4
    2c24:	0157e7b3          	or	a5,a5,s5
    2c28:	0077f713          	andi	a4,a5,7
    2c2c:	c719                	beqz	a4,2c3a <__divsf3+0x26c>
    2c2e:	00f7f713          	andi	a4,a5,15
    2c32:	4691                	li	a3,4
    2c34:	00d70363          	beq	a4,a3,2c3a <__divsf3+0x26c>
    2c38:	0791                	addi	a5,a5,4
    2c3a:	00579713          	slli	a4,a5,0x5
    2c3e:	02074863          	bltz	a4,2c6e <__divsf3+0x2a0>
    2c42:	079a                	slli	a5,a5,0x6
    2c44:	83a5                	srli	a5,a5,0x9
    2c46:	4701                	li	a4,0
    2c48:	bd3d                	j	2a86 <__divsf3+0xb8>
    2c4a:	001ad693          	srli	a3,s5,0x1
    2c4e:	02f6d5b3          	divu	a1,a3,a5
    2c52:	01fa9713          	slli	a4,s5,0x1f
    2c56:	8341                	srli	a4,a4,0x10
    2c58:	02c58833          	mul	a6,a1,a2
    2c5c:	b7b1                	j	2ba8 <__divsf3+0x1da>
    2c5e:	8bce                	mv	s7,s3
    2c60:	8b36                	mv	s6,a3
    2c62:	4a81                	li	s5,0
    2c64:	bda1                	j	2abc <__divsf3+0xee>
    2c66:	86ba                	mv	a3,a4
    2c68:	b761                	j	2bf0 <__divsf3+0x222>
    2c6a:	85b6                	mv	a1,a3
    2c6c:	bfa9                	j	2bc6 <__divsf3+0x1f8>
    2c6e:	4705                	li	a4,1
    2c70:	4781                	li	a5,0
    2c72:	bd11                	j	2a86 <__divsf3+0xb8>
    2c74:	001bf913          	andi	s2,s7,1
    2c78:	0ff00713          	li	a4,255
    2c7c:	4781                	li	a5,0
    2c7e:	b521                	j	2a86 <__divsf3+0xb8>

00002c80 <__lesf2>:
    2c80:	01755693          	srli	a3,a0,0x17
    2c84:	008007b7          	lui	a5,0x800
    2c88:	17fd                	addi	a5,a5,-1
    2c8a:	0175d613          	srli	a2,a1,0x17
    2c8e:	0ff6f693          	andi	a3,a3,255
    2c92:	0ff00813          	li	a6,255
    2c96:	00a7f8b3          	and	a7,a5,a0
    2c9a:	01f55713          	srli	a4,a0,0x1f
    2c9e:	8fed                	and	a5,a5,a1
    2ca0:	0ff67613          	andi	a2,a2,255
    2ca4:	81fd                	srli	a1,a1,0x1f
    2ca6:	03068763          	beq	a3,a6,2cd4 <__lesf2+0x54>
    2caa:	01060963          	beq	a2,a6,2cbc <__lesf2+0x3c>
    2cae:	ea85                	bnez	a3,2cde <__lesf2+0x5e>
    2cb0:	ea11                	bnez	a2,2cc4 <__lesf2+0x44>
    2cb2:	eb89                	bnez	a5,2cc4 <__lesf2+0x44>
    2cb4:	4501                	li	a0,0
    2cb6:	00089b63          	bnez	a7,2ccc <__lesf2+0x4c>
    2cba:	8082                	ret
    2cbc:	4509                	li	a0,2
    2cbe:	fff5                	bnez	a5,2cba <__lesf2+0x3a>
    2cc0:	dae5                	beqz	a3,2cb0 <__lesf2+0x30>
    2cc2:	a831                	j	2cde <__lesf2+0x5e>
    2cc4:	02088c63          	beqz	a7,2cfc <__lesf2+0x7c>
    2cc8:	04b70063          	beq	a4,a1,2d08 <__lesf2+0x88>
    2ccc:	4505                	li	a0,1
    2cce:	d775                	beqz	a4,2cba <__lesf2+0x3a>
    2cd0:	557d                	li	a0,-1
    2cd2:	8082                	ret
    2cd4:	4509                	li	a0,2
    2cd6:	02089863          	bnez	a7,2d06 <__lesf2+0x86>
    2cda:	02d60463          	beq	a2,a3,2d02 <__lesf2+0x82>
    2cde:	e211                	bnez	a2,2ce2 <__lesf2+0x62>
    2ce0:	d7f5                	beqz	a5,2ccc <__lesf2+0x4c>
    2ce2:	feb715e3          	bne	a4,a1,2ccc <__lesf2+0x4c>
    2ce6:	fed643e3          	blt	a2,a3,2ccc <__lesf2+0x4c>
    2cea:	00c6c763          	blt	a3,a2,2cf8 <__lesf2+0x78>
    2cee:	fd17efe3          	bltu	a5,a7,2ccc <__lesf2+0x4c>
    2cf2:	4501                	li	a0,0
    2cf4:	fcf8f3e3          	bgeu	a7,a5,2cba <__lesf2+0x3a>
    2cf8:	e319                	bnez	a4,2cfe <__lesf2+0x7e>
    2cfa:	bfd9                	j	2cd0 <__lesf2+0x50>
    2cfc:	d9f1                	beqz	a1,2cd0 <__lesf2+0x50>
    2cfe:	4505                	li	a0,1
    2d00:	8082                	ret
    2d02:	d3e5                	beqz	a5,2ce2 <__lesf2+0x62>
    2d04:	8082                	ret
    2d06:	8082                	ret
    2d08:	4681                	li	a3,0
    2d0a:	b7c5                	j	2cea <__lesf2+0x6a>

00002d0c <__mulsf3>:
    2d0c:	7179                	addi	sp,sp,-48
    2d0e:	d422                	sw	s0,40(sp)
    2d10:	01755413          	srli	s0,a0,0x17
    2d14:	ce4e                	sw	s3,28(sp)
    2d16:	cc52                	sw	s4,24(sp)
    2d18:	00951993          	slli	s3,a0,0x9
    2d1c:	d606                	sw	ra,44(sp)
    2d1e:	d226                	sw	s1,36(sp)
    2d20:	d04a                	sw	s2,32(sp)
    2d22:	ca56                	sw	s5,20(sp)
    2d24:	c85a                	sw	s6,16(sp)
    2d26:	0ff47413          	andi	s0,s0,255
    2d2a:	0099d993          	srli	s3,s3,0x9
    2d2e:	01f55a13          	srli	s4,a0,0x1f
    2d32:	c469                	beqz	s0,2dfc <__mulsf3+0xf0>
    2d34:	0ff00793          	li	a5,255
    2d38:	0ef40863          	beq	s0,a5,2e28 <__mulsf3+0x11c>
    2d3c:	00399793          	slli	a5,s3,0x3
    2d40:	04000737          	lui	a4,0x4000
    2d44:	00e7e9b3          	or	s3,a5,a4
    2d48:	f8140413          	addi	s0,s0,-127 # 3ffff81 <_data_lma+0x3ff685d>
    2d4c:	4481                	li	s1,0
    2d4e:	4b01                	li	s6,0
    2d50:	0175d713          	srli	a4,a1,0x17
    2d54:	00959a93          	slli	s5,a1,0x9
    2d58:	0ff77713          	andi	a4,a4,255
    2d5c:	009ada93          	srli	s5,s5,0x9
    2d60:	01f5d913          	srli	s2,a1,0x1f
    2d64:	cf45                	beqz	a4,2e1c <__mulsf3+0x110>
    2d66:	0ff00793          	li	a5,255
    2d6a:	02f70c63          	beq	a4,a5,2da2 <__mulsf3+0x96>
    2d6e:	0a8e                	slli	s5,s5,0x3
    2d70:	f8170713          	addi	a4,a4,-127 # 3ffff81 <_data_lma+0x3ff685d>
    2d74:	040007b7          	lui	a5,0x4000
    2d78:	00faeab3          	or	s5,s5,a5
    2d7c:	943a                	add	s0,s0,a4
    2d7e:	4601                	li	a2,0
    2d80:	012a4533          	xor	a0,s4,s2
    2d84:	47bd                	li	a5,15
    2d86:	86aa                	mv	a3,a0
    2d88:	00140593          	addi	a1,s0,1
    2d8c:	1097e263          	bltu	a5,s1,2e90 <__mulsf3+0x184>
    2d90:	00006717          	auipc	a4,0x6
    2d94:	47870713          	addi	a4,a4,1144 # 9208 <font8x8+0x480>
    2d98:	048a                	slli	s1,s1,0x2
    2d9a:	94ba                	add	s1,s1,a4
    2d9c:	409c                	lw	a5,0(s1)
    2d9e:	97ba                	add	a5,a5,a4
    2da0:	8782                	jr	a5
    2da2:	0ff40413          	addi	s0,s0,255
    2da6:	0c0a9863          	bnez	s5,2e76 <__mulsf3+0x16a>
    2daa:	0024e493          	ori	s1,s1,2
    2dae:	4609                	li	a2,2
    2db0:	bfc1                	j	2d80 <__mulsf3+0x74>
    2db2:	4501                	li	a0,0
    2db4:	0ff00713          	li	a4,255
    2db8:	004007b7          	lui	a5,0x400
    2dbc:	50b2                	lw	ra,44(sp)
    2dbe:	5422                	lw	s0,40(sp)
    2dc0:	07a6                	slli	a5,a5,0x9
    2dc2:	075e                	slli	a4,a4,0x17
    2dc4:	83a5                	srli	a5,a5,0x9
    2dc6:	057e                	slli	a0,a0,0x1f
    2dc8:	8fd9                	or	a5,a5,a4
    2dca:	5492                	lw	s1,36(sp)
    2dcc:	5902                	lw	s2,32(sp)
    2dce:	49f2                	lw	s3,28(sp)
    2dd0:	4a62                	lw	s4,24(sp)
    2dd2:	4ad2                	lw	s5,20(sp)
    2dd4:	4b42                	lw	s6,16(sp)
    2dd6:	8d5d                	or	a0,a0,a5
    2dd8:	6145                	addi	sp,sp,48
    2dda:	8082                	ret
    2ddc:	86ca                	mv	a3,s2
    2dde:	89d6                	mv	s3,s5
    2de0:	8b32                	mv	s6,a2
    2de2:	4789                	li	a5,2
    2de4:	0afb0163          	beq	s6,a5,2e86 <__mulsf3+0x17a>
    2de8:	478d                	li	a5,3
    2dea:	fcfb04e3          	beq	s6,a5,2db2 <__mulsf3+0xa6>
    2dee:	4785                	li	a5,1
    2df0:	8536                	mv	a0,a3
    2df2:	1afb1263          	bne	s6,a5,2f96 <__mulsf3+0x28a>
    2df6:	4701                	li	a4,0
    2df8:	4781                	li	a5,0
    2dfa:	b7c9                	j	2dbc <__mulsf3+0xb0>
    2dfc:	04099e63          	bnez	s3,2e58 <__mulsf3+0x14c>
    2e00:	0175d713          	srli	a4,a1,0x17
    2e04:	00959a93          	slli	s5,a1,0x9
    2e08:	0ff77713          	andi	a4,a4,255
    2e0c:	4491                	li	s1,4
    2e0e:	4401                	li	s0,0
    2e10:	4b05                	li	s6,1
    2e12:	009ada93          	srli	s5,s5,0x9
    2e16:	01f5d913          	srli	s2,a1,0x1f
    2e1a:	f731                	bnez	a4,2d66 <__mulsf3+0x5a>
    2e1c:	000a9d63          	bnez	s5,2e36 <__mulsf3+0x12a>
    2e20:	0014e493          	ori	s1,s1,1
    2e24:	4605                	li	a2,1
    2e26:	bfa9                	j	2d80 <__mulsf3+0x74>
    2e28:	02099363          	bnez	s3,2e4e <__mulsf3+0x142>
    2e2c:	44a1                	li	s1,8
    2e2e:	0ff00413          	li	s0,255
    2e32:	4b09                	li	s6,2
    2e34:	bf31                	j	2d50 <__mulsf3+0x44>
    2e36:	8556                	mv	a0,s5
    2e38:	0a7000ef          	jal	ra,36de <__clzsi2>
    2e3c:	ffb50793          	addi	a5,a0,-5
    2e40:	8c09                	sub	s0,s0,a0
    2e42:	00fa9ab3          	sll	s5,s5,a5
    2e46:	f8a40413          	addi	s0,s0,-118
    2e4a:	4601                	li	a2,0
    2e4c:	bf15                	j	2d80 <__mulsf3+0x74>
    2e4e:	44b1                	li	s1,12
    2e50:	0ff00413          	li	s0,255
    2e54:	4b0d                	li	s6,3
    2e56:	bded                	j	2d50 <__mulsf3+0x44>
    2e58:	854e                	mv	a0,s3
    2e5a:	c62e                	sw	a1,12(sp)
    2e5c:	083000ef          	jal	ra,36de <__clzsi2>
    2e60:	ffb50793          	addi	a5,a0,-5
    2e64:	f8a00413          	li	s0,-118
    2e68:	00f999b3          	sll	s3,s3,a5
    2e6c:	8c09                	sub	s0,s0,a0
    2e6e:	4481                	li	s1,0
    2e70:	4b01                	li	s6,0
    2e72:	45b2                	lw	a1,12(sp)
    2e74:	bdf1                	j	2d50 <__mulsf3+0x44>
    2e76:	0034e493          	ori	s1,s1,3
    2e7a:	460d                	li	a2,3
    2e7c:	b711                	j	2d80 <__mulsf3+0x74>
    2e7e:	4789                	li	a5,2
    2e80:	86d2                	mv	a3,s4
    2e82:	f6fb13e3          	bne	s6,a5,2de8 <__mulsf3+0xdc>
    2e86:	8536                	mv	a0,a3
    2e88:	0ff00713          	li	a4,255
    2e8c:	4781                	li	a5,0
    2e8e:	b73d                	j	2dbc <__mulsf3+0xb0>
    2e90:	6341                	lui	t1,0x10
    2e92:	fff30693          	addi	a3,t1,-1 # ffff <_data_lma+0x68db>
    2e96:	0109d613          	srli	a2,s3,0x10
    2e9a:	010ad893          	srli	a7,s5,0x10
    2e9e:	00d9f7b3          	and	a5,s3,a3
    2ea2:	00dafab3          	and	s5,s5,a3
    2ea6:	03578833          	mul	a6,a5,s5
    2eaa:	02f889b3          	mul	s3,a7,a5
    2eae:	01085713          	srli	a4,a6,0x10
    2eb2:	03560ab3          	mul	s5,a2,s5
    2eb6:	99d6                	add	s3,s3,s5
    2eb8:	974e                	add	a4,a4,s3
    2eba:	03160633          	mul	a2,a2,a7
    2ebe:	01577363          	bgeu	a4,s5,2ec4 <__mulsf3+0x1b8>
    2ec2:	961a                	add	a2,a2,t1
    2ec4:	67c1                	lui	a5,0x10
    2ec6:	17fd                	addi	a5,a5,-1
    2ec8:	00f776b3          	and	a3,a4,a5
    2ecc:	00f87833          	and	a6,a6,a5
    2ed0:	06c2                	slli	a3,a3,0x10
    2ed2:	96c2                	add	a3,a3,a6
    2ed4:	00669993          	slli	s3,a3,0x6
    2ed8:	01075793          	srli	a5,a4,0x10
    2edc:	013039b3          	snez	s3,s3
    2ee0:	82e9                	srli	a3,a3,0x1a
    2ee2:	97b2                	add	a5,a5,a2
    2ee4:	079a                	slli	a5,a5,0x6
    2ee6:	00d9e6b3          	or	a3,s3,a3
    2eea:	00d7e9b3          	or	s3,a5,a3
    2eee:	00499793          	slli	a5,s3,0x4
    2ef2:	0007d963          	bgez	a5,2f04 <__mulsf3+0x1f8>
    2ef6:	0019d713          	srli	a4,s3,0x1
    2efa:	0019f793          	andi	a5,s3,1
    2efe:	00f769b3          	or	s3,a4,a5
    2f02:	842e                	mv	s0,a1
    2f04:	07f40713          	addi	a4,s0,127
    2f08:	04e05063          	blez	a4,2f48 <__mulsf3+0x23c>
    2f0c:	0079f793          	andi	a5,s3,7
    2f10:	c799                	beqz	a5,2f1e <__mulsf3+0x212>
    2f12:	00f9f793          	andi	a5,s3,15
    2f16:	4691                	li	a3,4
    2f18:	00d78363          	beq	a5,a3,2f1e <__mulsf3+0x212>
    2f1c:	0991                	addi	s3,s3,4
    2f1e:	00499793          	slli	a5,s3,0x4
    2f22:	0007d963          	bgez	a5,2f34 <__mulsf3+0x228>
    2f26:	f80007b7          	lui	a5,0xf8000
    2f2a:	17fd                	addi	a5,a5,-1
    2f2c:	00f9f9b3          	and	s3,s3,a5
    2f30:	08040713          	addi	a4,s0,128
    2f34:	0fe00793          	li	a5,254
    2f38:	04e7cb63          	blt	a5,a4,2f8e <__mulsf3+0x282>
    2f3c:	00699793          	slli	a5,s3,0x6
    2f40:	83a5                	srli	a5,a5,0x9
    2f42:	0ff77713          	andi	a4,a4,255
    2f46:	bd9d                	j	2dbc <__mulsf3+0xb0>
    2f48:	4785                	li	a5,1
    2f4a:	40e786b3          	sub	a3,a5,a4
    2f4e:	c711                	beqz	a4,2f5a <__mulsf3+0x24e>
    2f50:	466d                	li	a2,27
    2f52:	4701                	li	a4,0
    2f54:	4781                	li	a5,0
    2f56:	e6d643e3          	blt	a2,a3,2dbc <__mulsf3+0xb0>
    2f5a:	09e40713          	addi	a4,s0,158
    2f5e:	00e99733          	sll	a4,s3,a4
    2f62:	00e03733          	snez	a4,a4
    2f66:	00d9d7b3          	srl	a5,s3,a3
    2f6a:	8fd9                	or	a5,a5,a4
    2f6c:	0077f713          	andi	a4,a5,7
    2f70:	c719                	beqz	a4,2f7e <__mulsf3+0x272>
    2f72:	00f7f713          	andi	a4,a5,15
    2f76:	4691                	li	a3,4
    2f78:	00d70363          	beq	a4,a3,2f7e <__mulsf3+0x272>
    2f7c:	0791                	addi	a5,a5,4
    2f7e:	00579713          	slli	a4,a5,0x5
    2f82:	00074c63          	bltz	a4,2f9a <__mulsf3+0x28e>
    2f86:	079a                	slli	a5,a5,0x6
    2f88:	83a5                	srli	a5,a5,0x9
    2f8a:	4701                	li	a4,0
    2f8c:	bd05                	j	2dbc <__mulsf3+0xb0>
    2f8e:	0ff00713          	li	a4,255
    2f92:	4781                	li	a5,0
    2f94:	b525                	j	2dbc <__mulsf3+0xb0>
    2f96:	842e                	mv	s0,a1
    2f98:	b7b5                	j	2f04 <__mulsf3+0x1f8>
    2f9a:	4705                	li	a4,1
    2f9c:	4781                	li	a5,0
    2f9e:	bd39                	j	2dbc <__mulsf3+0xb0>

00002fa0 <__subsf3>:
    2fa0:	00800737          	lui	a4,0x800
    2fa4:	1141                	addi	sp,sp,-16
    2fa6:	177d                	addi	a4,a4,-1
    2fa8:	01755693          	srli	a3,a0,0x17
    2fac:	0175d813          	srli	a6,a1,0x17
    2fb0:	00a777b3          	and	a5,a4,a0
    2fb4:	0ff6f693          	andi	a3,a3,255
    2fb8:	01f55e93          	srli	t4,a0,0x1f
    2fbc:	00b77633          	and	a2,a4,a1
    2fc0:	c226                	sw	s1,4(sp)
    2fc2:	c04a                	sw	s2,0(sp)
    2fc4:	0ff87813          	andi	a6,a6,255
    2fc8:	c606                	sw	ra,12(sp)
    2fca:	c422                	sw	s0,8(sp)
    2fcc:	0ff00313          	li	t1,255
    2fd0:	8e3e                	mv	t3,a5
    2fd2:	8936                	mv	s2,a3
    2fd4:	84f6                	mv	s1,t4
    2fd6:	00379f13          	slli	t5,a5,0x3
    2fda:	81fd                	srli	a1,a1,0x1f
    2fdc:	00361513          	slli	a0,a2,0x3
    2fe0:	410688b3          	sub	a7,a3,a6
    2fe4:	10680263          	beq	a6,t1,30e8 <__subsf3+0x148>
    2fe8:	0015c593          	xori	a1,a1,1
    2fec:	10be8c63          	beq	t4,a1,3104 <__subsf3+0x164>
    2ff0:	0d105463          	blez	a7,30b8 <__subsf3+0x118>
    2ff4:	10081063          	bnez	a6,30f4 <__subsf3+0x154>
    2ff8:	1e050463          	beqz	a0,31e0 <__subsf3+0x240>
    2ffc:	18fd                	addi	a7,a7,-1
    2ffe:	40af07b3          	sub	a5,t5,a0
    3002:	02088663          	beqz	a7,302e <__subsf3+0x8e>
    3006:	0ff00793          	li	a5,255
    300a:	16f68863          	beq	a3,a5,317a <__subsf3+0x1da>
    300e:	47ed                	li	a5,27
    3010:	2917c763          	blt	a5,a7,329e <__subsf3+0x2fe>
    3014:	02000713          	li	a4,32
    3018:	41170733          	sub	a4,a4,a7
    301c:	00e51733          	sll	a4,a0,a4
    3020:	011557b3          	srl	a5,a0,a7
    3024:	00e03733          	snez	a4,a4
    3028:	8fd9                	or	a5,a5,a4
    302a:	40ff07b3          	sub	a5,t5,a5
    302e:	00579713          	slli	a4,a5,0x5
    3032:	1a075163          	bgez	a4,31d4 <__subsf3+0x234>
    3036:	04000437          	lui	s0,0x4000
    303a:	147d                	addi	s0,s0,-1
    303c:	8c7d                	and	s0,s0,a5
    303e:	8522                	mv	a0,s0
    3040:	2d79                	jal	36de <__clzsi2>
    3042:	156d                	addi	a0,a0,-5
    3044:	00a417b3          	sll	a5,s0,a0
    3048:	1b254e63          	blt	a0,s2,3204 <__subsf3+0x264>
    304c:	41250533          	sub	a0,a0,s2
    3050:	00150413          	addi	s0,a0,1
    3054:	02000713          	li	a4,32
    3058:	8f01                	sub	a4,a4,s0
    305a:	00e79733          	sll	a4,a5,a4
    305e:	00e03733          	snez	a4,a4
    3062:	0087d7b3          	srl	a5,a5,s0
    3066:	8fd9                	or	a5,a5,a4
    3068:	4901                	li	s2,0
    306a:	0077f713          	andi	a4,a5,7
    306e:	c719                	beqz	a4,307c <__subsf3+0xdc>
    3070:	00f7f713          	andi	a4,a5,15
    3074:	4691                	li	a3,4
    3076:	00d70363          	beq	a4,a3,307c <__subsf3+0xdc>
    307a:	0791                	addi	a5,a5,4
    307c:	00579713          	slli	a4,a5,0x5
    3080:	14075e63          	bgez	a4,31dc <__subsf3+0x23c>
    3084:	00190693          	addi	a3,s2,1
    3088:	0ff00713          	li	a4,255
    308c:	0014fe93          	andi	t4,s1,1
    3090:	16e68663          	beq	a3,a4,31fc <__subsf3+0x25c>
    3094:	079a                	slli	a5,a5,0x6
    3096:	83a5                	srli	a5,a5,0x9
    3098:	0ff6f693          	andi	a3,a3,255
    309c:	07a6                	slli	a5,a5,0x9
    309e:	40b2                	lw	ra,12(sp)
    30a0:	4422                	lw	s0,8(sp)
    30a2:	0097d513          	srli	a0,a5,0x9
    30a6:	06de                	slli	a3,a3,0x17
    30a8:	01fe9793          	slli	a5,t4,0x1f
    30ac:	8d55                	or	a0,a0,a3
    30ae:	4492                	lw	s1,4(sp)
    30b0:	4902                	lw	s2,0(sp)
    30b2:	8d5d                	or	a0,a0,a5
    30b4:	0141                	addi	sp,sp,16
    30b6:	8082                	ret
    30b8:	0a089263          	bnez	a7,315c <__subsf3+0x1bc>
    30bc:	00168713          	addi	a4,a3,1
    30c0:	0fe77713          	andi	a4,a4,254
    30c4:	14071b63          	bnez	a4,321a <__subsf3+0x27a>
    30c8:	22069463          	bnez	a3,32f0 <__subsf3+0x350>
    30cc:	200f0263          	beqz	t5,32d0 <__subsf3+0x330>
    30d0:	d571                	beqz	a0,309c <__subsf3+0xfc>
    30d2:	40af07b3          	sub	a5,t5,a0
    30d6:	00579713          	slli	a4,a5,0x5
    30da:	22075563          	bgez	a4,3304 <__subsf3+0x364>
    30de:	41e507b3          	sub	a5,a0,t5
    30e2:	4901                	li	s2,0
    30e4:	84ae                	mv	s1,a1
    30e6:	b751                	j	306a <__subsf3+0xca>
    30e8:	f00500e3          	beqz	a0,2fe8 <__subsf3+0x48>
    30ec:	0abe8a63          	beq	t4,a1,31a0 <__subsf3+0x200>
    30f0:	fd1054e3          	blez	a7,30b8 <__subsf3+0x118>
    30f4:	0ff00793          	li	a5,255
    30f8:	08f68163          	beq	a3,a5,317a <__subsf3+0x1da>
    30fc:	040007b7          	lui	a5,0x4000
    3100:	8d5d                	or	a0,a0,a5
    3102:	b731                	j	300e <__subsf3+0x6e>
    3104:	09105e63          	blez	a7,31a0 <__subsf3+0x200>
    3108:	08080163          	beqz	a6,318a <__subsf3+0x1ea>
    310c:	0ff00793          	li	a5,255
    3110:	06f68563          	beq	a3,a5,317a <__subsf3+0x1da>
    3114:	040007b7          	lui	a5,0x4000
    3118:	8d5d                	or	a0,a0,a5
    311a:	47ed                	li	a5,27
    311c:	1f17c063          	blt	a5,a7,32fc <__subsf3+0x35c>
    3120:	02000713          	li	a4,32
    3124:	41170733          	sub	a4,a4,a7
    3128:	00e51733          	sll	a4,a0,a4
    312c:	011557b3          	srl	a5,a0,a7
    3130:	00e03733          	snez	a4,a4
    3134:	8fd9                	or	a5,a5,a4
    3136:	97fa                	add	a5,a5,t5
    3138:	00579713          	slli	a4,a5,0x5
    313c:	08075c63          	bgez	a4,31d4 <__subsf3+0x234>
    3140:	0905                	addi	s2,s2,1
    3142:	0ff00713          	li	a4,255
    3146:	0ae90b63          	beq	s2,a4,31fc <__subsf3+0x25c>
    314a:	7e0006b7          	lui	a3,0x7e000
    314e:	0017d713          	srli	a4,a5,0x1
    3152:	16fd                	addi	a3,a3,-1
    3154:	8b85                	andi	a5,a5,1
    3156:	8f75                	and	a4,a4,a3
    3158:	8fd9                	or	a5,a5,a4
    315a:	bf01                	j	306a <__subsf3+0xca>
    315c:	40d80733          	sub	a4,a6,a3
    3160:	10069563          	bnez	a3,326a <__subsf3+0x2ca>
    3164:	140f0d63          	beqz	t5,32be <__subsf3+0x31e>
    3168:	177d                	addi	a4,a4,-1
    316a:	1a070363          	beqz	a4,3310 <__subsf3+0x370>
    316e:	0ff00793          	li	a5,255
    3172:	10f81463          	bne	a6,a5,327a <__subsf3+0x2da>
    3176:	84ae                	mv	s1,a1
    3178:	8e32                	mv	t3,a2
    317a:	060e0f63          	beqz	t3,31f8 <__subsf3+0x258>
    317e:	4e81                	li	t4,0
    3180:	0ff00693          	li	a3,255
    3184:	004007b7          	lui	a5,0x400
    3188:	bf11                	j	309c <__subsf3+0xfc>
    318a:	c939                	beqz	a0,31e0 <__subsf3+0x240>
    318c:	18fd                	addi	a7,a7,-1
    318e:	00af07b3          	add	a5,t5,a0
    3192:	fa0883e3          	beqz	a7,3138 <__subsf3+0x198>
    3196:	0ff00793          	li	a5,255
    319a:	f8f690e3          	bne	a3,a5,311a <__subsf3+0x17a>
    319e:	bff1                	j	317a <__subsf3+0x1da>
    31a0:	08089963          	bnez	a7,3232 <__subsf3+0x292>
    31a4:	00168913          	addi	s2,a3,1 # 7e000001 <_eusrstack+0x5dffb001>
    31a8:	0fe97713          	andi	a4,s2,254
    31ac:	12071663          	bnez	a4,32d8 <__subsf3+0x338>
    31b0:	10069b63          	bnez	a3,32c6 <__subsf3+0x326>
    31b4:	160f0363          	beqz	t5,331a <__subsf3+0x37a>
    31b8:	ee0502e3          	beqz	a0,309c <__subsf3+0xfc>
    31bc:	00af07b3          	add	a5,t5,a0
    31c0:	00579713          	slli	a4,a5,0x5
    31c4:	4901                	li	s2,0
    31c6:	00075763          	bgez	a4,31d4 <__subsf3+0x234>
    31ca:	fc000737          	lui	a4,0xfc000
    31ce:	177d                	addi	a4,a4,-1
    31d0:	8ff9                	and	a5,a5,a4
    31d2:	4905                	li	s2,1
    31d4:	0077f713          	andi	a4,a5,7
    31d8:	e8071ce3          	bnez	a4,3070 <__subsf3+0xd0>
    31dc:	0037de13          	srli	t3,a5,0x3
    31e0:	0ff00793          	li	a5,255
    31e4:	f8f90be3          	beq	s2,a5,317a <__subsf3+0x1da>
    31e8:	009e1793          	slli	a5,t3,0x9
    31ec:	83a5                	srli	a5,a5,0x9
    31ee:	0ff97693          	andi	a3,s2,255
    31f2:	0014fe93          	andi	t4,s1,1
    31f6:	b55d                	j	309c <__subsf3+0xfc>
    31f8:	0014fe93          	andi	t4,s1,1
    31fc:	0ff00693          	li	a3,255
    3200:	4781                	li	a5,0
    3202:	bd69                	j	309c <__subsf3+0xfc>
    3204:	fc000737          	lui	a4,0xfc000
    3208:	177d                	addi	a4,a4,-1
    320a:	8ff9                	and	a5,a5,a4
    320c:	0077f713          	andi	a4,a5,7
    3210:	40a90933          	sub	s2,s2,a0
    3214:	e4071ee3          	bnez	a4,3070 <__subsf3+0xd0>
    3218:	b7d1                	j	31dc <__subsf3+0x23c>
    321a:	40af0433          	sub	s0,t5,a0
    321e:	00541793          	slli	a5,s0,0x5
    3222:	0c07c363          	bltz	a5,32e8 <__subsf3+0x348>
    3226:	e0041ce3          	bnez	s0,303e <__subsf3+0x9e>
    322a:	4e81                	li	t4,0
    322c:	4681                	li	a3,0
    322e:	4781                	li	a5,0
    3230:	b5b5                	j	309c <__subsf3+0xfc>
    3232:	40d80733          	sub	a4,a6,a3
    3236:	c6b5                	beqz	a3,32a2 <__subsf3+0x302>
    3238:	0ff00793          	li	a5,255
    323c:	f2f80ee3          	beq	a6,a5,3178 <__subsf3+0x1d8>
    3240:	040007b7          	lui	a5,0x4000
    3244:	00ff6f33          	or	t5,t5,a5
    3248:	47ed                	li	a5,27
    324a:	0ce7cd63          	blt	a5,a4,3324 <__subsf3+0x384>
    324e:	02000793          	li	a5,32
    3252:	8f99                	sub	a5,a5,a4
    3254:	00ff17b3          	sll	a5,t5,a5
    3258:	00ef5733          	srl	a4,t5,a4
    325c:	00f037b3          	snez	a5,a5
    3260:	8f5d                	or	a4,a4,a5
    3262:	00a707b3          	add	a5,a4,a0
    3266:	8942                	mv	s2,a6
    3268:	bdc1                	j	3138 <__subsf3+0x198>
    326a:	0ff00793          	li	a5,255
    326e:	f0f804e3          	beq	a6,a5,3176 <__subsf3+0x1d6>
    3272:	040007b7          	lui	a5,0x4000
    3276:	00ff6f33          	or	t5,t5,a5
    327a:	47ed                	li	a5,27
    327c:	08e7c263          	blt	a5,a4,3300 <__subsf3+0x360>
    3280:	02000793          	li	a5,32
    3284:	8f99                	sub	a5,a5,a4
    3286:	00ff17b3          	sll	a5,t5,a5
    328a:	00ef5733          	srl	a4,t5,a4
    328e:	00f037b3          	snez	a5,a5
    3292:	8fd9                	or	a5,a5,a4
    3294:	40f507b3          	sub	a5,a0,a5
    3298:	8942                	mv	s2,a6
    329a:	84ae                	mv	s1,a1
    329c:	bb49                	j	302e <__subsf3+0x8e>
    329e:	4785                	li	a5,1
    32a0:	b369                	j	302a <__subsf3+0x8a>
    32a2:	060f0e63          	beqz	t5,331e <__subsf3+0x37e>
    32a6:	177d                	addi	a4,a4,-1
    32a8:	00af07b3          	add	a5,t5,a0
    32ac:	8942                	mv	s2,a6
    32ae:	e80705e3          	beqz	a4,3138 <__subsf3+0x198>
    32b2:	0ff00793          	li	a5,255
    32b6:	f8f819e3          	bne	a6,a5,3248 <__subsf3+0x2a8>
    32ba:	8e32                	mv	t3,a2
    32bc:	bd7d                	j	317a <__subsf3+0x1da>
    32be:	8e32                	mv	t3,a2
    32c0:	8942                	mv	s2,a6
    32c2:	84ae                	mv	s1,a1
    32c4:	bf31                	j	31e0 <__subsf3+0x240>
    32c6:	ea0f09e3          	beqz	t5,3178 <__subsf3+0x1d8>
    32ca:	ea0508e3          	beqz	a0,317a <__subsf3+0x1da>
    32ce:	bd45                	j	317e <__subsf3+0x1de>
    32d0:	cd0d                	beqz	a0,330a <__subsf3+0x36a>
    32d2:	8eae                	mv	t4,a1
    32d4:	87b2                	mv	a5,a2
    32d6:	b3d9                	j	309c <__subsf3+0xfc>
    32d8:	0ff00793          	li	a5,255
    32dc:	f2f900e3          	beq	s2,a5,31fc <__subsf3+0x25c>
    32e0:	00af07b3          	add	a5,t5,a0
    32e4:	8385                	srli	a5,a5,0x1
    32e6:	b5fd                	j	31d4 <__subsf3+0x234>
    32e8:	41e50433          	sub	s0,a0,t5
    32ec:	84ae                	mv	s1,a1
    32ee:	bb81                	j	303e <__subsf3+0x9e>
    32f0:	fc0f1de3          	bnez	t5,32ca <__subsf3+0x32a>
    32f4:	e80505e3          	beqz	a0,317e <__subsf3+0x1de>
    32f8:	84ae                	mv	s1,a1
    32fa:	bdbd                	j	3178 <__subsf3+0x1d8>
    32fc:	4785                	li	a5,1
    32fe:	bd25                	j	3136 <__subsf3+0x196>
    3300:	4785                	li	a5,1
    3302:	bf49                	j	3294 <__subsf3+0x2f4>
    3304:	4901                	li	s2,0
    3306:	ec0797e3          	bnez	a5,31d4 <__subsf3+0x234>
    330a:	4e81                	li	t4,0
    330c:	4781                	li	a5,0
    330e:	b379                	j	309c <__subsf3+0xfc>
    3310:	41e507b3          	sub	a5,a0,t5
    3314:	8942                	mv	s2,a6
    3316:	84ae                	mv	s1,a1
    3318:	bb19                	j	302e <__subsf3+0x8e>
    331a:	87b2                	mv	a5,a2
    331c:	b341                	j	309c <__subsf3+0xfc>
    331e:	8e32                	mv	t3,a2
    3320:	8942                	mv	s2,a6
    3322:	bd7d                	j	31e0 <__subsf3+0x240>
    3324:	4705                	li	a4,1
    3326:	bf35                	j	3262 <__subsf3+0x2c2>

00003328 <__fixsfsi>:
    3328:	00800637          	lui	a2,0x800
    332c:	01755713          	srli	a4,a0,0x17
    3330:	fff60793          	addi	a5,a2,-1 # 7fffff <_data_lma+0x7f68db>
    3334:	0ff77713          	andi	a4,a4,255
    3338:	07e00593          	li	a1,126
    333c:	00a7f6b3          	and	a3,a5,a0
    3340:	01f55793          	srli	a5,a0,0x1f
    3344:	00e5fc63          	bgeu	a1,a4,335c <__fixsfsi+0x34>
    3348:	09d00593          	li	a1,157
    334c:	00e5fa63          	bgeu	a1,a4,3360 <__fixsfsi+0x38>
    3350:	80000537          	lui	a0,0x80000
    3354:	fff54513          	not	a0,a0
    3358:	953e                	add	a0,a0,a5
    335a:	8082                	ret
    335c:	4501                	li	a0,0
    335e:	8082                	ret
    3360:	09500593          	li	a1,149
    3364:	8ed1                	or	a3,a3,a2
    3366:	00e5cd63          	blt	a1,a4,3380 <__fixsfsi+0x58>
    336a:	09600613          	li	a2,150
    336e:	40e60733          	sub	a4,a2,a4
    3372:	00e6d733          	srl	a4,a3,a4
    3376:	40e00533          	neg	a0,a4
    337a:	f3f5                	bnez	a5,335e <__fixsfsi+0x36>
    337c:	853a                	mv	a0,a4
    337e:	8082                	ret
    3380:	f6a70713          	addi	a4,a4,-150 # fbffff6a <_eusrstack+0xdbffaf6a>
    3384:	00e69733          	sll	a4,a3,a4
    3388:	b7fd                	j	3376 <__fixsfsi+0x4e>

0000338a <__fixunssfsi>:
    338a:	01755713          	srli	a4,a0,0x17
    338e:	00800637          	lui	a2,0x800
    3392:	fff60793          	addi	a5,a2,-1 # 7fffff <_data_lma+0x7f68db>
    3396:	0ff77713          	andi	a4,a4,255
    339a:	07e00593          	li	a1,126
    339e:	00a7f6b3          	and	a3,a5,a0
    33a2:	01f55793          	srli	a5,a0,0x1f
    33a6:	4501                	li	a0,0
    33a8:	00e5f463          	bgeu	a1,a4,33b0 <__fixunssfsi+0x26>
    33ac:	c399                	beqz	a5,33b2 <__fixunssfsi+0x28>
    33ae:	8082                	ret
    33b0:	8082                	ret
    33b2:	09e00793          	li	a5,158
    33b6:	557d                	li	a0,-1
    33b8:	fee7ebe3          	bltu	a5,a4,33ae <__fixunssfsi+0x24>
    33bc:	09500593          	li	a1,149
    33c0:	00c6e7b3          	or	a5,a3,a2
    33c4:	00e5d763          	bge	a1,a4,33d2 <__fixunssfsi+0x48>
    33c8:	f6a70713          	addi	a4,a4,-150
    33cc:	00e79533          	sll	a0,a5,a4
    33d0:	8082                	ret
    33d2:	09600513          	li	a0,150
    33d6:	40e50733          	sub	a4,a0,a4
    33da:	00e7d533          	srl	a0,a5,a4
    33de:	8082                	ret

000033e0 <__floatsisf>:
    33e0:	1141                	addi	sp,sp,-16
    33e2:	c606                	sw	ra,12(sp)
    33e4:	c422                	sw	s0,8(sp)
    33e6:	c226                	sw	s1,4(sp)
    33e8:	cd0d                	beqz	a0,3422 <__floatsisf+0x42>
    33ea:	41f55793          	srai	a5,a0,0x1f
    33ee:	00a7c433          	xor	s0,a5,a0
    33f2:	8c1d                	sub	s0,s0,a5
    33f4:	84aa                	mv	s1,a0
    33f6:	8522                	mv	a0,s0
    33f8:	24dd                	jal	36de <__clzsi2>
    33fa:	09e00793          	li	a5,158
    33fe:	40a78733          	sub	a4,a5,a0
    3402:	09600793          	li	a5,150
    3406:	80fd                	srli	s1,s1,0x1f
    3408:	02e7cc63          	blt	a5,a4,3440 <__floatsisf+0x60>
    340c:	46a1                	li	a3,8
    340e:	0ff77793          	andi	a5,a4,255
    3412:	00a6d563          	bge	a3,a0,341c <__floatsisf+0x3c>
    3416:	1561                	addi	a0,a0,-8
    3418:	00a41433          	sll	s0,s0,a0
    341c:	0426                	slli	s0,s0,0x9
    341e:	8025                	srli	s0,s0,0x9
    3420:	a021                	j	3428 <__floatsisf+0x48>
    3422:	4481                	li	s1,0
    3424:	4781                	li	a5,0
    3426:	4401                	li	s0,0
    3428:	0426                	slli	s0,s0,0x9
    342a:	00945513          	srli	a0,s0,0x9
    342e:	40b2                	lw	ra,12(sp)
    3430:	4422                	lw	s0,8(sp)
    3432:	07de                	slli	a5,a5,0x17
    3434:	04fe                	slli	s1,s1,0x1f
    3436:	8d5d                	or	a0,a0,a5
    3438:	8d45                	or	a0,a0,s1
    343a:	4492                	lw	s1,4(sp)
    343c:	0141                	addi	sp,sp,16
    343e:	8082                	ret
    3440:	09900793          	li	a5,153
    3444:	00e7dd63          	bge	a5,a4,345e <__floatsisf+0x7e>
    3448:	01b50793          	addi	a5,a0,27 # 8000001b <_eusrstack+0x5fffb01b>
    344c:	4695                	li	a3,5
    344e:	00f417b3          	sll	a5,s0,a5
    3452:	8e89                	sub	a3,a3,a0
    3454:	00d45433          	srl	s0,s0,a3
    3458:	00f037b3          	snez	a5,a5
    345c:	8c5d                	or	s0,s0,a5
    345e:	4795                	li	a5,5
    3460:	00a7d663          	bge	a5,a0,346c <__floatsisf+0x8c>
    3464:	ffb50793          	addi	a5,a0,-5
    3468:	00f41433          	sll	s0,s0,a5
    346c:	fc0006b7          	lui	a3,0xfc000
    3470:	16fd                	addi	a3,a3,-1
    3472:	00747793          	andi	a5,s0,7
    3476:	00d47633          	and	a2,s0,a3
    347a:	c385                	beqz	a5,349a <__floatsisf+0xba>
    347c:	00f47793          	andi	a5,s0,15
    3480:	4591                	li	a1,4
    3482:	00b78c63          	beq	a5,a1,349a <__floatsisf+0xba>
    3486:	0611                	addi	a2,a2,4
    3488:	00561793          	slli	a5,a2,0x5
    348c:	0007d763          	bgez	a5,349a <__floatsisf+0xba>
    3490:	09f00793          	li	a5,159
    3494:	8e75                	and	a2,a2,a3
    3496:	40a78733          	sub	a4,a5,a0
    349a:	00661413          	slli	s0,a2,0x6
    349e:	8025                	srli	s0,s0,0x9
    34a0:	0ff77793          	andi	a5,a4,255
    34a4:	b751                	j	3428 <__floatsisf+0x48>

000034a6 <__floatunsisf>:
    34a6:	1141                	addi	sp,sp,-16
    34a8:	c606                	sw	ra,12(sp)
    34aa:	c422                	sw	s0,8(sp)
    34ac:	cd15                	beqz	a0,34e8 <__floatunsisf+0x42>
    34ae:	842a                	mv	s0,a0
    34b0:	243d                	jal	36de <__clzsi2>
    34b2:	09e00793          	li	a5,158
    34b6:	40a78733          	sub	a4,a5,a0
    34ba:	09600793          	li	a5,150
    34be:	04e7c063          	blt	a5,a4,34fe <__floatunsisf+0x58>
    34c2:	46a1                	li	a3,8
    34c4:	0ff77793          	andi	a5,a4,255
    34c8:	00a6d563          	bge	a3,a0,34d2 <__floatunsisf+0x2c>
    34cc:	1561                	addi	a0,a0,-8
    34ce:	00a41433          	sll	s0,s0,a0
    34d2:	0426                	slli	s0,s0,0x9
    34d4:	8025                	srli	s0,s0,0x9
    34d6:	0426                	slli	s0,s0,0x9
    34d8:	00945513          	srli	a0,s0,0x9
    34dc:	40b2                	lw	ra,12(sp)
    34de:	4422                	lw	s0,8(sp)
    34e0:	07de                	slli	a5,a5,0x17
    34e2:	8d5d                	or	a0,a0,a5
    34e4:	0141                	addi	sp,sp,16
    34e6:	8082                	ret
    34e8:	4401                	li	s0,0
    34ea:	0426                	slli	s0,s0,0x9
    34ec:	00945513          	srli	a0,s0,0x9
    34f0:	40b2                	lw	ra,12(sp)
    34f2:	4422                	lw	s0,8(sp)
    34f4:	4781                	li	a5,0
    34f6:	07de                	slli	a5,a5,0x17
    34f8:	8d5d                	or	a0,a0,a5
    34fa:	0141                	addi	sp,sp,16
    34fc:	8082                	ret
    34fe:	09900793          	li	a5,153
    3502:	00e7dd63          	bge	a5,a4,351c <__floatunsisf+0x76>
    3506:	01b50793          	addi	a5,a0,27
    350a:	4695                	li	a3,5
    350c:	00f417b3          	sll	a5,s0,a5
    3510:	8e89                	sub	a3,a3,a0
    3512:	00f037b3          	snez	a5,a5
    3516:	00d45433          	srl	s0,s0,a3
    351a:	8c5d                	or	s0,s0,a5
    351c:	4795                	li	a5,5
    351e:	00a7d663          	bge	a5,a0,352a <__floatunsisf+0x84>
    3522:	ffb50793          	addi	a5,a0,-5
    3526:	00f41433          	sll	s0,s0,a5
    352a:	fc0006b7          	lui	a3,0xfc000
    352e:	16fd                	addi	a3,a3,-1
    3530:	00747793          	andi	a5,s0,7
    3534:	00d47633          	and	a2,s0,a3
    3538:	c385                	beqz	a5,3558 <__floatunsisf+0xb2>
    353a:	00f47793          	andi	a5,s0,15
    353e:	4591                	li	a1,4
    3540:	00b78c63          	beq	a5,a1,3558 <__floatunsisf+0xb2>
    3544:	0611                	addi	a2,a2,4
    3546:	00561793          	slli	a5,a2,0x5
    354a:	0007d763          	bgez	a5,3558 <__floatunsisf+0xb2>
    354e:	09f00793          	li	a5,159
    3552:	8e75                	and	a2,a2,a3
    3554:	40a78733          	sub	a4,a5,a0
    3558:	00661413          	slli	s0,a2,0x6
    355c:	8025                	srli	s0,s0,0x9
    355e:	0426                	slli	s0,s0,0x9
    3560:	00945513          	srli	a0,s0,0x9
    3564:	40b2                	lw	ra,12(sp)
    3566:	4422                	lw	s0,8(sp)
    3568:	0ff77793          	andi	a5,a4,255
    356c:	07de                	slli	a5,a5,0x17
    356e:	8d5d                	or	a0,a0,a5
    3570:	0141                	addi	sp,sp,16
    3572:	8082                	ret

00003574 <__truncdfsf2>:
    3574:	0145d693          	srli	a3,a1,0x14
    3578:	00c59793          	slli	a5,a1,0xc
    357c:	7ff6f693          	andi	a3,a3,2047
    3580:	83b1                	srli	a5,a5,0xc
    3582:	00168613          	addi	a2,a3,1 # fc000001 <_eusrstack+0xdbffb001>
    3586:	078e                	slli	a5,a5,0x3
    3588:	01d55713          	srli	a4,a0,0x1d
    358c:	7fe67613          	andi	a2,a2,2046
    3590:	81fd                	srli	a1,a1,0x1f
    3592:	8f5d                	or	a4,a4,a5
    3594:	00351893          	slli	a7,a0,0x3
    3598:	ce35                	beqz	a2,3614 <__truncdfsf2+0xa0>
    359a:	c8068813          	addi	a6,a3,-896
    359e:	0fe00793          	li	a5,254
    35a2:	0107dd63          	bge	a5,a6,35bc <__truncdfsf2+0x48>
    35a6:	4781                	li	a5,0
    35a8:	00979513          	slli	a0,a5,0x9
    35ac:	0ff00693          	li	a3,255
    35b0:	06de                	slli	a3,a3,0x17
    35b2:	8125                	srli	a0,a0,0x9
    35b4:	05fe                	slli	a1,a1,0x1f
    35b6:	8d55                	or	a0,a0,a3
    35b8:	8d4d                	or	a0,a0,a1
    35ba:	8082                	ret
    35bc:	0b005563          	blez	a6,3666 <__truncdfsf2+0xf2>
    35c0:	00651793          	slli	a5,a0,0x6
    35c4:	070e                	slli	a4,a4,0x3
    35c6:	00f037b3          	snez	a5,a5
    35ca:	8fd9                	or	a5,a5,a4
    35cc:	01d8d893          	srli	a7,a7,0x1d
    35d0:	0117e7b3          	or	a5,a5,a7
    35d4:	0077f713          	andi	a4,a5,7
    35d8:	10070163          	beqz	a4,36da <__truncdfsf2+0x166>
    35dc:	00f7f713          	andi	a4,a5,15
    35e0:	4691                	li	a3,4
    35e2:	00d70363          	beq	a4,a3,35e8 <__truncdfsf2+0x74>
    35e6:	0791                	addi	a5,a5,4
    35e8:	04000737          	lui	a4,0x4000
    35ec:	8f7d                	and	a4,a4,a5
    35ee:	c775                	beqz	a4,36da <__truncdfsf2+0x166>
    35f0:	00180713          	addi	a4,a6,1
    35f4:	0ff00613          	li	a2,255
    35f8:	0ff77693          	andi	a3,a4,255
    35fc:	fac705e3          	beq	a4,a2,35a6 <__truncdfsf2+0x32>
    3600:	079a                	slli	a5,a5,0x6
    3602:	83a5                	srli	a5,a5,0x9
    3604:	00979513          	slli	a0,a5,0x9
    3608:	06de                	slli	a3,a3,0x17
    360a:	8125                	srli	a0,a0,0x9
    360c:	05fe                	slli	a1,a1,0x1f
    360e:	8d55                	or	a0,a0,a3
    3610:	8d4d                	or	a0,a0,a1
    3612:	8082                	ret
    3614:	011767b3          	or	a5,a4,a7
    3618:	ee99                	bnez	a3,3636 <__truncdfsf2+0xc2>
    361a:	cf85                	beqz	a5,3652 <__truncdfsf2+0xde>
    361c:	4795                	li	a5,5
    361e:	079a                	slli	a5,a5,0x6
    3620:	83a5                	srli	a5,a5,0x9
    3622:	00979513          	slli	a0,a5,0x9
    3626:	0ff6f693          	andi	a3,a3,255
    362a:	06de                	slli	a3,a3,0x17
    362c:	8125                	srli	a0,a0,0x9
    362e:	05fe                	slli	a1,a1,0x1f
    3630:	8d55                	or	a0,a0,a3
    3632:	8d4d                	or	a0,a0,a1
    3634:	8082                	ret
    3636:	dba5                	beqz	a5,35a6 <__truncdfsf2+0x32>
    3638:	004007b7          	lui	a5,0x400
    363c:	00979513          	slli	a0,a5,0x9
    3640:	0ff00693          	li	a3,255
    3644:	06de                	slli	a3,a3,0x17
    3646:	4581                	li	a1,0
    3648:	8125                	srli	a0,a0,0x9
    364a:	05fe                	slli	a1,a1,0x1f
    364c:	8d55                	or	a0,a0,a3
    364e:	8d4d                	or	a0,a0,a1
    3650:	8082                	ret
    3652:	4781                	li	a5,0
    3654:	00979513          	slli	a0,a5,0x9
    3658:	4681                	li	a3,0
    365a:	06de                	slli	a3,a3,0x17
    365c:	8125                	srli	a0,a0,0x9
    365e:	05fe                	slli	a1,a1,0x1f
    3660:	8d55                	or	a0,a0,a3
    3662:	8d4d                	or	a0,a0,a1
    3664:	8082                	ret
    3666:	57a5                	li	a5,-23
    3668:	04f84863          	blt	a6,a5,36b8 <__truncdfsf2+0x144>
    366c:	47f9                	li	a5,30
    366e:	00800637          	lui	a2,0x800
    3672:	410787b3          	sub	a5,a5,a6
    3676:	457d                	li	a0,31
    3678:	8e59                	or	a2,a2,a4
    367a:	04f55163          	bge	a0,a5,36bc <__truncdfsf2+0x148>
    367e:	5779                	li	a4,-2
    3680:	41070733          	sub	a4,a4,a6
    3684:	02000513          	li	a0,32
    3688:	00e65733          	srl	a4,a2,a4
    368c:	00a78863          	beq	a5,a0,369c <__truncdfsf2+0x128>
    3690:	ca268693          	addi	a3,a3,-862
    3694:	00d616b3          	sll	a3,a2,a3
    3698:	00d8e8b3          	or	a7,a7,a3
    369c:	011037b3          	snez	a5,a7
    36a0:	8fd9                	or	a5,a5,a4
    36a2:	0077f713          	andi	a4,a5,7
    36a6:	4801                	li	a6,0
    36a8:	fb15                	bnez	a4,35dc <__truncdfsf2+0x68>
    36aa:	00579713          	slli	a4,a5,0x5
    36ae:	4685                	li	a3,1
    36b0:	f40748e3          	bltz	a4,3600 <__truncdfsf2+0x8c>
    36b4:	4681                	li	a3,0
    36b6:	b7a5                	j	361e <__truncdfsf2+0xaa>
    36b8:	4681                	li	a3,0
    36ba:	b78d                	j	361c <__truncdfsf2+0xa8>
    36bc:	c8268693          	addi	a3,a3,-894
    36c0:	00d89733          	sll	a4,a7,a3
    36c4:	00e03733          	snez	a4,a4
    36c8:	00d616b3          	sll	a3,a2,a3
    36cc:	00f8d8b3          	srl	a7,a7,a5
    36d0:	00d767b3          	or	a5,a4,a3
    36d4:	00f8e7b3          	or	a5,a7,a5
    36d8:	b7e9                	j	36a2 <__truncdfsf2+0x12e>
    36da:	86c2                	mv	a3,a6
    36dc:	b789                	j	361e <__truncdfsf2+0xaa>

000036de <__clzsi2>:
    36de:	67c1                	lui	a5,0x10
    36e0:	02f57c63          	bgeu	a0,a5,3718 <__clzsi2+0x3a>
    36e4:	0ff00793          	li	a5,255
    36e8:	02000713          	li	a4,32
    36ec:	00a7eb63          	bltu	a5,a0,3702 <__clzsi2+0x24>
    36f0:	00006797          	auipc	a5,0x6
    36f4:	b5878793          	addi	a5,a5,-1192 # 9248 <__clz_tab>
    36f8:	97aa                	add	a5,a5,a0
    36fa:	2388                	lbu	a0,0(a5)
    36fc:	40a70533          	sub	a0,a4,a0
    3700:	8082                	ret
    3702:	8121                	srli	a0,a0,0x8
    3704:	00006797          	auipc	a5,0x6
    3708:	b4478793          	addi	a5,a5,-1212 # 9248 <__clz_tab>
    370c:	97aa                	add	a5,a5,a0
    370e:	2388                	lbu	a0,0(a5)
    3710:	4761                	li	a4,24
    3712:	40a70533          	sub	a0,a4,a0
    3716:	8082                	ret
    3718:	010007b7          	lui	a5,0x1000
    371c:	00f56d63          	bltu	a0,a5,3736 <__clzsi2+0x58>
    3720:	8161                	srli	a0,a0,0x18
    3722:	00006797          	auipc	a5,0x6
    3726:	b2678793          	addi	a5,a5,-1242 # 9248 <__clz_tab>
    372a:	97aa                	add	a5,a5,a0
    372c:	2388                	lbu	a0,0(a5)
    372e:	4721                	li	a4,8
    3730:	40a70533          	sub	a0,a4,a0
    3734:	8082                	ret
    3736:	8141                	srli	a0,a0,0x10
    3738:	00006797          	auipc	a5,0x6
    373c:	b1078793          	addi	a5,a5,-1264 # 9248 <__clz_tab>
    3740:	97aa                	add	a5,a5,a0
    3742:	2388                	lbu	a0,0(a5)
    3744:	4741                	li	a4,16
    3746:	40a70533          	sub	a0,a4,a0
    374a:	8082                	ret

0000374c <atof>:
    374c:	4581                	li	a1,0
    374e:	0a80106f          	j	47f6 <strtod>

00003752 <atoi>:
    3752:	4629                	li	a2,10
    3754:	4581                	li	a1,0
    3756:	1f60106f          	j	494c <strtol>

0000375a <atol>:
    375a:	4629                	li	a2,10
    375c:	4581                	li	a1,0
    375e:	1ee0106f          	j	494c <strtol>

00003762 <calloc>:
    3762:	84018793          	addi	a5,gp,-1984 # 20000230 <_impure_ptr>
    3766:	862e                	mv	a2,a1
    3768:	85aa                	mv	a1,a0
    376a:	4388                	lw	a0,0(a5)
    376c:	a0e1                	j	3834 <_calloc_r>

0000376e <malloc>:
    376e:	84018793          	addi	a5,gp,-1984 # 20000230 <_impure_ptr>
    3772:	85aa                	mv	a1,a0
    3774:	4388                	lw	a0,0(a5)
    3776:	a271                	j	3902 <_malloc_r>

00003778 <free>:
    3778:	84018793          	addi	a5,gp,-1984 # 20000230 <_impure_ptr>
    377c:	85aa                	mv	a1,a0
    377e:	4388                	lw	a0,0(a5)
    3780:	a8e9                	j	385a <_free_r>

00003782 <memcpy>:
    3782:	00a5c7b3          	xor	a5,a1,a0
    3786:	8b8d                	andi	a5,a5,3
    3788:	00c50733          	add	a4,a0,a2
    378c:	e781                	bnez	a5,3794 <memcpy+0x12>
    378e:	478d                	li	a5,3
    3790:	00c7ed63          	bltu	a5,a2,37aa <memcpy+0x28>
    3794:	87aa                	mv	a5,a0
    3796:	08e57e63          	bgeu	a0,a4,3832 <memcpy+0xb0>
    379a:	2194                	lbu	a3,0(a1)
    379c:	0785                	addi	a5,a5,1
    379e:	0585                	addi	a1,a1,1
    37a0:	fed78fa3          	sb	a3,-1(a5)
    37a4:	fee7ebe3          	bltu	a5,a4,379a <memcpy+0x18>
    37a8:	8082                	ret
    37aa:	00357693          	andi	a3,a0,3
    37ae:	87aa                	mv	a5,a0
    37b0:	ca89                	beqz	a3,37c2 <memcpy+0x40>
    37b2:	2194                	lbu	a3,0(a1)
    37b4:	0785                	addi	a5,a5,1
    37b6:	0585                	addi	a1,a1,1
    37b8:	fed78fa3          	sb	a3,-1(a5)
    37bc:	0037f693          	andi	a3,a5,3
    37c0:	bfc5                	j	37b0 <memcpy+0x2e>
    37c2:	ffc77693          	andi	a3,a4,-4
    37c6:	fe068613          	addi	a2,a3,-32
    37ca:	06c7f063          	bgeu	a5,a2,382a <memcpy+0xa8>
    37ce:	0005a383          	lw	t2,0(a1)
    37d2:	0045a283          	lw	t0,4(a1)
    37d6:	0085af83          	lw	t6,8(a1)
    37da:	00c5af03          	lw	t5,12(a1)
    37de:	0105ae83          	lw	t4,16(a1)
    37e2:	0145ae03          	lw	t3,20(a1)
    37e6:	0185a303          	lw	t1,24(a1)
    37ea:	01c5a883          	lw	a7,28(a1)
    37ee:	02458593          	addi	a1,a1,36
    37f2:	0077a023          	sw	t2,0(a5)
    37f6:	ffc5a803          	lw	a6,-4(a1)
    37fa:	0057a223          	sw	t0,4(a5)
    37fe:	01f7a423          	sw	t6,8(a5)
    3802:	01e7a623          	sw	t5,12(a5)
    3806:	01d7a823          	sw	t4,16(a5)
    380a:	01c7aa23          	sw	t3,20(a5)
    380e:	0067ac23          	sw	t1,24(a5)
    3812:	0117ae23          	sw	a7,28(a5)
    3816:	02478793          	addi	a5,a5,36
    381a:	ff07ae23          	sw	a6,-4(a5)
    381e:	b775                	j	37ca <memcpy+0x48>
    3820:	4190                	lw	a2,0(a1)
    3822:	0791                	addi	a5,a5,4
    3824:	0591                	addi	a1,a1,4
    3826:	fec7ae23          	sw	a2,-4(a5)
    382a:	fed7ebe3          	bltu	a5,a3,3820 <memcpy+0x9e>
    382e:	f6e7e6e3          	bltu	a5,a4,379a <memcpy+0x18>
    3832:	8082                	ret

00003834 <_calloc_r>:
    3834:	02c58633          	mul	a2,a1,a2
    3838:	1101                	addi	sp,sp,-32
    383a:	cc22                	sw	s0,24(sp)
    383c:	ce06                	sw	ra,28(sp)
    383e:	85b2                	mv	a1,a2
    3840:	c632                	sw	a2,12(sp)
    3842:	20c1                	jal	3902 <_malloc_r>
    3844:	842a                	mv	s0,a0
    3846:	c509                	beqz	a0,3850 <_calloc_r+0x1c>
    3848:	4632                	lw	a2,12(sp)
    384a:	4581                	li	a1,0
    384c:	915fc0ef          	jal	ra,160 <memset>
    3850:	8522                	mv	a0,s0
    3852:	40f2                	lw	ra,28(sp)
    3854:	4462                	lw	s0,24(sp)
    3856:	6105                	addi	sp,sp,32
    3858:	8082                	ret

0000385a <_free_r>:
    385a:	c1dd                	beqz	a1,3900 <_free_r+0xa6>
    385c:	ffc5a783          	lw	a5,-4(a1)
    3860:	1141                	addi	sp,sp,-16
    3862:	c422                	sw	s0,8(sp)
    3864:	c606                	sw	ra,12(sp)
    3866:	c226                	sw	s1,4(sp)
    3868:	ffc58413          	addi	s0,a1,-4
    386c:	0007d363          	bgez	a5,3872 <_free_r+0x18>
    3870:	943e                	add	s0,s0,a5
    3872:	84aa                	mv	s1,a0
    3874:	309010ef          	jal	ra,537c <__malloc_lock>
    3878:	88018793          	addi	a5,gp,-1920 # 20000270 <__malloc_free_list>
    387c:	439c                	lw	a5,0(a5)
    387e:	ef81                	bnez	a5,3896 <_free_r+0x3c>
    3880:	00042223          	sw	zero,4(s0) # 4000004 <_data_lma+0x3ff68e0>
    3884:	8881a023          	sw	s0,-1920(gp) # 20000270 <__malloc_free_list>
    3888:	4422                	lw	s0,8(sp)
    388a:	40b2                	lw	ra,12(sp)
    388c:	8526                	mv	a0,s1
    388e:	4492                	lw	s1,4(sp)
    3890:	0141                	addi	sp,sp,16
    3892:	2ed0106f          	j	537e <__malloc_unlock>
    3896:	00f47e63          	bgeu	s0,a5,38b2 <_free_r+0x58>
    389a:	4014                	lw	a3,0(s0)
    389c:	00d40733          	add	a4,s0,a3
    38a0:	00e79663          	bne	a5,a4,38ac <_free_r+0x52>
    38a4:	4398                	lw	a4,0(a5)
    38a6:	43dc                	lw	a5,4(a5)
    38a8:	9736                	add	a4,a4,a3
    38aa:	c018                	sw	a4,0(s0)
    38ac:	c05c                	sw	a5,4(s0)
    38ae:	bfd9                	j	3884 <_free_r+0x2a>
    38b0:	87ba                	mv	a5,a4
    38b2:	43d8                	lw	a4,4(a5)
    38b4:	c319                	beqz	a4,38ba <_free_r+0x60>
    38b6:	fee47de3          	bgeu	s0,a4,38b0 <_free_r+0x56>
    38ba:	4394                	lw	a3,0(a5)
    38bc:	00d78633          	add	a2,a5,a3
    38c0:	00861f63          	bne	a2,s0,38de <_free_r+0x84>
    38c4:	4010                	lw	a2,0(s0)
    38c6:	96b2                	add	a3,a3,a2
    38c8:	c394                	sw	a3,0(a5)
    38ca:	00d78633          	add	a2,a5,a3
    38ce:	fac71de3          	bne	a4,a2,3888 <_free_r+0x2e>
    38d2:	4310                	lw	a2,0(a4)
    38d4:	4358                	lw	a4,4(a4)
    38d6:	96b2                	add	a3,a3,a2
    38d8:	c394                	sw	a3,0(a5)
    38da:	c3d8                	sw	a4,4(a5)
    38dc:	b775                	j	3888 <_free_r+0x2e>
    38de:	00c47563          	bgeu	s0,a2,38e8 <_free_r+0x8e>
    38e2:	47b1                	li	a5,12
    38e4:	c09c                	sw	a5,0(s1)
    38e6:	b74d                	j	3888 <_free_r+0x2e>
    38e8:	4010                	lw	a2,0(s0)
    38ea:	00c406b3          	add	a3,s0,a2
    38ee:	00d71663          	bne	a4,a3,38fa <_free_r+0xa0>
    38f2:	4314                	lw	a3,0(a4)
    38f4:	4358                	lw	a4,4(a4)
    38f6:	96b2                	add	a3,a3,a2
    38f8:	c014                	sw	a3,0(s0)
    38fa:	c058                	sw	a4,4(s0)
    38fc:	c3c0                	sw	s0,4(a5)
    38fe:	b769                	j	3888 <_free_r+0x2e>
    3900:	8082                	ret

00003902 <_malloc_r>:
    3902:	1101                	addi	sp,sp,-32
    3904:	ca26                	sw	s1,20(sp)
    3906:	00358493          	addi	s1,a1,3
    390a:	98f1                	andi	s1,s1,-4
    390c:	ce06                	sw	ra,28(sp)
    390e:	cc22                	sw	s0,24(sp)
    3910:	c84a                	sw	s2,16(sp)
    3912:	c64e                	sw	s3,12(sp)
    3914:	04a1                	addi	s1,s1,8
    3916:	47b1                	li	a5,12
    3918:	04f4f363          	bgeu	s1,a5,395e <_malloc_r+0x5c>
    391c:	44b1                	li	s1,12
    391e:	04b4e263          	bltu	s1,a1,3962 <_malloc_r+0x60>
    3922:	892a                	mv	s2,a0
    3924:	259010ef          	jal	ra,537c <__malloc_lock>
    3928:	88018793          	addi	a5,gp,-1920 # 20000270 <__malloc_free_list>
    392c:	4398                	lw	a4,0(a5)
    392e:	843a                	mv	s0,a4
    3930:	e039                	bnez	s0,3976 <_malloc_r+0x74>
    3932:	88418793          	addi	a5,gp,-1916 # 20000274 <__malloc_sbrk_start>
    3936:	439c                	lw	a5,0(a5)
    3938:	e791                	bnez	a5,3944 <_malloc_r+0x42>
    393a:	4581                	li	a1,0
    393c:	854a                	mv	a0,s2
    393e:	28e9                	jal	3a18 <_sbrk_r>
    3940:	88a1a223          	sw	a0,-1916(gp) # 20000274 <__malloc_sbrk_start>
    3944:	85a6                	mv	a1,s1
    3946:	854a                	mv	a0,s2
    3948:	28c1                	jal	3a18 <_sbrk_r>
    394a:	59fd                	li	s3,-1
    394c:	07351963          	bne	a0,s3,39be <_malloc_r+0xbc>
    3950:	47b1                	li	a5,12
    3952:	00f92023          	sw	a5,0(s2)
    3956:	854a                	mv	a0,s2
    3958:	227010ef          	jal	ra,537e <__malloc_unlock>
    395c:	a029                	j	3966 <_malloc_r+0x64>
    395e:	fc04d0e3          	bgez	s1,391e <_malloc_r+0x1c>
    3962:	47b1                	li	a5,12
    3964:	c11c                	sw	a5,0(a0)
    3966:	4501                	li	a0,0
    3968:	40f2                	lw	ra,28(sp)
    396a:	4462                	lw	s0,24(sp)
    396c:	44d2                	lw	s1,20(sp)
    396e:	4942                	lw	s2,16(sp)
    3970:	49b2                	lw	s3,12(sp)
    3972:	6105                	addi	sp,sp,32
    3974:	8082                	ret
    3976:	401c                	lw	a5,0(s0)
    3978:	8f85                	sub	a5,a5,s1
    397a:	0207cf63          	bltz	a5,39b8 <_malloc_r+0xb6>
    397e:	46ad                	li	a3,11
    3980:	00f6f663          	bgeu	a3,a5,398c <_malloc_r+0x8a>
    3984:	c01c                	sw	a5,0(s0)
    3986:	943e                	add	s0,s0,a5
    3988:	c004                	sw	s1,0(s0)
    398a:	a031                	j	3996 <_malloc_r+0x94>
    398c:	405c                	lw	a5,4(s0)
    398e:	02871363          	bne	a4,s0,39b4 <_malloc_r+0xb2>
    3992:	88f1a023          	sw	a5,-1920(gp) # 20000270 <__malloc_free_list>
    3996:	854a                	mv	a0,s2
    3998:	1e7010ef          	jal	ra,537e <__malloc_unlock>
    399c:	00b40513          	addi	a0,s0,11
    39a0:	00440793          	addi	a5,s0,4
    39a4:	9961                	andi	a0,a0,-8
    39a6:	40f50733          	sub	a4,a0,a5
    39aa:	df5d                	beqz	a4,3968 <_malloc_r+0x66>
    39ac:	943a                	add	s0,s0,a4
    39ae:	8f89                	sub	a5,a5,a0
    39b0:	c01c                	sw	a5,0(s0)
    39b2:	bf5d                	j	3968 <_malloc_r+0x66>
    39b4:	c35c                	sw	a5,4(a4)
    39b6:	b7c5                	j	3996 <_malloc_r+0x94>
    39b8:	8722                	mv	a4,s0
    39ba:	4040                	lw	s0,4(s0)
    39bc:	bf95                	j	3930 <_malloc_r+0x2e>
    39be:	00350413          	addi	s0,a0,3
    39c2:	9871                	andi	s0,s0,-4
    39c4:	fc8502e3          	beq	a0,s0,3988 <_malloc_r+0x86>
    39c8:	40a405b3          	sub	a1,s0,a0
    39cc:	854a                	mv	a0,s2
    39ce:	20a9                	jal	3a18 <_sbrk_r>
    39d0:	fb351ce3          	bne	a0,s3,3988 <_malloc_r+0x86>
    39d4:	bfb5                	j	3950 <_malloc_r+0x4e>

000039d6 <iprintf>:
    39d6:	7139                	addi	sp,sp,-64
    39d8:	da3e                	sw	a5,52(sp)
    39da:	d22e                	sw	a1,36(sp)
    39dc:	d432                	sw	a2,40(sp)
    39de:	d636                	sw	a3,44(sp)
    39e0:	d83a                	sw	a4,48(sp)
    39e2:	dc42                	sw	a6,56(sp)
    39e4:	de46                	sw	a7,60(sp)
    39e6:	84018793          	addi	a5,gp,-1984 # 20000230 <_impure_ptr>
    39ea:	cc22                	sw	s0,24(sp)
    39ec:	4380                	lw	s0,0(a5)
    39ee:	ca26                	sw	s1,20(sp)
    39f0:	ce06                	sw	ra,28(sp)
    39f2:	84aa                	mv	s1,a0
    39f4:	c411                	beqz	s0,3a00 <iprintf+0x2a>
    39f6:	4c1c                	lw	a5,24(s0)
    39f8:	e781                	bnez	a5,3a00 <iprintf+0x2a>
    39fa:	8522                	mv	a0,s0
    39fc:	094010ef          	jal	ra,4a90 <__sinit>
    3a00:	440c                	lw	a1,8(s0)
    3a02:	1054                	addi	a3,sp,36
    3a04:	8626                	mv	a2,s1
    3a06:	8522                	mv	a0,s0
    3a08:	c636                	sw	a3,12(sp)
    3a0a:	6b6020ef          	jal	ra,60c0 <_vfiprintf_r>
    3a0e:	40f2                	lw	ra,28(sp)
    3a10:	4462                	lw	s0,24(sp)
    3a12:	44d2                	lw	s1,20(sp)
    3a14:	6121                	addi	sp,sp,64
    3a16:	8082                	ret

00003a18 <_sbrk_r>:
    3a18:	1141                	addi	sp,sp,-16
    3a1a:	c422                	sw	s0,8(sp)
    3a1c:	842a                	mv	s0,a0
    3a1e:	852e                	mv	a0,a1
    3a20:	c401a623          	sw	zero,-948(gp) # 2000063c <errno>
    3a24:	c606                	sw	ra,12(sp)
    3a26:	c19fe0ef          	jal	ra,263e <_sbrk>
    3a2a:	57fd                	li	a5,-1
    3a2c:	00f51763          	bne	a0,a5,3a3a <_sbrk_r+0x22>
    3a30:	c4c18793          	addi	a5,gp,-948 # 2000063c <errno>
    3a34:	439c                	lw	a5,0(a5)
    3a36:	c391                	beqz	a5,3a3a <_sbrk_r+0x22>
    3a38:	c01c                	sw	a5,0(s0)
    3a3a:	40b2                	lw	ra,12(sp)
    3a3c:	4422                	lw	s0,8(sp)
    3a3e:	0141                	addi	sp,sp,16
    3a40:	8082                	ret

00003a42 <siprintf>:
    3a42:	7135                	addi	sp,sp,-160
    3a44:	cb3e                	sw	a5,148(sp)
    3a46:	800007b7          	lui	a5,0x80000
    3a4a:	fff7c793          	not	a5,a5
    3a4e:	ce3e                	sw	a5,28(sp)
    3a50:	c83e                	sw	a5,16(sp)
    3a52:	77c1                	lui	a5,0xffff0
    3a54:	20878793          	addi	a5,a5,520 # ffff0208 <_eusrstack+0xdffeb208>
    3a58:	c532                	sw	a2,136(sp)
    3a5a:	c736                	sw	a3,140(sp)
    3a5c:	c93a                	sw	a4,144(sp)
    3a5e:	cd42                	sw	a6,152(sp)
    3a60:	cf46                	sw	a7,156(sp)
    3a62:	ca3e                	sw	a5,20(sp)
    3a64:	84018793          	addi	a5,gp,-1984 # 20000230 <_impure_ptr>
    3a68:	c42a                	sw	a0,8(sp)
    3a6a:	cc2a                	sw	a0,24(sp)
    3a6c:	4388                	lw	a0,0(a5)
    3a6e:	0134                	addi	a3,sp,136
    3a70:	862e                	mv	a2,a1
    3a72:	002c                	addi	a1,sp,8
    3a74:	de86                	sw	ra,124(sp)
    3a76:	c236                	sw	a3,4(sp)
    3a78:	376020ef          	jal	ra,5dee <_svfiprintf_r>
    3a7c:	47a2                	lw	a5,8(sp)
    3a7e:	00078023          	sb	zero,0(a5)
    3a82:	50f6                	lw	ra,124(sp)
    3a84:	610d                	addi	sp,sp,160
    3a86:	8082                	ret

00003a88 <strcat>:
    3a88:	87aa                	mv	a5,a0
    3a8a:	2398                	lbu	a4,0(a5)
    3a8c:	00178693          	addi	a3,a5,1
    3a90:	eb09                	bnez	a4,3aa2 <strcat+0x1a>
    3a92:	0585                	addi	a1,a1,1
    3a94:	fff5c703          	lbu	a4,-1(a1)
    3a98:	0785                	addi	a5,a5,1
    3a9a:	fee78fa3          	sb	a4,-1(a5)
    3a9e:	fb75                	bnez	a4,3a92 <strcat+0xa>
    3aa0:	8082                	ret
    3aa2:	87b6                	mv	a5,a3
    3aa4:	b7dd                	j	3a8a <strcat+0x2>

00003aa6 <strchr>:
    3aa6:	0ff5f593          	andi	a1,a1,255
    3aaa:	211c                	lbu	a5,0(a0)
    3aac:	c791                	beqz	a5,3ab8 <strchr+0x12>
    3aae:	00b79363          	bne	a5,a1,3ab4 <strchr+0xe>
    3ab2:	8082                	ret
    3ab4:	0505                	addi	a0,a0,1
    3ab6:	bfd5                	j	3aaa <strchr+0x4>
    3ab8:	c191                	beqz	a1,3abc <strchr+0x16>
    3aba:	4501                	li	a0,0
    3abc:	8082                	ret

00003abe <strcpy>:
    3abe:	87aa                	mv	a5,a0
    3ac0:	2198                	lbu	a4,0(a1)
    3ac2:	0785                	addi	a5,a5,1
    3ac4:	0585                	addi	a1,a1,1
    3ac6:	fee78fa3          	sb	a4,-1(a5)
    3aca:	fb7d                	bnez	a4,3ac0 <strcpy+0x2>
    3acc:	8082                	ret

00003ace <strlen>:
    3ace:	87aa                	mv	a5,a0
    3ad0:	0785                	addi	a5,a5,1
    3ad2:	fff7c703          	lbu	a4,-1(a5)
    3ad6:	ff6d                	bnez	a4,3ad0 <strlen+0x2>
    3ad8:	40a78533          	sub	a0,a5,a0
    3adc:	157d                	addi	a0,a0,-1
    3ade:	8082                	ret

00003ae0 <strncmp>:
    3ae0:	c215                	beqz	a2,3b04 <strncmp+0x24>
    3ae2:	167d                	addi	a2,a2,-1
    3ae4:	4701                	li	a4,0
    3ae6:	00e507b3          	add	a5,a0,a4
    3aea:	00e586b3          	add	a3,a1,a4
    3aee:	239c                	lbu	a5,0(a5)
    3af0:	2294                	lbu	a3,0(a3)
    3af2:	00d79663          	bne	a5,a3,3afe <strncmp+0x1e>
    3af6:	00c70463          	beq	a4,a2,3afe <strncmp+0x1e>
    3afa:	0705                	addi	a4,a4,1
    3afc:	f7ed                	bnez	a5,3ae6 <strncmp+0x6>
    3afe:	40d78533          	sub	a0,a5,a3
    3b02:	8082                	ret
    3b04:	4501                	li	a0,0
    3b06:	8082                	ret

00003b08 <strstr>:
    3b08:	2118                	lbu	a4,0(a0)
    3b0a:	219c                	lbu	a5,0(a1)
    3b0c:	e701                	bnez	a4,3b14 <strstr+0xc>
    3b0e:	c391                	beqz	a5,3b12 <strstr+0xa>
    3b10:	4501                	li	a0,0
    3b12:	8082                	ret
    3b14:	4781                	li	a5,0
    3b16:	a039                	j	3b24 <strstr+0x1c>
    3b18:	311c                	lbu	a5,1(a0)
    3b1a:	00150713          	addi	a4,a0,1
    3b1e:	dbed                	beqz	a5,3b10 <strstr+0x8>
    3b20:	4781                	li	a5,0
    3b22:	853a                	mv	a0,a4
    3b24:	00f58733          	add	a4,a1,a5
    3b28:	2318                	lbu	a4,0(a4)
    3b2a:	d765                	beqz	a4,3b12 <strstr+0xa>
    3b2c:	00f506b3          	add	a3,a0,a5
    3b30:	2294                	lbu	a3,0(a3)
    3b32:	fee693e3          	bne	a3,a4,3b18 <strstr+0x10>
    3b36:	0785                	addi	a5,a5,1
    3b38:	872a                	mv	a4,a0
    3b3a:	b7e5                	j	3b22 <strstr+0x1a>

00003b3c <sulp>:
    3b3c:	1101                	addi	sp,sp,-32
    3b3e:	cc22                	sw	s0,24(sp)
    3b40:	872a                	mv	a4,a0
    3b42:	842e                	mv	s0,a1
    3b44:	853a                	mv	a0,a4
    3b46:	85a2                	mv	a1,s0
    3b48:	c632                	sw	a2,12(sp)
    3b4a:	ce06                	sw	ra,28(sp)
    3b4c:	701010ef          	jal	ra,5a4c <__ulp>
    3b50:	4632                	lw	a2,12(sp)
    3b52:	882a                	mv	a6,a0
    3b54:	88ae                	mv	a7,a1
    3b56:	c605                	beqz	a2,3b7e <sulp+0x42>
    3b58:	8051                	srli	s0,s0,0x14
    3b5a:	7ff47413          	andi	s0,s0,2047
    3b5e:	06b00793          	li	a5,107
    3b62:	8f81                	sub	a5,a5,s0
    3b64:	00f05d63          	blez	a5,3b7e <sulp+0x42>
    3b68:	07d2                	slli	a5,a5,0x14
    3b6a:	3ff00737          	lui	a4,0x3ff00
    3b6e:	4801                	li	a6,0
    3b70:	973e                	add	a4,a4,a5
    3b72:	8642                	mv	a2,a6
    3b74:	86ba                	mv	a3,a4
    3b76:	112040ef          	jal	ra,7c88 <__muldf3>
    3b7a:	882a                	mv	a6,a0
    3b7c:	88ae                	mv	a7,a1
    3b7e:	40f2                	lw	ra,28(sp)
    3b80:	4462                	lw	s0,24(sp)
    3b82:	8542                	mv	a0,a6
    3b84:	85c6                	mv	a1,a7
    3b86:	6105                	addi	sp,sp,32
    3b88:	8082                	ret

00003b8a <_strtod_l>:
    3b8a:	7135                	addi	sp,sp,-160
    3b8c:	c94a                	sw	s2,144(sp)
    3b8e:	892a                	mv	s2,a0
    3b90:	8536                	mv	a0,a3
    3b92:	d432                	sw	a2,40(sp)
    3b94:	c636                	sw	a3,12(sp)
    3b96:	cf06                	sw	ra,156(sp)
    3b98:	cd22                	sw	s0,152(sp)
    3b9a:	cb26                	sw	s1,148(sp)
    3b9c:	c74e                	sw	s3,140(sp)
    3b9e:	d8ea                	sw	s10,112(sp)
    3ba0:	d6ee                	sw	s11,108(sp)
    3ba2:	8d2e                	mv	s10,a1
    3ba4:	c552                	sw	s4,136(sp)
    3ba6:	c356                	sw	s5,132(sp)
    3ba8:	c15a                	sw	s6,128(sp)
    3baa:	dede                	sw	s7,124(sp)
    3bac:	dce2                	sw	s8,120(sp)
    3bae:	dae6                	sw	s9,116(sp)
    3bb0:	c882                	sw	zero,80(sp)
    3bb2:	792010ef          	jal	ra,5344 <__localeconv_l>
    3bb6:	8daa                	mv	s11,a0
    3bb8:	4108                	lw	a0,0(a0)
    3bba:	4481                	li	s1,0
    3bbc:	4401                	li	s0,0
    3bbe:	f11ff0ef          	jal	ra,3ace <strlen>
    3bc2:	46b2                	lw	a3,12(sp)
    3bc4:	89aa                	mv	s3,a0
    3bc6:	c6ea                	sw	s10,76(sp)
    3bc8:	4635                	li	a2,13
    3bca:	02b00593          	li	a1,43
    3bce:	02d00513          	li	a0,45
    3bd2:	02000813          	li	a6,32
    3bd6:	48a5                	li	a7,9
    3bd8:	47b6                	lw	a5,76(sp)
    3bda:	2398                	lbu	a4,0(a5)
    3bdc:	08e66b63          	bltu	a2,a4,3c72 <_strtod_l+0xe8>
    3be0:	09177f63          	bgeu	a4,a7,3c7e <_strtod_l+0xf4>
    3be4:	c755                	beqz	a4,3c90 <_strtod_l+0x106>
    3be6:	c802                	sw	zero,16(sp)
    3be8:	4a36                	lw	s4,76(sp)
    3bea:	03000793          	li	a5,48
    3bee:	4a81                	li	s5,0
    3bf0:	000a4703          	lbu	a4,0(s4)
    3bf4:	12f71b63          	bne	a4,a5,3d2a <_strtod_l+0x1a0>
    3bf8:	001a4783          	lbu	a5,1(s4)
    3bfc:	05800713          	li	a4,88
    3c00:	00e78863          	beq	a5,a4,3c10 <_strtod_l+0x86>
    3c04:	07800613          	li	a2,120
    3c08:	03000713          	li	a4,48
    3c0c:	10c79663          	bne	a5,a2,3d18 <_strtod_l+0x18e>
    3c10:	47c2                	lw	a5,16(sp)
    3c12:	8836                	mv	a6,a3
    3c14:	0898                	addi	a4,sp,80
    3c16:	08d4                	addi	a3,sp,84
    3c18:	00005617          	auipc	a2,0x5
    3c1c:	79060613          	addi	a2,a2,1936 # 93a8 <fpi.3395>
    3c20:	00ec                	addi	a1,sp,76
    3c22:	854a                	mv	a0,s2
    3c24:	098010ef          	jal	ra,4cbc <__gethex>
    3c28:	00757993          	andi	s3,a0,7
    3c2c:	8aaa                	mv	s5,a0
    3c2e:	00098863          	beqz	s3,3c3e <_strtod_l+0xb4>
    3c32:	4799                	li	a5,6
    3c34:	06f99763          	bne	s3,a5,3ca2 <_strtod_l+0x118>
    3c38:	0a05                	addi	s4,s4,1
    3c3a:	c6d2                	sw	s4,76(sp)
    3c3c:	c802                	sw	zero,16(sp)
    3c3e:	57a2                	lw	a5,40(sp)
    3c40:	c781                	beqz	a5,3c48 <_strtod_l+0xbe>
    3c42:	47b6                	lw	a5,76(sp)
    3c44:	5722                	lw	a4,40(sp)
    3c46:	c31c                	sw	a5,0(a4)
    3c48:	47c2                	lw	a5,16(sp)
    3c4a:	c7b9                	beqz	a5,3c98 <_strtod_l+0x10e>
    3c4c:	800005b7          	lui	a1,0x80000
    3c50:	8da1                	xor	a1,a1,s0
    3c52:	40fa                	lw	ra,156(sp)
    3c54:	446a                	lw	s0,152(sp)
    3c56:	8526                	mv	a0,s1
    3c58:	494a                	lw	s2,144(sp)
    3c5a:	44da                	lw	s1,148(sp)
    3c5c:	49ba                	lw	s3,140(sp)
    3c5e:	4a2a                	lw	s4,136(sp)
    3c60:	4a9a                	lw	s5,132(sp)
    3c62:	4b0a                	lw	s6,128(sp)
    3c64:	5bf6                	lw	s7,124(sp)
    3c66:	5c66                	lw	s8,120(sp)
    3c68:	5cd6                	lw	s9,116(sp)
    3c6a:	5d46                	lw	s10,112(sp)
    3c6c:	5db6                	lw	s11,108(sp)
    3c6e:	610d                	addi	sp,sp,160
    3c70:	8082                	ret
    3c72:	00b70963          	beq	a4,a1,3c84 <_strtod_l+0xfa>
    3c76:	02a70363          	beq	a4,a0,3c9c <_strtod_l+0x112>
    3c7a:	f70716e3          	bne	a4,a6,3be6 <_strtod_l+0x5c>
    3c7e:	0785                	addi	a5,a5,1
    3c80:	c6be                	sw	a5,76(sp)
    3c82:	bf99                	j	3bd8 <_strtod_l+0x4e>
    3c84:	c802                	sw	zero,16(sp)
    3c86:	00178713          	addi	a4,a5,1
    3c8a:	c6ba                	sw	a4,76(sp)
    3c8c:	339c                	lbu	a5,1(a5)
    3c8e:	ffa9                	bnez	a5,3be8 <_strtod_l+0x5e>
    3c90:	57a2                	lw	a5,40(sp)
    3c92:	c6ea                	sw	s10,76(sp)
    3c94:	c802                	sw	zero,16(sp)
    3c96:	f7d5                	bnez	a5,3c42 <_strtod_l+0xb8>
    3c98:	85a2                	mv	a1,s0
    3c9a:	bf65                	j	3c52 <_strtod_l+0xc8>
    3c9c:	4705                	li	a4,1
    3c9e:	c83a                	sw	a4,16(sp)
    3ca0:	b7dd                	j	3c86 <_strtod_l+0xfc>
    3ca2:	4646                	lw	a2,80(sp)
    3ca4:	ca11                	beqz	a2,3cb8 <_strtod_l+0x12e>
    3ca6:	03500593          	li	a1,53
    3caa:	08a8                	addi	a0,sp,88
    3cac:	7e3010ef          	jal	ra,5c8e <__copybits>
    3cb0:	45c6                	lw	a1,80(sp)
    3cb2:	854a                	mv	a0,s2
    3cb4:	758010ef          	jal	ra,540c <_Bfree>
    3cb8:	19fd                	addi	s3,s3,-1
    3cba:	4791                	li	a5,4
    3cbc:	0137ee63          	bltu	a5,s3,3cd8 <_strtod_l+0x14e>
    3cc0:	00005717          	auipc	a4,0x5
    3cc4:	68870713          	addi	a4,a4,1672 # 9348 <__clz_tab+0x100>
    3cc8:	098a                	slli	s3,s3,0x2
    3cca:	99ba                	add	s3,s3,a4
    3ccc:	0009a783          	lw	a5,0(s3)
    3cd0:	97ba                	add	a5,a5,a4
    3cd2:	8782                	jr	a5
    3cd4:	44e6                	lw	s1,88(sp)
    3cd6:	4476                	lw	s0,92(sp)
    3cd8:	008afa93          	andi	s5,s5,8
    3cdc:	f60a81e3          	beqz	s5,3c3e <_strtod_l+0xb4>
    3ce0:	800007b7          	lui	a5,0x80000
    3ce4:	8c5d                	or	s0,s0,a5
    3ce6:	bfa1                	j	3c3e <_strtod_l+0xb4>
    3ce8:	45f6                	lw	a1,92(sp)
    3cea:	fff00437          	lui	s0,0xfff00
    3cee:	147d                	addi	s0,s0,-1
    3cf0:	0085f7b3          	and	a5,a1,s0
    3cf4:	4456                	lw	s0,84(sp)
    3cf6:	44e6                	lw	s1,88(sp)
    3cf8:	43340413          	addi	s0,s0,1075 # fff00433 <_eusrstack+0xdfefb433>
    3cfc:	01441593          	slli	a1,s0,0x14
    3d00:	00b7e433          	or	s0,a5,a1
    3d04:	bfd1                	j	3cd8 <_strtod_l+0x14e>
    3d06:	7ff00437          	lui	s0,0x7ff00
    3d0a:	b7f9                	j	3cd8 <_strtod_l+0x14e>
    3d0c:	800005b7          	lui	a1,0x80000
    3d10:	fff5c413          	not	s0,a1
    3d14:	54fd                	li	s1,-1
    3d16:	b7c9                	j	3cd8 <_strtod_l+0x14e>
    3d18:	47b6                	lw	a5,76(sp)
    3d1a:	00178693          	addi	a3,a5,1 # 80000001 <_eusrstack+0x5fffb001>
    3d1e:	c6b6                	sw	a3,76(sp)
    3d20:	339c                	lbu	a5,1(a5)
    3d22:	fee78be3          	beq	a5,a4,3d18 <_strtod_l+0x18e>
    3d26:	df81                	beqz	a5,3c3e <_strtod_l+0xb4>
    3d28:	4a85                	li	s5,1
    3d2a:	4cb6                	lw	s9,76(sp)
    3d2c:	4a01                	li	s4,0
    3d2e:	4b81                	li	s7,0
    3d30:	4c01                	li	s8,0
    3d32:	46a5                	li	a3,9
    3d34:	45a1                	li	a1,8
    3d36:	47a9                	li	a5,10
    3d38:	4536                	lw	a0,76(sp)
    3d3a:	00054b03          	lbu	s6,0(a0)
    3d3e:	fd0b0713          	addi	a4,s6,-48
    3d42:	0ff77613          	andi	a2,a4,255
    3d46:	04c6fd63          	bgeu	a3,a2,3da0 <_strtod_l+0x216>
    3d4a:	000da583          	lw	a1,0(s11)
    3d4e:	864e                	mv	a2,s3
    3d50:	d91ff0ef          	jal	ra,3ae0 <strncmp>
    3d54:	c13d                	beqz	a0,3dba <_strtod_l+0x230>
    3d56:	87da                	mv	a5,s6
    3d58:	8de2                	mv	s11,s8
    3d5a:	4681                	li	a3,0
    3d5c:	4b01                	li	s6,0
    3d5e:	4501                	li	a0,0
    3d60:	06500713          	li	a4,101
    3d64:	00e78763          	beq	a5,a4,3d72 <_strtod_l+0x1e8>
    3d68:	04500713          	li	a4,69
    3d6c:	4981                	li	s3,0
    3d6e:	16e79563          	bne	a5,a4,3ed8 <_strtod_l+0x34e>
    3d72:	000d9663          	bnez	s11,3d7e <_strtod_l+0x1f4>
    3d76:	0156e7b3          	or	a5,a3,s5
    3d7a:	db99                	beqz	a5,3c90 <_strtod_l+0x106>
    3d7c:	4d81                	li	s11,0
    3d7e:	4d36                	lw	s10,76(sp)
    3d80:	02b00713          	li	a4,43
    3d84:	001d0793          	addi	a5,s10,1
    3d88:	c6be                	sw	a5,76(sp)
    3d8a:	001d4783          	lbu	a5,1(s10)
    3d8e:	0ce78f63          	beq	a5,a4,3e6c <_strtod_l+0x2e2>
    3d92:	02d00713          	li	a4,45
    3d96:	4801                	li	a6,0
    3d98:	0ee79063          	bne	a5,a4,3e78 <_strtod_l+0x2ee>
    3d9c:	4805                	li	a6,1
    3d9e:	a8c1                	j	3e6e <_strtod_l+0x2e4>
    3da0:	0185c963          	blt	a1,s8,3db2 <_strtod_l+0x228>
    3da4:	02fb8bb3          	mul	s7,s7,a5
    3da8:	9bba                	add	s7,s7,a4
    3daa:	0505                	addi	a0,a0,1
    3dac:	0c05                	addi	s8,s8,1
    3dae:	c6aa                	sw	a0,76(sp)
    3db0:	b761                	j	3d38 <_strtod_l+0x1ae>
    3db2:	02fa0a33          	mul	s4,s4,a5
    3db6:	9a3a                	add	s4,s4,a4
    3db8:	bfcd                	j	3daa <_strtod_l+0x220>
    3dba:	4536                	lw	a0,76(sp)
    3dbc:	4681                	li	a3,0
    3dbe:	954e                	add	a0,a0,s3
    3dc0:	c6aa                	sw	a0,76(sp)
    3dc2:	211c                	lbu	a5,0(a0)
    3dc4:	060c0b63          	beqz	s8,3e3a <_strtod_l+0x2b0>
    3dc8:	4b01                	li	s6,0
    3dca:	8de2                	mv	s11,s8
    3dcc:	fd078713          	addi	a4,a5,-48
    3dd0:	4625                	li	a2,9
    3dd2:	02e67563          	bgeu	a2,a4,3dfc <_strtod_l+0x272>
    3dd6:	4505                	li	a0,1
    3dd8:	b761                	j	3d60 <_strtod_l+0x1d6>
    3dda:	47b6                	lw	a5,76(sp)
    3ddc:	0685                	addi	a3,a3,1
    3dde:	00178613          	addi	a2,a5,1
    3de2:	c6b2                	sw	a2,76(sp)
    3de4:	339c                	lbu	a5,1(a5)
    3de6:	fee78ae3          	beq	a5,a4,3dda <_strtod_l+0x250>
    3dea:	fcf78713          	addi	a4,a5,-49
    3dee:	4621                	li	a2,8
    3df0:	1ee666e3          	bltu	a2,a4,47dc <_strtod_l+0xc52>
    3df4:	4cb6                	lw	s9,76(sp)
    3df6:	8b36                	mv	s6,a3
    3df8:	4d81                	li	s11,0
    3dfa:	4681                	li	a3,0
    3dfc:	fd078793          	addi	a5,a5,-48
    3e00:	00168713          	addi	a4,a3,1
    3e04:	c785                	beqz	a5,3e2c <_strtod_l+0x2a2>
    3e06:	9b3a                	add	s6,s6,a4
    3e08:	01b68533          	add	a0,a3,s11
    3e0c:	876e                	mv	a4,s11
    3e0e:	4821                	li	a6,8
    3e10:	48c1                	li	a7,16
    3e12:	4629                	li	a2,10
    3e14:	02a71663          	bne	a4,a0,3e40 <_strtod_l+0x2b6>
    3e18:	0d85                	addi	s11,s11,1
    3e1a:	9db6                	add	s11,s11,a3
    3e1c:	46a1                	li	a3,8
    3e1e:	02e6ce63          	blt	a3,a4,3e5a <_strtod_l+0x2d0>
    3e22:	4729                	li	a4,10
    3e24:	02eb8bb3          	mul	s7,s7,a4
    3e28:	4701                	li	a4,0
    3e2a:	9bbe                	add	s7,s7,a5
    3e2c:	47b6                	lw	a5,76(sp)
    3e2e:	00178693          	addi	a3,a5,1
    3e32:	c6b6                	sw	a3,76(sp)
    3e34:	339c                	lbu	a5,1(a5)
    3e36:	86ba                	mv	a3,a4
    3e38:	bf51                	j	3dcc <_strtod_l+0x242>
    3e3a:	03000713          	li	a4,48
    3e3e:	b765                	j	3de6 <_strtod_l+0x25c>
    3e40:	00170593          	addi	a1,a4,1
    3e44:	00e84663          	blt	a6,a4,3e50 <_strtod_l+0x2c6>
    3e48:	02cb8bb3          	mul	s7,s7,a2
    3e4c:	872e                	mv	a4,a1
    3e4e:	b7d9                	j	3e14 <_strtod_l+0x28a>
    3e50:	feb8cee3          	blt	a7,a1,3e4c <_strtod_l+0x2c2>
    3e54:	02ca0a33          	mul	s4,s4,a2
    3e58:	bfd5                	j	3e4c <_strtod_l+0x2c2>
    3e5a:	46c1                	li	a3,16
    3e5c:	4701                	li	a4,0
    3e5e:	fdb6c7e3          	blt	a3,s11,3e2c <_strtod_l+0x2a2>
    3e62:	46a9                	li	a3,10
    3e64:	02da0a33          	mul	s4,s4,a3
    3e68:	9a3e                	add	s4,s4,a5
    3e6a:	b7c9                	j	3e2c <_strtod_l+0x2a2>
    3e6c:	4801                	li	a6,0
    3e6e:	002d0793          	addi	a5,s10,2
    3e72:	c6be                	sw	a5,76(sp)
    3e74:	002d4783          	lbu	a5,2(s10)
    3e78:	fd078713          	addi	a4,a5,-48
    3e7c:	4625                	li	a2,9
    3e7e:	0ce66563          	bltu	a2,a4,3f48 <_strtod_l+0x3be>
    3e82:	03000713          	li	a4,48
    3e86:	0ae78563          	beq	a5,a4,3f30 <_strtod_l+0x3a6>
    3e8a:	fcf78713          	addi	a4,a5,-49
    3e8e:	4621                	li	a2,8
    3e90:	4981                	li	s3,0
    3e92:	04e66363          	bltu	a2,a4,3ed8 <_strtod_l+0x34e>
    3e96:	48b6                	lw	a7,76(sp)
    3e98:	fd078713          	addi	a4,a5,-48
    3e9c:	4325                	li	t1,9
    3e9e:	4e29                	li	t3,10
    3ea0:	47b6                	lw	a5,76(sp)
    3ea2:	00178613          	addi	a2,a5,1
    3ea6:	c6b2                	sw	a2,76(sp)
    3ea8:	339c                	lbu	a5,1(a5)
    3eaa:	fd078593          	addi	a1,a5,-48
    3eae:	0ff5f593          	andi	a1,a1,255
    3eb2:	08b37563          	bgeu	t1,a1,3f3c <_strtod_l+0x3b2>
    3eb6:	6995                	lui	s3,0x5
    3eb8:	41160633          	sub	a2,a2,a7
    3ebc:	e1f98993          	addi	s3,s3,-481 # 4e1f <__gethex+0x163>
    3ec0:	48a1                	li	a7,8
    3ec2:	85ce                	mv	a1,s3
    3ec4:	00c8c663          	blt	a7,a2,3ed0 <_strtod_l+0x346>
    3ec8:	89ba                	mv	s3,a4
    3eca:	00e5d363          	bge	a1,a4,3ed0 <_strtod_l+0x346>
    3ece:	89ae                	mv	s3,a1
    3ed0:	00080463          	beqz	a6,3ed8 <_strtod_l+0x34e>
    3ed4:	413009b3          	neg	s3,s3
    3ed8:	0c0d9663          	bnez	s11,3fa4 <_strtod_l+0x41a>
    3edc:	00dae6b3          	or	a3,s5,a3
    3ee0:	d4069fe3          	bnez	a3,3c3e <_strtod_l+0xb4>
    3ee4:	da0516e3          	bnez	a0,3c90 <_strtod_l+0x106>
    3ee8:	04e00713          	li	a4,78
    3eec:	06e78963          	beq	a5,a4,3f5e <_strtod_l+0x3d4>
    3ef0:	04f74f63          	blt	a4,a5,3f4e <_strtod_l+0x3c4>
    3ef4:	04900713          	li	a4,73
    3ef8:	d8e79ce3          	bne	a5,a4,3c90 <_strtod_l+0x106>
    3efc:	00005597          	auipc	a1,0x5
    3f00:	49c58593          	addi	a1,a1,1180 # 9398 <__clz_tab+0x150>
    3f04:	00e8                	addi	a0,sp,76
    3f06:	2ac010ef          	jal	ra,51b2 <__match>
    3f0a:	d80503e3          	beqz	a0,3c90 <_strtod_l+0x106>
    3f0e:	47b6                	lw	a5,76(sp)
    3f10:	00005597          	auipc	a1,0x5
    3f14:	48c58593          	addi	a1,a1,1164 # 939c <__clz_tab+0x154>
    3f18:	00e8                	addi	a0,sp,76
    3f1a:	17fd                	addi	a5,a5,-1
    3f1c:	c6be                	sw	a5,76(sp)
    3f1e:	294010ef          	jal	ra,51b2 <__match>
    3f22:	e501                	bnez	a0,3f2a <_strtod_l+0x3a0>
    3f24:	47b6                	lw	a5,76(sp)
    3f26:	0785                	addi	a5,a5,1
    3f28:	c6be                	sw	a5,76(sp)
    3f2a:	7ff00437          	lui	s0,0x7ff00
    3f2e:	bb01                	j	3c3e <_strtod_l+0xb4>
    3f30:	47b6                	lw	a5,76(sp)
    3f32:	00178613          	addi	a2,a5,1
    3f36:	c6b2                	sw	a2,76(sp)
    3f38:	339c                	lbu	a5,1(a5)
    3f3a:	b7b1                	j	3e86 <_strtod_l+0x2fc>
    3f3c:	03c70733          	mul	a4,a4,t3
    3f40:	97ba                	add	a5,a5,a4
    3f42:	fd078713          	addi	a4,a5,-48
    3f46:	bfa9                	j	3ea0 <_strtod_l+0x316>
    3f48:	c6ea                	sw	s10,76(sp)
    3f4a:	4981                	li	s3,0
    3f4c:	b771                	j	3ed8 <_strtod_l+0x34e>
    3f4e:	06900713          	li	a4,105
    3f52:	fae785e3          	beq	a5,a4,3efc <_strtod_l+0x372>
    3f56:	06e00713          	li	a4,110
    3f5a:	d2e79be3          	bne	a5,a4,3c90 <_strtod_l+0x106>
    3f5e:	00005597          	auipc	a1,0x5
    3f62:	44658593          	addi	a1,a1,1094 # 93a4 <__clz_tab+0x15c>
    3f66:	00e8                	addi	a0,sp,76
    3f68:	24a010ef          	jal	ra,51b2 <__match>
    3f6c:	d20502e3          	beqz	a0,3c90 <_strtod_l+0x106>
    3f70:	47b6                	lw	a5,76(sp)
    3f72:	2398                	lbu	a4,0(a5)
    3f74:	02800793          	li	a5,40
    3f78:	02f71363          	bne	a4,a5,3f9e <_strtod_l+0x414>
    3f7c:	08b0                	addi	a2,sp,88
    3f7e:	00005597          	auipc	a1,0x5
    3f82:	43e58593          	addi	a1,a1,1086 # 93bc <fpinan.3431>
    3f86:	00e8                	addi	a0,sp,76
    3f88:	258010ef          	jal	ra,51e0 <__hexnan>
    3f8c:	4795                	li	a5,5
    3f8e:	00f51863          	bne	a0,a5,3f9e <_strtod_l+0x414>
    3f92:	45f6                	lw	a1,92(sp)
    3f94:	7ff00437          	lui	s0,0x7ff00
    3f98:	44e6                	lw	s1,88(sp)
    3f9a:	8c4d                	or	s0,s0,a1
    3f9c:	b14d                	j	3c3e <_strtod_l+0xb4>
    3f9e:	fff80437          	lui	s0,0xfff80
    3fa2:	b971                	j	3c3e <_strtod_l+0xb4>
    3fa4:	41698ab3          	sub	s5,s3,s6
    3fa8:	000c1363          	bnez	s8,3fae <_strtod_l+0x424>
    3fac:	8c6e                	mv	s8,s11
    3fae:	47c1                	li	a5,16
    3fb0:	8d6e                	mv	s10,s11
    3fb2:	01b7d363          	bge	a5,s11,3fb8 <_strtod_l+0x42e>
    3fb6:	4d41                	li	s10,16
    3fb8:	855e                	mv	a0,s7
    3fba:	1fb040ef          	jal	ra,89b4 <__floatunsidf>
    3fbe:	47a5                	li	a5,9
    3fc0:	84aa                	mv	s1,a0
    3fc2:	842e                	mv	s0,a1
    3fc4:	03b7dc63          	bge	a5,s11,3ffc <_strtod_l+0x472>
    3fc8:	ff7d0793          	addi	a5,s10,-9
    3fcc:	00379713          	slli	a4,a5,0x3
    3fd0:	00005797          	auipc	a5,0x5
    3fd4:	4c078793          	addi	a5,a5,1216 # 9490 <__mprec_tens>
    3fd8:	97ba                	add	a5,a5,a4
    3fda:	4390                	lw	a2,0(a5)
    3fdc:	43d4                	lw	a3,4(a5)
    3fde:	4ab030ef          	jal	ra,7c88 <__muldf3>
    3fe2:	842a                	mv	s0,a0
    3fe4:	8552                	mv	a0,s4
    3fe6:	84ae                	mv	s1,a1
    3fe8:	1cd040ef          	jal	ra,89b4 <__floatunsidf>
    3fec:	862a                	mv	a2,a0
    3fee:	86ae                	mv	a3,a1
    3ff0:	8522                	mv	a0,s0
    3ff2:	85a6                	mv	a1,s1
    3ff4:	5e3020ef          	jal	ra,6dd6 <__adddf3>
    3ff8:	84aa                	mv	s1,a0
    3ffa:	842e                	mv	s0,a1
    3ffc:	47bd                	li	a5,15
    3ffe:	09b7cd63          	blt	a5,s11,4098 <_strtod_l+0x50e>
    4002:	c20a8ee3          	beqz	s5,3c3e <_strtod_l+0xb4>
    4006:	07505463          	blez	s5,406e <_strtod_l+0x4e4>
    400a:	4759                	li	a4,22
    400c:	03574363          	blt	a4,s5,4032 <_strtod_l+0x4a8>
    4010:	0a8e                	slli	s5,s5,0x3
    4012:	00005797          	auipc	a5,0x5
    4016:	47e78793          	addi	a5,a5,1150 # 9490 <__mprec_tens>
    401a:	9abe                	add	s5,s5,a5
    401c:	000aa503          	lw	a0,0(s5)
    4020:	004aa583          	lw	a1,4(s5)
    4024:	8626                	mv	a2,s1
    4026:	86a2                	mv	a3,s0
    4028:	461030ef          	jal	ra,7c88 <__muldf3>
    402c:	84aa                	mv	s1,a0
    402e:	842e                	mv	s0,a1
    4030:	b139                	j	3c3e <_strtod_l+0xb4>
    4032:	02500713          	li	a4,37
    4036:	41b70733          	sub	a4,a4,s11
    403a:	05574f63          	blt	a4,s5,4098 <_strtod_l+0x50e>
    403e:	41b78db3          	sub	s11,a5,s11
    4042:	00005917          	auipc	s2,0x5
    4046:	44e90913          	addi	s2,s2,1102 # 9490 <__mprec_tens>
    404a:	003d9793          	slli	a5,s11,0x3
    404e:	97ca                	add	a5,a5,s2
    4050:	4388                	lw	a0,0(a5)
    4052:	43cc                	lw	a1,4(a5)
    4054:	41ba8db3          	sub	s11,s5,s11
    4058:	8626                	mv	a2,s1
    405a:	86a2                	mv	a3,s0
    405c:	0d8e                	slli	s11,s11,0x3
    405e:	42b030ef          	jal	ra,7c88 <__muldf3>
    4062:	9dca                	add	s11,s11,s2
    4064:	000da603          	lw	a2,0(s11)
    4068:	004da683          	lw	a3,4(s11)
    406c:	bf75                	j	4028 <_strtod_l+0x49e>
    406e:	57a9                	li	a5,-22
    4070:	02fac463          	blt	s5,a5,4098 <_strtod_l+0x50e>
    4074:	413b09b3          	sub	s3,s6,s3
    4078:	00399b13          	slli	s6,s3,0x3
    407c:	00005997          	auipc	s3,0x5
    4080:	41498993          	addi	s3,s3,1044 # 9490 <__mprec_tens>
    4084:	99da                	add	s3,s3,s6
    4086:	0009a603          	lw	a2,0(s3)
    408a:	0049a683          	lw	a3,4(s3)
    408e:	8526                	mv	a0,s1
    4090:	85a2                	mv	a1,s0
    4092:	474030ef          	jal	ra,7506 <__divdf3>
    4096:	bf59                	j	402c <_strtod_l+0x4a2>
    4098:	41ad8d33          	sub	s10,s11,s10
    409c:	9d56                	add	s10,s10,s5
    409e:	11a05763          	blez	s10,41ac <_strtod_l+0x622>
    40a2:	00fd7793          	andi	a5,s10,15
    40a6:	cf99                	beqz	a5,40c4 <_strtod_l+0x53a>
    40a8:	00005717          	auipc	a4,0x5
    40ac:	3e870713          	addi	a4,a4,1000 # 9490 <__mprec_tens>
    40b0:	078e                	slli	a5,a5,0x3
    40b2:	97ba                	add	a5,a5,a4
    40b4:	4388                	lw	a0,0(a5)
    40b6:	43cc                	lw	a1,4(a5)
    40b8:	8626                	mv	a2,s1
    40ba:	86a2                	mv	a3,s0
    40bc:	3cd030ef          	jal	ra,7c88 <__muldf3>
    40c0:	84aa                	mv	s1,a0
    40c2:	842e                	mv	s0,a1
    40c4:	ff0d7d13          	andi	s10,s10,-16
    40c8:	0a0d0863          	beqz	s10,4178 <_strtod_l+0x5ee>
    40cc:	13400793          	li	a5,308
    40d0:	05a7d563          	bge	a5,s10,411a <_strtod_l+0x590>
    40d4:	4b01                	li	s6,0
    40d6:	4981                	li	s3,0
    40d8:	c602                	sw	zero,12(sp)
    40da:	4b81                	li	s7,0
    40dc:	02200793          	li	a5,34
    40e0:	00f92023          	sw	a5,0(s2)
    40e4:	7ff00437          	lui	s0,0x7ff00
    40e8:	4481                	li	s1,0
    40ea:	47b2                	lw	a5,12(sp)
    40ec:	b40789e3          	beqz	a5,3c3e <_strtod_l+0xb4>
    40f0:	45c6                	lw	a1,80(sp)
    40f2:	854a                	mv	a0,s2
    40f4:	318010ef          	jal	ra,540c <_Bfree>
    40f8:	85de                	mv	a1,s7
    40fa:	854a                	mv	a0,s2
    40fc:	310010ef          	jal	ra,540c <_Bfree>
    4100:	85ce                	mv	a1,s3
    4102:	854a                	mv	a0,s2
    4104:	308010ef          	jal	ra,540c <_Bfree>
    4108:	45b2                	lw	a1,12(sp)
    410a:	854a                	mv	a0,s2
    410c:	300010ef          	jal	ra,540c <_Bfree>
    4110:	85da                	mv	a1,s6
    4112:	854a                	mv	a0,s2
    4114:	2f8010ef          	jal	ra,540c <_Bfree>
    4118:	b61d                	j	3c3e <_strtod_l+0xb4>
    411a:	404d5d13          	srai	s10,s10,0x4
    411e:	8526                	mv	a0,s1
    4120:	85a2                	mv	a1,s0
    4122:	4781                	li	a5,0
    4124:	4a01                	li	s4,0
    4126:	4805                	li	a6,1
    4128:	00005897          	auipc	a7,0x5
    412c:	34088893          	addi	a7,a7,832 # 9468 <__mprec_bigtens>
    4130:	05a84663          	blt	a6,s10,417c <_strtod_l+0x5f2>
    4134:	c399                	beqz	a5,413a <_strtod_l+0x5b0>
    4136:	84aa                	mv	s1,a0
    4138:	842e                	mv	s0,a1
    413a:	00005717          	auipc	a4,0x5
    413e:	32e70713          	addi	a4,a4,814 # 9468 <__mprec_bigtens>
    4142:	003a1793          	slli	a5,s4,0x3
    4146:	97ba                	add	a5,a5,a4
    4148:	4388                	lw	a0,0(a5)
    414a:	43cc                	lw	a1,4(a5)
    414c:	fcb00737          	lui	a4,0xfcb00
    4150:	9722                	add	a4,a4,s0
    4152:	8626                	mv	a2,s1
    4154:	86ba                	mv	a3,a4
    4156:	333030ef          	jal	ra,7c88 <__muldf3>
    415a:	7ff00437          	lui	s0,0x7ff00
    415e:	00b477b3          	and	a5,s0,a1
    4162:	7ca00737          	lui	a4,0x7ca00
    4166:	84aa                	mv	s1,a0
    4168:	f6f766e3          	bltu	a4,a5,40d4 <_strtod_l+0x54a>
    416c:	7c900737          	lui	a4,0x7c900
    4170:	02f77a63          	bgeu	a4,a5,41a4 <_strtod_l+0x61a>
    4174:	147d                	addi	s0,s0,-1
    4176:	54fd                	li	s1,-1
    4178:	4a01                	li	s4,0
    417a:	a8dd                	j	4270 <_strtod_l+0x6e6>
    417c:	001d7713          	andi	a4,s10,1
    4180:	cf11                	beqz	a4,419c <_strtod_l+0x612>
    4182:	003a1713          	slli	a4,s4,0x3
    4186:	9746                	add	a4,a4,a7
    4188:	4310                	lw	a2,0(a4)
    418a:	4354                	lw	a3,4(a4)
    418c:	2fd030ef          	jal	ra,7c88 <__muldf3>
    4190:	4785                	li	a5,1
    4192:	4805                	li	a6,1
    4194:	00005897          	auipc	a7,0x5
    4198:	2d488893          	addi	a7,a7,724 # 9468 <__mprec_bigtens>
    419c:	0a05                	addi	s4,s4,1
    419e:	401d5d13          	srai	s10,s10,0x1
    41a2:	b779                	j	4130 <_strtod_l+0x5a6>
    41a4:	03500437          	lui	s0,0x3500
    41a8:	942e                	add	s0,s0,a1
    41aa:	b7f9                	j	4178 <_strtod_l+0x5ee>
    41ac:	fc0d06e3          	beqz	s10,4178 <_strtod_l+0x5ee>
    41b0:	41a00d33          	neg	s10,s10
    41b4:	00fd7793          	andi	a5,s10,15
    41b8:	cf99                	beqz	a5,41d6 <_strtod_l+0x64c>
    41ba:	00005717          	auipc	a4,0x5
    41be:	2d670713          	addi	a4,a4,726 # 9490 <__mprec_tens>
    41c2:	078e                	slli	a5,a5,0x3
    41c4:	97ba                	add	a5,a5,a4
    41c6:	4390                	lw	a2,0(a5)
    41c8:	43d4                	lw	a3,4(a5)
    41ca:	8526                	mv	a0,s1
    41cc:	85a2                	mv	a1,s0
    41ce:	338030ef          	jal	ra,7506 <__divdf3>
    41d2:	84aa                	mv	s1,a0
    41d4:	842e                	mv	s0,a1
    41d6:	404d5d13          	srai	s10,s10,0x4
    41da:	f80d0fe3          	beqz	s10,4178 <_strtod_l+0x5ee>
    41de:	47fd                	li	a5,31
    41e0:	01a7dd63          	bge	a5,s10,41fa <_strtod_l+0x670>
    41e4:	4b01                	li	s6,0
    41e6:	4981                	li	s3,0
    41e8:	c602                	sw	zero,12(sp)
    41ea:	4b81                	li	s7,0
    41ec:	02200793          	li	a5,34
    41f0:	4481                	li	s1,0
    41f2:	4401                	li	s0,0
    41f4:	00f92023          	sw	a5,0(s2)
    41f8:	bdcd                	j	40ea <_strtod_l+0x560>
    41fa:	010d7a13          	andi	s4,s10,16
    41fe:	000a0463          	beqz	s4,4206 <_strtod_l+0x67c>
    4202:	06a00a13          	li	s4,106
    4206:	8526                	mv	a0,s1
    4208:	85a2                	mv	a1,s0
    420a:	00005797          	auipc	a5,0x5
    420e:	1c678793          	addi	a5,a5,454 # 93d0 <tinytens>
    4212:	4701                	li	a4,0
    4214:	001d7693          	andi	a3,s10,1
    4218:	ca81                	beqz	a3,4228 <_strtod_l+0x69e>
    421a:	4390                	lw	a2,0(a5)
    421c:	43d4                	lw	a3,4(a5)
    421e:	c63e                	sw	a5,12(sp)
    4220:	269030ef          	jal	ra,7c88 <__muldf3>
    4224:	47b2                	lw	a5,12(sp)
    4226:	4705                	li	a4,1
    4228:	401d5d13          	srai	s10,s10,0x1
    422c:	07a1                	addi	a5,a5,8
    422e:	fe0d13e3          	bnez	s10,4214 <_strtod_l+0x68a>
    4232:	c319                	beqz	a4,4238 <_strtod_l+0x6ae>
    4234:	84aa                	mv	s1,a0
    4236:	842e                	mv	s0,a1
    4238:	020a0563          	beqz	s4,4262 <_strtod_l+0x6d8>
    423c:	01445793          	srli	a5,s0,0x14
    4240:	7ff7f713          	andi	a4,a5,2047
    4244:	06b00793          	li	a5,107
    4248:	8f99                	sub	a5,a5,a4
    424a:	00f05c63          	blez	a5,4262 <_strtod_l+0x6d8>
    424e:	477d                	li	a4,31
    4250:	22f75463          	bge	a4,a5,4478 <_strtod_l+0x8ee>
    4254:	03400713          	li	a4,52
    4258:	4481                	li	s1,0
    425a:	20f75963          	bge	a4,a5,446c <_strtod_l+0x8e2>
    425e:	03700437          	lui	s0,0x3700
    4262:	4601                	li	a2,0
    4264:	4681                	li	a3,0
    4266:	8526                	mv	a0,s1
    4268:	85a2                	mv	a1,s0
    426a:	051030ef          	jal	ra,7aba <__eqdf2>
    426e:	d93d                	beqz	a0,41e4 <_strtod_l+0x65a>
    4270:	875e                	mv	a4,s7
    4272:	86ee                	mv	a3,s11
    4274:	8662                	mv	a2,s8
    4276:	85e6                	mv	a1,s9
    4278:	854a                	mv	a0,s2
    427a:	26e010ef          	jal	ra,54e8 <__s2b>
    427e:	c62a                	sw	a0,12(sp)
    4280:	e4050ae3          	beqz	a0,40d4 <_strtod_l+0x54a>
    4284:	41fad793          	srai	a5,s5,0x1f
    4288:	413b09b3          	sub	s3,s6,s3
    428c:	00f9f7b3          	and	a5,s3,a5
    4290:	d03e                	sw	a5,32(sp)
    4292:	ce56                	sw	s5,28(sp)
    4294:	000ad363          	bgez	s5,429a <_strtod_l+0x710>
    4298:	ce02                	sw	zero,28(sp)
    429a:	47b2                	lw	a5,12(sp)
    429c:	4b01                	li	s6,0
    429e:	4981                	li	s3,0
    42a0:	07b1                	addi	a5,a5,12
    42a2:	d83e                	sw	a5,48(sp)
    42a4:	001007b7          	lui	a5,0x100
    42a8:	17fd                	addi	a5,a5,-1
    42aa:	d63e                	sw	a5,44(sp)
    42ac:	47b2                	lw	a5,12(sp)
    42ae:	854a                	mv	a0,s2
    42b0:	43cc                	lw	a1,4(a5)
    42b2:	0ce010ef          	jal	ra,5380 <_Balloc>
    42b6:	8baa                	mv	s7,a0
    42b8:	e20502e3          	beqz	a0,40dc <_strtod_l+0x552>
    42bc:	47b2                	lw	a5,12(sp)
    42be:	55c2                	lw	a1,48(sp)
    42c0:	0531                	addi	a0,a0,12
    42c2:	4b90                	lw	a2,16(a5)
    42c4:	0609                	addi	a2,a2,2
    42c6:	060a                	slli	a2,a2,0x2
    42c8:	cbaff0ef          	jal	ra,3782 <memcpy>
    42cc:	08b8                	addi	a4,sp,88
    42ce:	08d4                	addi	a3,sp,84
    42d0:	8622                	mv	a2,s0
    42d2:	85a6                	mv	a1,s1
    42d4:	854a                	mv	a0,s2
    42d6:	ca26                	sw	s1,20(sp)
    42d8:	cc22                	sw	s0,24(sp)
    42da:	06d010ef          	jal	ra,5b46 <__d2b>
    42de:	c8aa                	sw	a0,80(sp)
    42e0:	de050ee3          	beqz	a0,40dc <_strtod_l+0x552>
    42e4:	4585                	li	a1,1
    42e6:	854a                	mv	a0,s2
    42e8:	354010ef          	jal	ra,563c <__i2b>
    42ec:	89aa                	mv	s3,a0
    42ee:	de0507e3          	beqz	a0,40dc <_strtod_l+0x552>
    42f2:	47d6                	lw	a5,84(sp)
    42f4:	1807c763          	bltz	a5,4482 <_strtod_l+0x8f8>
    42f8:	5702                	lw	a4,32(sp)
    42fa:	4c72                	lw	s8,28(sp)
    42fc:	00e78d33          	add	s10,a5,a4
    4300:	4766                	lw	a4,88(sp)
    4302:	414787b3          	sub	a5,a5,s4
    4306:	03600693          	li	a3,54
    430a:	97ba                	add	a5,a5,a4
    430c:	17fd                	addi	a5,a5,-1
    430e:	c0200d93          	li	s11,-1022
    4312:	8e99                	sub	a3,a3,a4
    4314:	19b7d663          	bge	a5,s11,44a0 <_strtod_l+0x916>
    4318:	40fd8733          	sub	a4,s11,a5
    431c:	467d                	li	a2,31
    431e:	8e99                	sub	a3,a3,a4
    4320:	16e64663          	blt	a2,a4,448c <_strtod_l+0x902>
    4324:	4d85                	li	s11,1
    4326:	00ed97b3          	sll	a5,s11,a4
    432a:	d23e                	sw	a5,36(sp)
    432c:	4c81                	li	s9,0
    432e:	9c36                	add	s8,s8,a3
    4330:	00dd0db3          	add	s11,s10,a3
    4334:	9c52                	add	s8,s8,s4
    4336:	87ea                	mv	a5,s10
    4338:	01add363          	bge	s11,s10,433e <_strtod_l+0x7b4>
    433c:	87ee                	mv	a5,s11
    433e:	00fc5363          	bge	s8,a5,4344 <_strtod_l+0x7ba>
    4342:	87e2                	mv	a5,s8
    4344:	00f05863          	blez	a5,4354 <_strtod_l+0x7ca>
    4348:	40fd8db3          	sub	s11,s11,a5
    434c:	40fc0c33          	sub	s8,s8,a5
    4350:	40fd0d33          	sub	s10,s10,a5
    4354:	5782                	lw	a5,32(sp)
    4356:	02f05863          	blez	a5,4386 <_strtod_l+0x7fc>
    435a:	85ce                	mv	a1,s3
    435c:	863e                	mv	a2,a5
    435e:	854a                	mv	a0,s2
    4360:	43c010ef          	jal	ra,579c <__pow5mult>
    4364:	89aa                	mv	s3,a0
    4366:	d6050be3          	beqz	a0,40dc <_strtod_l+0x552>
    436a:	4646                	lw	a2,80(sp)
    436c:	85aa                	mv	a1,a0
    436e:	854a                	mv	a0,s2
    4370:	2e8010ef          	jal	ra,5658 <__multiply>
    4374:	da2a                	sw	a0,52(sp)
    4376:	d60503e3          	beqz	a0,40dc <_strtod_l+0x552>
    437a:	45c6                	lw	a1,80(sp)
    437c:	854a                	mv	a0,s2
    437e:	08e010ef          	jal	ra,540c <_Bfree>
    4382:	57d2                	lw	a5,52(sp)
    4384:	c8be                	sw	a5,80(sp)
    4386:	11b04f63          	bgtz	s11,44a4 <_strtod_l+0x91a>
    438a:	01505a63          	blez	s5,439e <_strtod_l+0x814>
    438e:	4672                	lw	a2,28(sp)
    4390:	85de                	mv	a1,s7
    4392:	854a                	mv	a0,s2
    4394:	408010ef          	jal	ra,579c <__pow5mult>
    4398:	8baa                	mv	s7,a0
    439a:	d40501e3          	beqz	a0,40dc <_strtod_l+0x552>
    439e:	01805a63          	blez	s8,43b2 <_strtod_l+0x828>
    43a2:	85de                	mv	a1,s7
    43a4:	8662                	mv	a2,s8
    43a6:	854a                	mv	a0,s2
    43a8:	4b2010ef          	jal	ra,585a <__lshift>
    43ac:	8baa                	mv	s7,a0
    43ae:	d20507e3          	beqz	a0,40dc <_strtod_l+0x552>
    43b2:	01a05a63          	blez	s10,43c6 <_strtod_l+0x83c>
    43b6:	85ce                	mv	a1,s3
    43b8:	866a                	mv	a2,s10
    43ba:	854a                	mv	a0,s2
    43bc:	49e010ef          	jal	ra,585a <__lshift>
    43c0:	89aa                	mv	s3,a0
    43c2:	d0050de3          	beqz	a0,40dc <_strtod_l+0x552>
    43c6:	45c6                	lw	a1,80(sp)
    43c8:	865e                	mv	a2,s7
    43ca:	854a                	mv	a0,s2
    43cc:	58e010ef          	jal	ra,595a <__mdiff>
    43d0:	8b2a                	mv	s6,a0
    43d2:	d00505e3          	beqz	a0,40dc <_strtod_l+0x552>
    43d6:	00c52c03          	lw	s8,12(a0)
    43da:	85ce                	mv	a1,s3
    43dc:	00052623          	sw	zero,12(a0)
    43e0:	548010ef          	jal	ra,5928 <__mcmp>
    43e4:	0c055963          	bgez	a0,44b6 <_strtod_l+0x92c>
    43e8:	009c6c33          	or	s8,s8,s1
    43ec:	120c1163          	bnez	s8,450e <_strtod_l+0x984>
    43f0:	00c41793          	slli	a5,s0,0xc
    43f4:	10079d63          	bnez	a5,450e <_strtod_l+0x984>
    43f8:	7ff007b7          	lui	a5,0x7ff00
    43fc:	8fe1                	and	a5,a5,s0
    43fe:	06b00737          	lui	a4,0x6b00
    4402:	10f77663          	bgeu	a4,a5,450e <_strtod_l+0x984>
    4406:	014b2783          	lw	a5,20(s6)
    440a:	e791                	bnez	a5,4416 <_strtod_l+0x88c>
    440c:	010b2703          	lw	a4,16(s6)
    4410:	4785                	li	a5,1
    4412:	0ee7de63          	bge	a5,a4,450e <_strtod_l+0x984>
    4416:	85da                	mv	a1,s6
    4418:	4605                	li	a2,1
    441a:	854a                	mv	a0,s2
    441c:	43e010ef          	jal	ra,585a <__lshift>
    4420:	85ce                	mv	a1,s3
    4422:	8b2a                	mv	s6,a0
    4424:	504010ef          	jal	ra,5928 <__mcmp>
    4428:	0ea05363          	blez	a0,450e <_strtod_l+0x984>
    442c:	100a0c63          	beqz	s4,4544 <_strtod_l+0x9ba>
    4430:	7ff007b7          	lui	a5,0x7ff00
    4434:	8fe1                	and	a5,a5,s0
    4436:	06b00737          	lui	a4,0x6b00
    443a:	10f74563          	blt	a4,a5,4544 <_strtod_l+0x9ba>
    443e:	03700737          	lui	a4,0x3700
    4442:	daf755e3          	bge	a4,a5,41ec <_strtod_l+0x662>
    4446:	4701                	li	a4,0
    4448:	395007b7          	lui	a5,0x39500
    444c:	8526                	mv	a0,s1
    444e:	85a2                	mv	a1,s0
    4450:	863a                	mv	a2,a4
    4452:	86be                	mv	a3,a5
    4454:	035030ef          	jal	ra,7c88 <__muldf3>
    4458:	842e                	mv	s0,a1
    445a:	8dc9                	or	a1,a1,a0
    445c:	84aa                	mv	s1,a0
    445e:	c80599e3          	bnez	a1,40f0 <_strtod_l+0x566>
    4462:	02200793          	li	a5,34
    4466:	00f92023          	sw	a5,0(s2)
    446a:	b159                	j	40f0 <_strtod_l+0x566>
    446c:	1781                	addi	a5,a5,-32
    446e:	577d                	li	a4,-1
    4470:	00f717b3          	sll	a5,a4,a5
    4474:	8c7d                	and	s0,s0,a5
    4476:	b3f5                	j	4262 <_strtod_l+0x6d8>
    4478:	577d                	li	a4,-1
    447a:	00f717b3          	sll	a5,a4,a5
    447e:	8cfd                	and	s1,s1,a5
    4480:	b3cd                	j	4262 <_strtod_l+0x6d8>
    4482:	4772                	lw	a4,28(sp)
    4484:	5d02                	lw	s10,32(sp)
    4486:	40f70c33          	sub	s8,a4,a5
    448a:	bd9d                	j	4300 <_strtod_l+0x776>
    448c:	be200c93          	li	s9,-1054
    4490:	40fc87b3          	sub	a5,s9,a5
    4494:	4c85                	li	s9,1
    4496:	00fc9cb3          	sll	s9,s9,a5
    449a:	4785                	li	a5,1
    449c:	d23e                	sw	a5,36(sp)
    449e:	bd41                	j	432e <_strtod_l+0x7a4>
    44a0:	4c81                	li	s9,0
    44a2:	bfe5                	j	449a <_strtod_l+0x910>
    44a4:	45c6                	lw	a1,80(sp)
    44a6:	866e                	mv	a2,s11
    44a8:	854a                	mv	a0,s2
    44aa:	3b0010ef          	jal	ra,585a <__lshift>
    44ae:	c8aa                	sw	a0,80(sp)
    44b0:	ec051de3          	bnez	a0,438a <_strtod_l+0x800>
    44b4:	b125                	j	40dc <_strtod_l+0x552>
    44b6:	e969                	bnez	a0,4588 <_strtod_l+0x9fe>
    44b8:	00100737          	lui	a4,0x100
    44bc:	177d                	addi	a4,a4,-1
    44be:	00e477b3          	and	a5,s0,a4
    44c2:	040c0963          	beqz	s8,4514 <_strtod_l+0x98a>
    44c6:	04e79963          	bne	a5,a4,4518 <_strtod_l+0x98e>
    44ca:	577d                	li	a4,-1
    44cc:	020a0063          	beqz	s4,44ec <_strtod_l+0x962>
    44d0:	7ff007b7          	lui	a5,0x7ff00
    44d4:	8fe1                	and	a5,a5,s0
    44d6:	06a006b7          	lui	a3,0x6a00
    44da:	00f6e963          	bltu	a3,a5,44ec <_strtod_l+0x962>
    44de:	83d1                	srli	a5,a5,0x14
    44e0:	06b00693          	li	a3,107
    44e4:	40f687b3          	sub	a5,a3,a5
    44e8:	00f71733          	sll	a4,a4,a5
    44ec:	02e49663          	bne	s1,a4,4518 <_strtod_l+0x98e>
    44f0:	7ff007b7          	lui	a5,0x7ff00
    44f4:	17fd                	addi	a5,a5,-1
    44f6:	00f41563          	bne	s0,a5,4500 <_strtod_l+0x976>
    44fa:	57fd                	li	a5,-1
    44fc:	bef480e3          	beq	s1,a5,40dc <_strtod_l+0x552>
    4500:	7ff005b7          	lui	a1,0x7ff00
    4504:	8de1                	and	a1,a1,s0
    4506:	00100437          	lui	s0,0x100
    450a:	942e                	add	s0,s0,a1
    450c:	4481                	li	s1,0
    450e:	f20a1ce3          	bnez	s4,4446 <_strtod_l+0x8bc>
    4512:	bef9                	j	40f0 <_strtod_l+0x566>
    4514:	8fc5                	or	a5,a5,s1
    4516:	db99                	beqz	a5,442c <_strtod_l+0x8a2>
    4518:	040c8263          	beqz	s9,455c <_strtod_l+0x9d2>
    451c:	008cfcb3          	and	s9,s9,s0
    4520:	fe0c87e3          	beqz	s9,450e <_strtod_l+0x984>
    4524:	8652                	mv	a2,s4
    4526:	8526                	mv	a0,s1
    4528:	85a2                	mv	a1,s0
    452a:	020c0f63          	beqz	s8,4568 <_strtod_l+0x9de>
    452e:	e0eff0ef          	jal	ra,3b3c <sulp>
    4532:	862a                	mv	a2,a0
    4534:	86ae                	mv	a3,a1
    4536:	4552                	lw	a0,20(sp)
    4538:	45e2                	lw	a1,24(sp)
    453a:	09d020ef          	jal	ra,6dd6 <__adddf3>
    453e:	84aa                	mv	s1,a0
    4540:	842e                	mv	s0,a1
    4542:	b7f1                	j	450e <_strtod_l+0x984>
    4544:	7ff005b7          	lui	a1,0x7ff00
    4548:	8de1                	and	a1,a1,s0
    454a:	fff00437          	lui	s0,0xfff00
    454e:	95a2                	add	a1,a1,s0
    4550:	00100437          	lui	s0,0x100
    4554:	147d                	addi	s0,s0,-1
    4556:	8c4d                	or	s0,s0,a1
    4558:	54fd                	li	s1,-1
    455a:	bf55                	j	450e <_strtod_l+0x984>
    455c:	5792                	lw	a5,36(sp)
    455e:	0097fdb3          	and	s11,a5,s1
    4562:	fa0d86e3          	beqz	s11,450e <_strtod_l+0x984>
    4566:	bf7d                	j	4524 <_strtod_l+0x99a>
    4568:	dd4ff0ef          	jal	ra,3b3c <sulp>
    456c:	862a                	mv	a2,a0
    456e:	86ae                	mv	a3,a1
    4570:	4552                	lw	a0,20(sp)
    4572:	45e2                	lw	a1,24(sp)
    4574:	3cd030ef          	jal	ra,8140 <__subdf3>
    4578:	4601                	li	a2,0
    457a:	4681                	li	a3,0
    457c:	84aa                	mv	s1,a0
    457e:	842e                	mv	s0,a1
    4580:	53a030ef          	jal	ra,7aba <__eqdf2>
    4584:	f549                	bnez	a0,450e <_strtod_l+0x984>
    4586:	b19d                	j	41ec <_strtod_l+0x662>
    4588:	85ce                	mv	a1,s3
    458a:	855a                	mv	a0,s6
    458c:	68e010ef          	jal	ra,5c1a <__ratio>
    4590:	00005797          	auipc	a5,0x5
    4594:	de078793          	addi	a5,a5,-544 # 9370 <__clz_tab+0x128>
    4598:	4390                	lw	a2,0(a5)
    459a:	43d4                	lw	a3,4(a5)
    459c:	8d2a                	mv	s10,a0
    459e:	8dae                	mv	s11,a1
    45a0:	632030ef          	jal	ra,7bd2 <__ledf2>
    45a4:	10a04263          	bgtz	a0,46a8 <_strtod_l+0xb1e>
    45a8:	0a0c0163          	beqz	s8,464a <_strtod_l+0xac0>
    45ac:	4d81                	li	s11,0
    45ae:	3ff00d37          	lui	s10,0x3ff00
    45b2:	4701                	li	a4,0
    45b4:	3ff007b7          	lui	a5,0x3ff00
    45b8:	7ff006b7          	lui	a3,0x7ff00
    45bc:	00d47cb3          	and	s9,s0,a3
    45c0:	7fe006b7          	lui	a3,0x7fe00
    45c4:	16dc9f63          	bne	s9,a3,4742 <_strtod_l+0xbb8>
    45c8:	d26a                	sw	s10,36(sp)
    45ca:	fcb00d37          	lui	s10,0xfcb00
    45ce:	9d22                	add	s10,s10,s0
    45d0:	8526                	mv	a0,s1
    45d2:	85ea                	mv	a1,s10
    45d4:	de3e                	sw	a5,60(sp)
    45d6:	dc3a                	sw	a4,56(sp)
    45d8:	da6e                	sw	s11,52(sp)
    45da:	472010ef          	jal	ra,5a4c <__ulp>
    45de:	58d2                	lw	a7,52(sp)
    45e0:	5812                	lw	a6,36(sp)
    45e2:	862a                	mv	a2,a0
    45e4:	86ae                	mv	a3,a1
    45e6:	8546                	mv	a0,a7
    45e8:	85c2                	mv	a1,a6
    45ea:	69e030ef          	jal	ra,7c88 <__muldf3>
    45ee:	8626                	mv	a2,s1
    45f0:	86ea                	mv	a3,s10
    45f2:	7e4020ef          	jal	ra,6dd6 <__adddf3>
    45f6:	84aa                	mv	s1,a0
    45f8:	7ff00537          	lui	a0,0x7ff00
    45fc:	00b57633          	and	a2,a0,a1
    4600:	7ca006b7          	lui	a3,0x7ca00
    4604:	5762                	lw	a4,56(sp)
    4606:	57f2                	lw	a5,60(sp)
    4608:	0cd66563          	bltu	a2,a3,46d2 <_strtod_l+0xb48>
    460c:	4762                	lw	a4,24(sp)
    460e:	fff50793          	addi	a5,a0,-1 # 7fefffff <_eusrstack+0x5fefafff>
    4612:	00e79663          	bne	a5,a4,461e <_strtod_l+0xa94>
    4616:	4752                	lw	a4,20(sp)
    4618:	57fd                	li	a5,-1
    461a:	ace781e3          	beq	a5,a4,40dc <_strtod_l+0x552>
    461e:	7ff007b7          	lui	a5,0x7ff00
    4622:	fff78413          	addi	s0,a5,-1 # 7fefffff <_eusrstack+0x5fefafff>
    4626:	54fd                	li	s1,-1
    4628:	45c6                	lw	a1,80(sp)
    462a:	854a                	mv	a0,s2
    462c:	5e1000ef          	jal	ra,540c <_Bfree>
    4630:	85de                	mv	a1,s7
    4632:	854a                	mv	a0,s2
    4634:	5d9000ef          	jal	ra,540c <_Bfree>
    4638:	85ce                	mv	a1,s3
    463a:	854a                	mv	a0,s2
    463c:	5d1000ef          	jal	ra,540c <_Bfree>
    4640:	85da                	mv	a1,s6
    4642:	854a                	mv	a0,s2
    4644:	5c9000ef          	jal	ra,540c <_Bfree>
    4648:	b195                	j	42ac <_strtod_l+0x722>
    464a:	e0b1                	bnez	s1,468e <_strtod_l+0xb04>
    464c:	57b2                	lw	a5,44(sp)
    464e:	8fe1                	and	a5,a5,s0
    4650:	e7a1                	bnez	a5,4698 <_strtod_l+0xb0e>
    4652:	00005797          	auipc	a5,0x5
    4656:	d1678793          	addi	a5,a5,-746 # 9368 <__clz_tab+0x120>
    465a:	4390                	lw	a2,0(a5)
    465c:	43d4                	lw	a3,4(a5)
    465e:	856a                	mv	a0,s10
    4660:	85ee                	mv	a1,s11
    4662:	570030ef          	jal	ra,7bd2 <__ledf2>
    4666:	02054d63          	bltz	a0,46a0 <_strtod_l+0xb16>
    466a:	00005797          	auipc	a5,0x5
    466e:	cf678793          	addi	a5,a5,-778 # 9360 <__clz_tab+0x118>
    4672:	4390                	lw	a2,0(a5)
    4674:	43d4                	lw	a3,4(a5)
    4676:	856a                	mv	a0,s10
    4678:	85ee                	mv	a1,s11
    467a:	60e030ef          	jal	ra,7c88 <__muldf3>
    467e:	872a                	mv	a4,a0
    4680:	87ae                	mv	a5,a1
    4682:	80000d37          	lui	s10,0x80000
    4686:	8dba                	mv	s11,a4
    4688:	00fd4d33          	xor	s10,s10,a5
    468c:	b735                	j	45b8 <_strtod_l+0xa2e>
    468e:	4785                	li	a5,1
    4690:	00f49463          	bne	s1,a5,4698 <_strtod_l+0xb0e>
    4694:	b4040ce3          	beqz	s0,41ec <_strtod_l+0x662>
    4698:	4d81                	li	s11,0
    469a:	bff00d37          	lui	s10,0xbff00
    469e:	bf11                	j	45b2 <_strtod_l+0xa28>
    46a0:	4701                	li	a4,0
    46a2:	3fe007b7          	lui	a5,0x3fe00
    46a6:	bff1                	j	4682 <_strtod_l+0xaf8>
    46a8:	00005797          	auipc	a5,0x5
    46ac:	cb878793          	addi	a5,a5,-840 # 9360 <__clz_tab+0x118>
    46b0:	4390                	lw	a2,0(a5)
    46b2:	43d4                	lw	a3,4(a5)
    46b4:	856a                	mv	a0,s10
    46b6:	85ee                	mv	a1,s11
    46b8:	5d0030ef          	jal	ra,7c88 <__muldf3>
    46bc:	872a                	mv	a4,a0
    46be:	87ae                	mv	a5,a1
    46c0:	8d2e                	mv	s10,a1
    46c2:	000c1663          	bnez	s8,46ce <_strtod_l+0xb44>
    46c6:	80000d37          	lui	s10,0x80000
    46ca:	00bd4d33          	xor	s10,s10,a1
    46ce:	8daa                	mv	s11,a0
    46d0:	b5e5                	j	45b8 <_strtod_l+0xa2e>
    46d2:	03500437          	lui	s0,0x3500
    46d6:	942e                	add	s0,s0,a1
    46d8:	f40a18e3          	bnez	s4,4628 <_strtod_l+0xa9e>
    46dc:	7ff006b7          	lui	a3,0x7ff00
    46e0:	8ee1                	and	a3,a3,s0
    46e2:	f4dc93e3          	bne	s9,a3,4628 <_strtod_l+0xa9e>
    46e6:	85be                	mv	a1,a5
    46e8:	853a                	mv	a0,a4
    46ea:	8d3a                	mv	s10,a4
    46ec:	8cbe                	mv	s9,a5
    46ee:	190040ef          	jal	ra,887e <__fixdfsi>
    46f2:	250040ef          	jal	ra,8942 <__floatsidf>
    46f6:	862a                	mv	a2,a0
    46f8:	86ae                	mv	a3,a1
    46fa:	856a                	mv	a0,s10
    46fc:	85e6                	mv	a1,s9
    46fe:	243030ef          	jal	ra,8140 <__subdf3>
    4702:	57b2                	lw	a5,44(sp)
    4704:	8d2a                	mv	s10,a0
    4706:	8dae                	mv	s11,a1
    4708:	8fe1                	and	a5,a5,s0
    470a:	8fc5                	or	a5,a5,s1
    470c:	0187ec33          	or	s8,a5,s8
    4710:	0a0c0b63          	beqz	s8,47c6 <_strtod_l+0xc3c>
    4714:	00005797          	auipc	a5,0x5
    4718:	c6c78793          	addi	a5,a5,-916 # 9380 <__clz_tab+0x138>
    471c:	4390                	lw	a2,0(a5)
    471e:	43d4                	lw	a3,4(a5)
    4720:	4b2030ef          	jal	ra,7bd2 <__ledf2>
    4724:	9c0546e3          	bltz	a0,40f0 <_strtod_l+0x566>
    4728:	00005797          	auipc	a5,0x5
    472c:	c6078793          	addi	a5,a5,-928 # 9388 <__clz_tab+0x140>
    4730:	4390                	lw	a2,0(a5)
    4732:	43d4                	lw	a3,4(a5)
    4734:	856a                	mv	a0,s10
    4736:	85ee                	mv	a1,s11
    4738:	3ec030ef          	jal	ra,7b24 <__gedf2>
    473c:	eea056e3          	blez	a0,4628 <_strtod_l+0xa9e>
    4740:	ba45                	j	40f0 <_strtod_l+0x566>
    4742:	040a0d63          	beqz	s4,479c <_strtod_l+0xc12>
    4746:	06a006b7          	lui	a3,0x6a00
    474a:	0596e963          	bltu	a3,s9,479c <_strtod_l+0xc12>
    474e:	00005697          	auipc	a3,0x5
    4752:	c2a68693          	addi	a3,a3,-982 # 9378 <__clz_tab+0x130>
    4756:	4290                	lw	a2,0(a3)
    4758:	42d4                	lw	a3,4(a3)
    475a:	853a                	mv	a0,a4
    475c:	85be                	mv	a1,a5
    475e:	da3a                	sw	a4,52(sp)
    4760:	d23e                	sw	a5,36(sp)
    4762:	470030ef          	jal	ra,7bd2 <__ledf2>
    4766:	5792                	lw	a5,36(sp)
    4768:	5752                	lw	a4,52(sp)
    476a:	02a04463          	bgtz	a0,4792 <_strtod_l+0xc08>
    476e:	853a                	mv	a0,a4
    4770:	85be                	mv	a1,a5
    4772:	174040ef          	jal	ra,88e6 <__fixunsdfsi>
    4776:	e111                	bnez	a0,477a <_strtod_l+0xbf0>
    4778:	4505                	li	a0,1
    477a:	23a040ef          	jal	ra,89b4 <__floatunsidf>
    477e:	872a                	mv	a4,a0
    4780:	87ae                	mv	a5,a1
    4782:	8d2e                	mv	s10,a1
    4784:	000c1663          	bnez	s8,4790 <_strtod_l+0xc06>
    4788:	80000d37          	lui	s10,0x80000
    478c:	00bd4d33          	xor	s10,s10,a1
    4790:	8daa                	mv	s11,a0
    4792:	06b005b7          	lui	a1,0x6b00
    4796:	9d2e                	add	s10,s10,a1
    4798:	419d0d33          	sub	s10,s10,s9
    479c:	4552                	lw	a0,20(sp)
    479e:	45e2                	lw	a1,24(sp)
    47a0:	da3e                	sw	a5,52(sp)
    47a2:	d23a                	sw	a4,36(sp)
    47a4:	2a8010ef          	jal	ra,5a4c <__ulp>
    47a8:	862a                	mv	a2,a0
    47aa:	86ae                	mv	a3,a1
    47ac:	856e                	mv	a0,s11
    47ae:	85ea                	mv	a1,s10
    47b0:	4d8030ef          	jal	ra,7c88 <__muldf3>
    47b4:	4652                	lw	a2,20(sp)
    47b6:	46e2                	lw	a3,24(sp)
    47b8:	61e020ef          	jal	ra,6dd6 <__adddf3>
    47bc:	84aa                	mv	s1,a0
    47be:	842e                	mv	s0,a1
    47c0:	57d2                	lw	a5,52(sp)
    47c2:	5712                	lw	a4,36(sp)
    47c4:	bf11                	j	46d8 <_strtod_l+0xb4e>
    47c6:	00005797          	auipc	a5,0x5
    47ca:	bca78793          	addi	a5,a5,-1078 # 9390 <__clz_tab+0x148>
    47ce:	4390                	lw	a2,0(a5)
    47d0:	43d4                	lw	a3,4(a5)
    47d2:	400030ef          	jal	ra,7bd2 <__ledf2>
    47d6:	e40559e3          	bgez	a0,4628 <_strtod_l+0xa9e>
    47da:	ba19                	j	40f0 <_strtod_l+0x566>
    47dc:	06500713          	li	a4,101
    47e0:	00e78763          	beq	a5,a4,47ee <_strtod_l+0xc64>
    47e4:	04500713          	li	a4,69
    47e8:	4505                	li	a0,1
    47ea:	eee79963          	bne	a5,a4,3edc <_strtod_l+0x352>
    47ee:	4b01                	li	s6,0
    47f0:	4505                	li	a0,1
    47f2:	d84ff06f          	j	3d76 <_strtod_l+0x1ec>

000047f6 <strtod>:
    47f6:	84018793          	addi	a5,gp,-1984 # 20000230 <_impure_ptr>
    47fa:	439c                	lw	a5,0(a5)
    47fc:	862e                	mv	a2,a1
    47fe:	5394                	lw	a3,32(a5)
    4800:	e689                	bnez	a3,480a <strtod+0x14>
    4802:	1fffc697          	auipc	a3,0x1fffc
    4806:	87e68693          	addi	a3,a3,-1922 # 20000080 <__global_locale>
    480a:	85aa                	mv	a1,a0
    480c:	853e                	mv	a0,a5
    480e:	b7cff06f          	j	3b8a <_strtod_l>

00004812 <_strtol_l.isra.0>:
    4812:	7179                	addi	sp,sp,-48
    4814:	d04a                	sw	s2,32(sp)
    4816:	ce4e                	sw	s3,28(sp)
    4818:	d606                	sw	ra,44(sp)
    481a:	d422                	sw	s0,40(sp)
    481c:	d226                	sw	s1,36(sp)
    481e:	89aa                	mv	s3,a0
    4820:	892e                	mv	s2,a1
    4822:	00190493          	addi	s1,s2,1
    4826:	fff4c403          	lbu	s0,-1(s1)
    482a:	853a                	mv	a0,a4
    482c:	c636                	sw	a3,12(sp)
    482e:	c432                	sw	a2,8(sp)
    4830:	c22e                	sw	a1,4(sp)
    4832:	c03a                	sw	a4,0(sp)
    4834:	30b000ef          	jal	ra,533e <__locale_ctype_ptr_l>
    4838:	9522                	add	a0,a0,s0
    483a:	311c                	lbu	a5,1(a0)
    483c:	4702                	lw	a4,0(sp)
    483e:	4592                	lw	a1,4(sp)
    4840:	8ba1                	andi	a5,a5,8
    4842:	4622                	lw	a2,8(sp)
    4844:	46b2                	lw	a3,12(sp)
    4846:	e3d1                	bnez	a5,48ca <_strtol_l.isra.0+0xb8>
    4848:	02d00793          	li	a5,45
    484c:	08f41163          	bne	s0,a5,48ce <_strtol_l.isra.0+0xbc>
    4850:	209c                	lbu	a5,0(s1)
    4852:	4305                	li	t1,1
    4854:	00290493          	addi	s1,s2,2
    4858:	c6e5                	beqz	a3,4940 <_strtol_l.isra.0+0x12e>
    485a:	4741                	li	a4,16
    485c:	02e69063          	bne	a3,a4,487c <_strtol_l.isra.0+0x6a>
    4860:	03000713          	li	a4,48
    4864:	00e79c63          	bne	a5,a4,487c <_strtol_l.isra.0+0x6a>
    4868:	209c                	lbu	a5,0(s1)
    486a:	05800713          	li	a4,88
    486e:	0df7f793          	andi	a5,a5,223
    4872:	0ce79263          	bne	a5,a4,4936 <_strtol_l.isra.0+0x124>
    4876:	309c                	lbu	a5,1(s1)
    4878:	46c1                	li	a3,16
    487a:	0489                	addi	s1,s1,2
    487c:	800008b7          	lui	a7,0x80000
    4880:	00031463          	bnez	t1,4888 <_strtol_l.isra.0+0x76>
    4884:	fff8c893          	not	a7,a7
    4888:	02d8ff33          	remu	t5,a7,a3
    488c:	4801                	li	a6,0
    488e:	4501                	li	a0,0
    4890:	4fa5                	li	t6,9
    4892:	4ee5                	li	t4,25
    4894:	52fd                	li	t0,-1
    4896:	02d8de33          	divu	t3,a7,a3
    489a:	fd078713          	addi	a4,a5,-48
    489e:	04efe363          	bltu	t6,a4,48e4 <_strtol_l.isra.0+0xd2>
    48a2:	87ba                	mv	a5,a4
    48a4:	04d7de63          	bge	a5,a3,4900 <_strtol_l.isra.0+0xee>
    48a8:	00580d63          	beq	a6,t0,48c2 <_strtol_l.isra.0+0xb0>
    48ac:	587d                	li	a6,-1
    48ae:	00ae6a63          	bltu	t3,a0,48c2 <_strtol_l.isra.0+0xb0>
    48b2:	00ae1463          	bne	t3,a0,48ba <_strtol_l.isra.0+0xa8>
    48b6:	00ff4663          	blt	t5,a5,48c2 <_strtol_l.isra.0+0xb0>
    48ba:	4805                	li	a6,1
    48bc:	02a68533          	mul	a0,a3,a0
    48c0:	953e                	add	a0,a0,a5
    48c2:	0485                	addi	s1,s1,1
    48c4:	fff4c783          	lbu	a5,-1(s1)
    48c8:	bfc9                	j	489a <_strtol_l.isra.0+0x88>
    48ca:	8926                	mv	s2,s1
    48cc:	bf99                	j	4822 <_strtol_l.isra.0+0x10>
    48ce:	02b00793          	li	a5,43
    48d2:	00f40563          	beq	s0,a5,48dc <_strtol_l.isra.0+0xca>
    48d6:	87a2                	mv	a5,s0
    48d8:	4301                	li	t1,0
    48da:	bfbd                	j	4858 <_strtol_l.isra.0+0x46>
    48dc:	209c                	lbu	a5,0(s1)
    48de:	00290493          	addi	s1,s2,2
    48e2:	bfdd                	j	48d8 <_strtol_l.isra.0+0xc6>
    48e4:	fbf78713          	addi	a4,a5,-65
    48e8:	00eee563          	bltu	t4,a4,48f2 <_strtol_l.isra.0+0xe0>
    48ec:	fc978793          	addi	a5,a5,-55
    48f0:	bf55                	j	48a4 <_strtol_l.isra.0+0x92>
    48f2:	f9f78713          	addi	a4,a5,-97
    48f6:	00eee563          	bltu	t4,a4,4900 <_strtol_l.isra.0+0xee>
    48fa:	fa978793          	addi	a5,a5,-87
    48fe:	b75d                	j	48a4 <_strtol_l.isra.0+0x92>
    4900:	57fd                	li	a5,-1
    4902:	00f81f63          	bne	a6,a5,4920 <_strtol_l.isra.0+0x10e>
    4906:	02200793          	li	a5,34
    490a:	00f9a023          	sw	a5,0(s3)
    490e:	8546                	mv	a0,a7
    4910:	ee19                	bnez	a2,492e <_strtol_l.isra.0+0x11c>
    4912:	50b2                	lw	ra,44(sp)
    4914:	5422                	lw	s0,40(sp)
    4916:	5492                	lw	s1,36(sp)
    4918:	5902                	lw	s2,32(sp)
    491a:	49f2                	lw	s3,28(sp)
    491c:	6145                	addi	sp,sp,48
    491e:	8082                	ret
    4920:	00030463          	beqz	t1,4928 <_strtol_l.isra.0+0x116>
    4924:	40a00533          	neg	a0,a0
    4928:	d66d                	beqz	a2,4912 <_strtol_l.isra.0+0x100>
    492a:	00080463          	beqz	a6,4932 <_strtol_l.isra.0+0x120>
    492e:	fff48593          	addi	a1,s1,-1
    4932:	c20c                	sw	a1,0(a2)
    4934:	bff9                	j	4912 <_strtol_l.isra.0+0x100>
    4936:	03000793          	li	a5,48
    493a:	f2a9                	bnez	a3,487c <_strtol_l.isra.0+0x6a>
    493c:	46a1                	li	a3,8
    493e:	bf3d                	j	487c <_strtol_l.isra.0+0x6a>
    4940:	03000713          	li	a4,48
    4944:	f2e782e3          	beq	a5,a4,4868 <_strtol_l.isra.0+0x56>
    4948:	46a9                	li	a3,10
    494a:	bf0d                	j	487c <_strtol_l.isra.0+0x6a>

0000494c <strtol>:
    494c:	84018793          	addi	a5,gp,-1984 # 20000230 <_impure_ptr>
    4950:	439c                	lw	a5,0(a5)
    4952:	86b2                	mv	a3,a2
    4954:	5398                	lw	a4,32(a5)
    4956:	e709                	bnez	a4,4960 <strtol+0x14>
    4958:	1fffb717          	auipc	a4,0x1fffb
    495c:	72870713          	addi	a4,a4,1832 # 20000080 <__global_locale>
    4960:	862e                	mv	a2,a1
    4962:	85aa                	mv	a1,a0
    4964:	853e                	mv	a0,a5
    4966:	eadff06f          	j	4812 <_strtol_l.isra.0>

0000496a <_vsniprintf_r>:
    496a:	7119                	addi	sp,sp,-128
    496c:	dca2                	sw	s0,120(sp)
    496e:	de86                	sw	ra,124(sp)
    4970:	daa6                	sw	s1,116(sp)
    4972:	8432                	mv	s0,a2
    4974:	00065b63          	bgez	a2,498a <_vsniprintf_r+0x20>
    4978:	08b00793          	li	a5,139
    497c:	c11c                	sw	a5,0(a0)
    497e:	557d                	li	a0,-1
    4980:	50f6                	lw	ra,124(sp)
    4982:	5466                	lw	s0,120(sp)
    4984:	54d6                	lw	s1,116(sp)
    4986:	6109                	addi	sp,sp,128
    4988:	8082                	ret
    498a:	8636                	mv	a2,a3
    498c:	20800693          	li	a3,520
    4990:	c42e                	sw	a1,8(sp)
    4992:	cc2e                	sw	a1,24(sp)
    4994:	82f4                	sh	a3,20(sp)
    4996:	4581                	li	a1,0
    4998:	c019                	beqz	s0,499e <_vsniprintf_r+0x34>
    499a:	fff40593          	addi	a1,s0,-1 # 34fffff <_data_lma+0x34f68db>
    499e:	57fd                	li	a5,-1
    49a0:	c82e                	sw	a1,16(sp)
    49a2:	ce2e                	sw	a1,28(sp)
    49a4:	86ba                	mv	a3,a4
    49a6:	002c                	addi	a1,sp,8
    49a8:	83fc                	sh	a5,22(sp)
    49aa:	84aa                	mv	s1,a0
    49ac:	442010ef          	jal	ra,5dee <_svfiprintf_r>
    49b0:	57fd                	li	a5,-1
    49b2:	00f55563          	bge	a0,a5,49bc <_vsniprintf_r+0x52>
    49b6:	08b00793          	li	a5,139
    49ba:	c09c                	sw	a5,0(s1)
    49bc:	d071                	beqz	s0,4980 <_vsniprintf_r+0x16>
    49be:	47a2                	lw	a5,8(sp)
    49c0:	00078023          	sb	zero,0(a5)
    49c4:	bf75                	j	4980 <_vsniprintf_r+0x16>

000049c6 <vsniprintf>:
    49c6:	84018793          	addi	a5,gp,-1984 # 20000230 <_impure_ptr>
    49ca:	8736                	mv	a4,a3
    49cc:	86b2                	mv	a3,a2
    49ce:	862e                	mv	a2,a1
    49d0:	85aa                	mv	a1,a0
    49d2:	4388                	lw	a0,0(a5)
    49d4:	f97ff06f          	j	496a <_vsniprintf_r>

000049d8 <std>:
    49d8:	1141                	addi	sp,sp,-16
    49da:	c422                	sw	s0,8(sp)
    49dc:	c606                	sw	ra,12(sp)
    49de:	842a                	mv	s0,a0
    49e0:	a54e                	sh	a1,12(a0)
    49e2:	a572                	sh	a2,14(a0)
    49e4:	00052023          	sw	zero,0(a0)
    49e8:	00052223          	sw	zero,4(a0)
    49ec:	00052423          	sw	zero,8(a0)
    49f0:	06052223          	sw	zero,100(a0)
    49f4:	00052823          	sw	zero,16(a0)
    49f8:	00052a23          	sw	zero,20(a0)
    49fc:	00052c23          	sw	zero,24(a0)
    4a00:	4621                	li	a2,8
    4a02:	4581                	li	a1,0
    4a04:	05c50513          	addi	a0,a0,92
    4a08:	f58fb0ef          	jal	ra,160 <memset>
    4a0c:	00002797          	auipc	a5,0x2
    4a10:	cee78793          	addi	a5,a5,-786 # 66fa <__sread>
    4a14:	d05c                	sw	a5,36(s0)
    4a16:	00002797          	auipc	a5,0x2
    4a1a:	d1078793          	addi	a5,a5,-752 # 6726 <__swrite>
    4a1e:	d41c                	sw	a5,40(s0)
    4a20:	00002797          	auipc	a5,0x2
    4a24:	d4e78793          	addi	a5,a5,-690 # 676e <__sseek>
    4a28:	d45c                	sw	a5,44(s0)
    4a2a:	00002797          	auipc	a5,0x2
    4a2e:	d7478793          	addi	a5,a5,-652 # 679e <__sclose>
    4a32:	d000                	sw	s0,32(s0)
    4a34:	d81c                	sw	a5,48(s0)
    4a36:	40b2                	lw	ra,12(sp)
    4a38:	4422                	lw	s0,8(sp)
    4a3a:	0141                	addi	sp,sp,16
    4a3c:	8082                	ret

00004a3e <_cleanup_r>:
    4a3e:	00002597          	auipc	a1,0x2
    4a42:	0cc58593          	addi	a1,a1,204 # 6b0a <_fflush_r>
    4a46:	aa99                	j	4b9c <_fwalk_reent>

00004a48 <__sfmoreglue>:
    4a48:	1141                	addi	sp,sp,-16
    4a4a:	c226                	sw	s1,4(sp)
    4a4c:	06800613          	li	a2,104
    4a50:	fff58493          	addi	s1,a1,-1
    4a54:	02c484b3          	mul	s1,s1,a2
    4a58:	c04a                	sw	s2,0(sp)
    4a5a:	892e                	mv	s2,a1
    4a5c:	c422                	sw	s0,8(sp)
    4a5e:	c606                	sw	ra,12(sp)
    4a60:	07448593          	addi	a1,s1,116
    4a64:	e9ffe0ef          	jal	ra,3902 <_malloc_r>
    4a68:	842a                	mv	s0,a0
    4a6a:	cd01                	beqz	a0,4a82 <__sfmoreglue+0x3a>
    4a6c:	00052023          	sw	zero,0(a0)
    4a70:	01252223          	sw	s2,4(a0)
    4a74:	0531                	addi	a0,a0,12
    4a76:	c408                	sw	a0,8(s0)
    4a78:	06848613          	addi	a2,s1,104
    4a7c:	4581                	li	a1,0
    4a7e:	ee2fb0ef          	jal	ra,160 <memset>
    4a82:	8522                	mv	a0,s0
    4a84:	40b2                	lw	ra,12(sp)
    4a86:	4422                	lw	s0,8(sp)
    4a88:	4492                	lw	s1,4(sp)
    4a8a:	4902                	lw	s2,0(sp)
    4a8c:	0141                	addi	sp,sp,16
    4a8e:	8082                	ret

00004a90 <__sinit>:
    4a90:	4d1c                	lw	a5,24(a0)
    4a92:	e7a5                	bnez	a5,4afa <__sinit+0x6a>
    4a94:	1141                	addi	sp,sp,-16
    4a96:	c606                	sw	ra,12(sp)
    4a98:	c422                	sw	s0,8(sp)
    4a9a:	00000797          	auipc	a5,0x0
    4a9e:	fa478793          	addi	a5,a5,-92 # 4a3e <_cleanup_r>
    4aa2:	d51c                	sw	a5,40(a0)
    4aa4:	84818793          	addi	a5,gp,-1976 # 20000238 <_global_impure_ptr>
    4aa8:	439c                	lw	a5,0(a5)
    4aaa:	04052423          	sw	zero,72(a0)
    4aae:	04052623          	sw	zero,76(a0)
    4ab2:	04052823          	sw	zero,80(a0)
    4ab6:	00f51463          	bne	a0,a5,4abe <__sinit+0x2e>
    4aba:	4785                	li	a5,1
    4abc:	cd1c                	sw	a5,24(a0)
    4abe:	842a                	mv	s0,a0
    4ac0:	2835                	jal	4afc <__sfp>
    4ac2:	c048                	sw	a0,4(s0)
    4ac4:	8522                	mv	a0,s0
    4ac6:	281d                	jal	4afc <__sfp>
    4ac8:	c408                	sw	a0,8(s0)
    4aca:	8522                	mv	a0,s0
    4acc:	2805                	jal	4afc <__sfp>
    4ace:	c448                	sw	a0,12(s0)
    4ad0:	4048                	lw	a0,4(s0)
    4ad2:	4601                	li	a2,0
    4ad4:	4591                	li	a1,4
    4ad6:	f03ff0ef          	jal	ra,49d8 <std>
    4ada:	4408                	lw	a0,8(s0)
    4adc:	4605                	li	a2,1
    4ade:	45a5                	li	a1,9
    4ae0:	ef9ff0ef          	jal	ra,49d8 <std>
    4ae4:	4448                	lw	a0,12(s0)
    4ae6:	4609                	li	a2,2
    4ae8:	45c9                	li	a1,18
    4aea:	eefff0ef          	jal	ra,49d8 <std>
    4aee:	4785                	li	a5,1
    4af0:	cc1c                	sw	a5,24(s0)
    4af2:	40b2                	lw	ra,12(sp)
    4af4:	4422                	lw	s0,8(sp)
    4af6:	0141                	addi	sp,sp,16
    4af8:	8082                	ret
    4afa:	8082                	ret

00004afc <__sfp>:
    4afc:	1141                	addi	sp,sp,-16
    4afe:	84818793          	addi	a5,gp,-1976 # 20000238 <_global_impure_ptr>
    4b02:	c226                	sw	s1,4(sp)
    4b04:	4384                	lw	s1,0(a5)
    4b06:	c04a                	sw	s2,0(sp)
    4b08:	c606                	sw	ra,12(sp)
    4b0a:	4c9c                	lw	a5,24(s1)
    4b0c:	c422                	sw	s0,8(sp)
    4b0e:	892a                	mv	s2,a0
    4b10:	e781                	bnez	a5,4b18 <__sfp+0x1c>
    4b12:	8526                	mv	a0,s1
    4b14:	f7dff0ef          	jal	ra,4a90 <__sinit>
    4b18:	04848493          	addi	s1,s1,72
    4b1c:	4480                	lw	s0,8(s1)
    4b1e:	40dc                	lw	a5,4(s1)
    4b20:	17fd                	addi	a5,a5,-1
    4b22:	0007d663          	bgez	a5,4b2e <__sfp+0x32>
    4b26:	409c                	lw	a5,0(s1)
    4b28:	cfb9                	beqz	a5,4b86 <__sfp+0x8a>
    4b2a:	4084                	lw	s1,0(s1)
    4b2c:	bfc5                	j	4b1c <__sfp+0x20>
    4b2e:	00c41703          	lh	a4,12(s0)
    4b32:	e739                	bnez	a4,4b80 <__sfp+0x84>
    4b34:	77c1                	lui	a5,0xffff0
    4b36:	0785                	addi	a5,a5,1
    4b38:	06042223          	sw	zero,100(s0)
    4b3c:	00042023          	sw	zero,0(s0)
    4b40:	00042223          	sw	zero,4(s0)
    4b44:	00042423          	sw	zero,8(s0)
    4b48:	c45c                	sw	a5,12(s0)
    4b4a:	00042823          	sw	zero,16(s0)
    4b4e:	00042a23          	sw	zero,20(s0)
    4b52:	00042c23          	sw	zero,24(s0)
    4b56:	4621                	li	a2,8
    4b58:	4581                	li	a1,0
    4b5a:	05c40513          	addi	a0,s0,92
    4b5e:	e02fb0ef          	jal	ra,160 <memset>
    4b62:	02042a23          	sw	zero,52(s0)
    4b66:	02042c23          	sw	zero,56(s0)
    4b6a:	04042423          	sw	zero,72(s0)
    4b6e:	04042623          	sw	zero,76(s0)
    4b72:	8522                	mv	a0,s0
    4b74:	40b2                	lw	ra,12(sp)
    4b76:	4422                	lw	s0,8(sp)
    4b78:	4492                	lw	s1,4(sp)
    4b7a:	4902                	lw	s2,0(sp)
    4b7c:	0141                	addi	sp,sp,16
    4b7e:	8082                	ret
    4b80:	06840413          	addi	s0,s0,104
    4b84:	bf71                	j	4b20 <__sfp+0x24>
    4b86:	4591                	li	a1,4
    4b88:	854a                	mv	a0,s2
    4b8a:	ebfff0ef          	jal	ra,4a48 <__sfmoreglue>
    4b8e:	c088                	sw	a0,0(s1)
    4b90:	fd49                	bnez	a0,4b2a <__sfp+0x2e>
    4b92:	47b1                	li	a5,12
    4b94:	00f92023          	sw	a5,0(s2)
    4b98:	4401                	li	s0,0
    4b9a:	bfe1                	j	4b72 <__sfp+0x76>

00004b9c <_fwalk_reent>:
    4b9c:	7179                	addi	sp,sp,-48
    4b9e:	d422                	sw	s0,40(sp)
    4ba0:	d04a                	sw	s2,32(sp)
    4ba2:	cc52                	sw	s4,24(sp)
    4ba4:	ca56                	sw	s5,20(sp)
    4ba6:	c85a                	sw	s6,16(sp)
    4ba8:	c65e                	sw	s7,12(sp)
    4baa:	d606                	sw	ra,44(sp)
    4bac:	d226                	sw	s1,36(sp)
    4bae:	ce4e                	sw	s3,28(sp)
    4bb0:	8a2a                	mv	s4,a0
    4bb2:	8aae                	mv	s5,a1
    4bb4:	04850413          	addi	s0,a0,72
    4bb8:	4901                	li	s2,0
    4bba:	4b05                	li	s6,1
    4bbc:	5bfd                	li	s7,-1
    4bbe:	ec09                	bnez	s0,4bd8 <_fwalk_reent+0x3c>
    4bc0:	50b2                	lw	ra,44(sp)
    4bc2:	5422                	lw	s0,40(sp)
    4bc4:	854a                	mv	a0,s2
    4bc6:	5492                	lw	s1,36(sp)
    4bc8:	5902                	lw	s2,32(sp)
    4bca:	49f2                	lw	s3,28(sp)
    4bcc:	4a62                	lw	s4,24(sp)
    4bce:	4ad2                	lw	s5,20(sp)
    4bd0:	4b42                	lw	s6,16(sp)
    4bd2:	4bb2                	lw	s7,12(sp)
    4bd4:	6145                	addi	sp,sp,48
    4bd6:	8082                	ret
    4bd8:	4404                	lw	s1,8(s0)
    4bda:	00442983          	lw	s3,4(s0)
    4bde:	19fd                	addi	s3,s3,-1
    4be0:	0009d463          	bgez	s3,4be8 <_fwalk_reent+0x4c>
    4be4:	4000                	lw	s0,0(s0)
    4be6:	bfe1                	j	4bbe <_fwalk_reent+0x22>
    4be8:	24de                	lhu	a5,12(s1)
    4bea:	00fb7b63          	bgeu	s6,a5,4c00 <_fwalk_reent+0x64>
    4bee:	00e49783          	lh	a5,14(s1)
    4bf2:	01778763          	beq	a5,s7,4c00 <_fwalk_reent+0x64>
    4bf6:	85a6                	mv	a1,s1
    4bf8:	8552                	mv	a0,s4
    4bfa:	9a82                	jalr	s5
    4bfc:	00a96933          	or	s2,s2,a0
    4c00:	06848493          	addi	s1,s1,104
    4c04:	bfe9                	j	4bde <_fwalk_reent+0x42>

00004c06 <rshift>:
    4c06:	4910                	lw	a2,16(a0)
    4c08:	01450693          	addi	a3,a0,20
    4c0c:	4055d713          	srai	a4,a1,0x5
    4c10:	87b6                	mv	a5,a3
    4c12:	02c75663          	bge	a4,a2,4c3e <rshift+0x38>
    4c16:	060a                	slli	a2,a2,0x2
    4c18:	070a                	slli	a4,a4,0x2
    4c1a:	89fd                	andi	a1,a1,31
    4c1c:	9636                	add	a2,a2,a3
    4c1e:	9736                	add	a4,a4,a3
    4c20:	c9b9                	beqz	a1,4c76 <rshift+0x70>
    4c22:	00470813          	addi	a6,a4,4
    4c26:	4318                	lw	a4,0(a4)
    4c28:	02000313          	li	t1,32
    4c2c:	40b30333          	sub	t1,t1,a1
    4c30:	00b75733          	srl	a4,a4,a1
    4c34:	00c86e63          	bltu	a6,a2,4c50 <rshift+0x4a>
    4c38:	c398                	sw	a4,0(a5)
    4c3a:	c311                	beqz	a4,4c3e <rshift+0x38>
    4c3c:	0791                	addi	a5,a5,4
    4c3e:	40d78733          	sub	a4,a5,a3
    4c42:	8709                	srai	a4,a4,0x2
    4c44:	c918                	sw	a4,16(a0)
    4c46:	00d79463          	bne	a5,a3,4c4e <rshift+0x48>
    4c4a:	00052a23          	sw	zero,20(a0)
    4c4e:	8082                	ret
    4c50:	00082883          	lw	a7,0(a6)
    4c54:	0791                	addi	a5,a5,4
    4c56:	0811                	addi	a6,a6,4
    4c58:	006898b3          	sll	a7,a7,t1
    4c5c:	00e8e733          	or	a4,a7,a4
    4c60:	fee7ae23          	sw	a4,-4(a5) # fffefffc <_eusrstack+0xdffeaffc>
    4c64:	ffc82703          	lw	a4,-4(a6)
    4c68:	b7e1                	j	4c30 <rshift+0x2a>
    4c6a:	0711                	addi	a4,a4,4
    4c6c:	ffc72583          	lw	a1,-4(a4)
    4c70:	0791                	addi	a5,a5,4
    4c72:	feb7ae23          	sw	a1,-4(a5)
    4c76:	fec76ae3          	bltu	a4,a2,4c6a <rshift+0x64>
    4c7a:	b7d1                	j	4c3e <rshift+0x38>

00004c7c <__hexdig_fun>:
    4c7c:	fd050793          	addi	a5,a0,-48
    4c80:	0ff7f793          	andi	a5,a5,255
    4c84:	4725                	li	a4,9
    4c86:	00f76763          	bltu	a4,a5,4c94 <__hexdig_fun+0x18>
    4c8a:	1501                	addi	a0,a0,-32
    4c8c:	0ff57793          	andi	a5,a0,255
    4c90:	853e                	mv	a0,a5
    4c92:	8082                	ret
    4c94:	f9f50793          	addi	a5,a0,-97
    4c98:	0ff7f793          	andi	a5,a5,255
    4c9c:	4695                	li	a3,5
    4c9e:	00f6e563          	bltu	a3,a5,4ca8 <__hexdig_fun+0x2c>
    4ca2:	fb950513          	addi	a0,a0,-71
    4ca6:	b7dd                	j	4c8c <__hexdig_fun+0x10>
    4ca8:	fbf50713          	addi	a4,a0,-65
    4cac:	0ff77713          	andi	a4,a4,255
    4cb0:	4781                	li	a5,0
    4cb2:	fce6efe3          	bltu	a3,a4,4c90 <__hexdig_fun+0x14>
    4cb6:	fd950513          	addi	a0,a0,-39
    4cba:	bfc9                	j	4c8c <__hexdig_fun+0x10>

00004cbc <__gethex>:
    4cbc:	711d                	addi	sp,sp,-96
    4cbe:	c2d6                	sw	s5,68(sp)
    4cc0:	8aaa                	mv	s5,a0
    4cc2:	8542                	mv	a0,a6
    4cc4:	c636                	sw	a3,12(sp)
    4cc6:	c23a                	sw	a4,4(sp)
    4cc8:	ce86                	sw	ra,92(sp)
    4cca:	c8ca                	sw	s2,80(sp)
    4ccc:	c4d2                	sw	s4,72(sp)
    4cce:	c0da                	sw	s6,64(sp)
    4cd0:	de5e                	sw	s7,60(sp)
    4cd2:	8b3e                	mv	s6,a5
    4cd4:	d66e                	sw	s11,44(sp)
    4cd6:	8932                	mv	s2,a2
    4cd8:	8dae                	mv	s11,a1
    4cda:	cca2                	sw	s0,88(sp)
    4cdc:	caa6                	sw	s1,84(sp)
    4cde:	c6ce                	sw	s3,76(sp)
    4ce0:	dc62                	sw	s8,56(sp)
    4ce2:	da66                	sw	s9,52(sp)
    4ce4:	d86a                	sw	s10,48(sp)
    4ce6:	2db9                	jal	5344 <__localeconv_l>
    4ce8:	00052b83          	lw	s7,0(a0)
    4cec:	855e                	mv	a0,s7
    4cee:	de1fe0ef          	jal	ra,3ace <strlen>
    4cf2:	00ab87b3          	add	a5,s7,a0
    4cf6:	000da683          	lw	a3,0(s11)
    4cfa:	fff7c783          	lbu	a5,-1(a5)
    4cfe:	5779                	li	a4,-2
    4d00:	8f15                	sub	a4,a4,a3
    4d02:	c83e                	sw	a5,16(sp)
    4d04:	8a2a                	mv	s4,a0
    4d06:	00268793          	addi	a5,a3,2
    4d0a:	03000693          	li	a3,48
    4d0e:	00f70633          	add	a2,a4,a5
    4d12:	84be                	mv	s1,a5
    4d14:	0785                	addi	a5,a5,1
    4d16:	fff7c503          	lbu	a0,-1(a5)
    4d1a:	c432                	sw	a2,8(sp)
    4d1c:	fed509e3          	beq	a0,a3,4d0e <__gethex+0x52>
    4d20:	f5dff0ef          	jal	ra,4c7c <__hexdig_fun>
    4d24:	10051e63          	bnez	a0,4e40 <__gethex+0x184>
    4d28:	8652                	mv	a2,s4
    4d2a:	85de                	mv	a1,s7
    4d2c:	8526                	mv	a0,s1
    4d2e:	db3fe0ef          	jal	ra,3ae0 <strncmp>
    4d32:	10051c63          	bnez	a0,4e4a <__gethex+0x18e>
    4d36:	01448c33          	add	s8,s1,s4
    4d3a:	000c4503          	lbu	a0,0(s8)
    4d3e:	f3fff0ef          	jal	ra,4c7c <__hexdig_fun>
    4d42:	10050563          	beqz	a0,4e4c <__gethex+0x190>
    4d46:	84e2                	mv	s1,s8
    4d48:	03000793          	li	a5,48
    4d4c:	2088                	lbu	a0,0(s1)
    4d4e:	00f50b63          	beq	a0,a5,4d64 <__gethex+0xa8>
    4d52:	f2bff0ef          	jal	ra,4c7c <__hexdig_fun>
    4d56:	4785                	li	a5,1
    4d58:	00153993          	seqz	s3,a0
    4d5c:	8ce2                	mv	s9,s8
    4d5e:	c43e                	sw	a5,8(sp)
    4d60:	8c26                	mv	s8,s1
    4d62:	a021                	j	4d6a <__gethex+0xae>
    4d64:	0485                	addi	s1,s1,1
    4d66:	b7dd                	j	4d4c <__gethex+0x90>
    4d68:	0c05                	addi	s8,s8,1
    4d6a:	000c4503          	lbu	a0,0(s8)
    4d6e:	f0fff0ef          	jal	ra,4c7c <__hexdig_fun>
    4d72:	f97d                	bnez	a0,4d68 <__gethex+0xac>
    4d74:	8652                	mv	a2,s4
    4d76:	85de                	mv	a1,s7
    4d78:	8562                	mv	a0,s8
    4d7a:	d67fe0ef          	jal	ra,3ae0 <strncmp>
    4d7e:	e911                	bnez	a0,4d92 <__gethex+0xd6>
    4d80:	000c9c63          	bnez	s9,4d98 <__gethex+0xdc>
    4d84:	9c52                	add	s8,s8,s4
    4d86:	8ce2                	mv	s9,s8
    4d88:	000c4503          	lbu	a0,0(s8)
    4d8c:	ef1ff0ef          	jal	ra,4c7c <__hexdig_fun>
    4d90:	e95d                	bnez	a0,4e46 <__gethex+0x18a>
    4d92:	4401                	li	s0,0
    4d94:	000c8563          	beqz	s9,4d9e <__gethex+0xe2>
    4d98:	418c8433          	sub	s0,s9,s8
    4d9c:	040a                	slli	s0,s0,0x2
    4d9e:	000c4783          	lbu	a5,0(s8)
    4da2:	05000713          	li	a4,80
    4da6:	00e78763          	beq	a5,a4,4db4 <__gethex+0xf8>
    4daa:	07000613          	li	a2,112
    4dae:	8ce2                	mv	s9,s8
    4db0:	06c79063          	bne	a5,a2,4e10 <__gethex+0x154>
    4db4:	001c4783          	lbu	a5,1(s8)
    4db8:	02b00713          	li	a4,43
    4dbc:	08e78b63          	beq	a5,a4,4e52 <__gethex+0x196>
    4dc0:	02d00713          	li	a4,45
    4dc4:	08e78b63          	beq	a5,a4,4e5a <__gethex+0x19e>
    4dc8:	001c0c93          	addi	s9,s8,1
    4dcc:	4d01                	li	s10,0
    4dce:	000cc503          	lbu	a0,0(s9)
    4dd2:	eabff0ef          	jal	ra,4c7c <__hexdig_fun>
    4dd6:	fff50793          	addi	a5,a0,-1
    4dda:	0ff7f793          	andi	a5,a5,255
    4dde:	45e1                	li	a1,24
    4de0:	08f5e463          	bltu	a1,a5,4e68 <__gethex+0x1ac>
    4de4:	ff050793          	addi	a5,a0,-16
    4de8:	0c85                	addi	s9,s9,1
    4dea:	000cc503          	lbu	a0,0(s9)
    4dee:	ca3e                	sw	a5,20(sp)
    4df0:	e8dff0ef          	jal	ra,4c7c <__hexdig_fun>
    4df4:	fff50593          	addi	a1,a0,-1
    4df8:	0ff5f593          	andi	a1,a1,255
    4dfc:	4861                	li	a6,24
    4dfe:	47d2                	lw	a5,20(sp)
    4e00:	48a9                	li	a7,10
    4e02:	04b87e63          	bgeu	a6,a1,4e5e <__gethex+0x1a2>
    4e06:	000d0463          	beqz	s10,4e0e <__gethex+0x152>
    4e0a:	40f007b3          	neg	a5,a5
    4e0e:	943e                	add	s0,s0,a5
    4e10:	019da023          	sw	s9,0(s11)
    4e14:	04098c63          	beqz	s3,4e6c <__gethex+0x1b0>
    4e18:	47a2                	lw	a5,8(sp)
    4e1a:	4481                	li	s1,0
    4e1c:	e391                	bnez	a5,4e20 <__gethex+0x164>
    4e1e:	4499                	li	s1,6
    4e20:	40f6                	lw	ra,92(sp)
    4e22:	4466                	lw	s0,88(sp)
    4e24:	8526                	mv	a0,s1
    4e26:	4946                	lw	s2,80(sp)
    4e28:	44d6                	lw	s1,84(sp)
    4e2a:	49b6                	lw	s3,76(sp)
    4e2c:	4a26                	lw	s4,72(sp)
    4e2e:	4a96                	lw	s5,68(sp)
    4e30:	4b06                	lw	s6,64(sp)
    4e32:	5bf2                	lw	s7,60(sp)
    4e34:	5c62                	lw	s8,56(sp)
    4e36:	5cd2                	lw	s9,52(sp)
    4e38:	5d42                	lw	s10,48(sp)
    4e3a:	5db2                	lw	s11,44(sp)
    4e3c:	6125                	addi	sp,sp,96
    4e3e:	8082                	ret
    4e40:	4981                	li	s3,0
    4e42:	4c81                	li	s9,0
    4e44:	bf31                	j	4d60 <__gethex+0xa4>
    4e46:	0c05                	addi	s8,s8,1
    4e48:	b781                	j	4d88 <__gethex+0xcc>
    4e4a:	8c26                	mv	s8,s1
    4e4c:	4401                	li	s0,0
    4e4e:	4985                	li	s3,1
    4e50:	b7b9                	j	4d9e <__gethex+0xe2>
    4e52:	4d01                	li	s10,0
    4e54:	002c0c93          	addi	s9,s8,2
    4e58:	bf9d                	j	4dce <__gethex+0x112>
    4e5a:	4d05                	li	s10,1
    4e5c:	bfe5                	j	4e54 <__gethex+0x198>
    4e5e:	031787b3          	mul	a5,a5,a7
    4e62:	97aa                	add	a5,a5,a0
    4e64:	17c1                	addi	a5,a5,-16
    4e66:	b749                	j	4de8 <__gethex+0x12c>
    4e68:	8ce2                	mv	s9,s8
    4e6a:	b75d                	j	4e10 <__gethex+0x154>
    4e6c:	409c07b3          	sub	a5,s8,s1
    4e70:	17fd                	addi	a5,a5,-1
    4e72:	4581                	li	a1,0
    4e74:	471d                	li	a4,7
    4e76:	0af74363          	blt	a4,a5,4f1c <__gethex+0x260>
    4e7a:	8556                	mv	a0,s5
    4e7c:	2311                	jal	5380 <_Balloc>
    4e7e:	4605                	li	a2,1
    4e80:	01450993          	addi	s3,a0,20
    4e84:	414607b3          	sub	a5,a2,s4
    4e88:	8daa                	mv	s11,a0
    4e8a:	8d4e                	mv	s10,s3
    4e8c:	4881                	li	a7,0
    4e8e:	4c81                	li	s9,0
    4e90:	ca3e                	sw	a5,20(sp)
    4e92:	0984e863          	bltu	s1,s8,4f22 <__gethex+0x266>
    4e96:	004d0513          	addi	a0,s10,4 # 80000004 <_eusrstack+0x5fffb004>
    4e9a:	41350533          	sub	a0,a0,s3
    4e9e:	8509                	srai	a0,a0,0x2
    4ea0:	019d2023          	sw	s9,0(s10)
    4ea4:	00ada823          	sw	a0,16(s11)
    4ea8:	00551493          	slli	s1,a0,0x5
    4eac:	8566                	mv	a0,s9
    4eae:	2df9                	jal	558c <__hi0bits>
    4eb0:	00092b83          	lw	s7,0(s2)
    4eb4:	8c89                	sub	s1,s1,a0
    4eb6:	0c9bd863          	bge	s7,s1,4f86 <__gethex+0x2ca>
    4eba:	417484b3          	sub	s1,s1,s7
    4ebe:	85a6                	mv	a1,s1
    4ec0:	856e                	mv	a0,s11
    4ec2:	603000ef          	jal	ra,5cc4 <__any_on>
    4ec6:	8a2a                	mv	s4,a0
    4ec8:	c905                	beqz	a0,4ef8 <__gethex+0x23c>
    4eca:	fff48613          	addi	a2,s1,-1
    4ece:	40565693          	srai	a3,a2,0x5
    4ed2:	068a                	slli	a3,a3,0x2
    4ed4:	96ce                	add	a3,a3,s3
    4ed6:	4294                	lw	a3,0(a3)
    4ed8:	4705                	li	a4,1
    4eda:	00c71733          	sll	a4,a4,a2
    4ede:	8f75                	and	a4,a4,a3
    4ee0:	4a05                	li	s4,1
    4ee2:	cb19                	beqz	a4,4ef8 <__gethex+0x23c>
    4ee4:	00ca5963          	bge	s4,a2,4ef6 <__gethex+0x23a>
    4ee8:	ffe48593          	addi	a1,s1,-2
    4eec:	856e                	mv	a0,s11
    4eee:	5d7000ef          	jal	ra,5cc4 <__any_on>
    4ef2:	4a0d                	li	s4,3
    4ef4:	e111                	bnez	a0,4ef8 <__gethex+0x23c>
    4ef6:	4a09                	li	s4,2
    4ef8:	85a6                	mv	a1,s1
    4efa:	856e                	mv	a0,s11
    4efc:	d0bff0ef          	jal	ra,4c06 <rshift>
    4f00:	9426                	add	s0,s0,s1
    4f02:	00892703          	lw	a4,8(s2)
    4f06:	08875f63          	bge	a4,s0,4fa4 <__gethex+0x2e8>
    4f0a:	85ee                	mv	a1,s11
    4f0c:	8556                	mv	a0,s5
    4f0e:	29fd                	jal	540c <_Bfree>
    4f10:	4792                	lw	a5,4(sp)
    4f12:	0a300493          	li	s1,163
    4f16:	0007a023          	sw	zero,0(a5)
    4f1a:	b719                	j	4e20 <__gethex+0x164>
    4f1c:	0585                	addi	a1,a1,1
    4f1e:	8785                	srai	a5,a5,0x1
    4f20:	bf99                	j	4e76 <__gethex+0x1ba>
    4f22:	fffc0793          	addi	a5,s8,-1
    4f26:	c43e                	sw	a5,8(sp)
    4f28:	fffc4603          	lbu	a2,-1(s8)
    4f2c:	47c2                	lw	a5,16(sp)
    4f2e:	02f60963          	beq	a2,a5,4f60 <__gethex+0x2a4>
    4f32:	02000793          	li	a5,32
    4f36:	00f89763          	bne	a7,a5,4f44 <__gethex+0x288>
    4f3a:	019d2023          	sw	s9,0(s10)
    4f3e:	4881                	li	a7,0
    4f40:	0d11                	addi	s10,s10,4
    4f42:	4c81                	li	s9,0
    4f44:	fffc4503          	lbu	a0,-1(s8)
    4f48:	cc46                	sw	a7,24(sp)
    4f4a:	d33ff0ef          	jal	ra,4c7c <__hexdig_fun>
    4f4e:	48e2                	lw	a7,24(sp)
    4f50:	893d                	andi	a0,a0,15
    4f52:	4322                	lw	t1,8(sp)
    4f54:	01151533          	sll	a0,a0,a7
    4f58:	00acecb3          	or	s9,s9,a0
    4f5c:	0891                	addi	a7,a7,4
    4f5e:	a015                	j	4f82 <__gethex+0x2c6>
    4f60:	4752                	lw	a4,20(sp)
    4f62:	fffc0793          	addi	a5,s8,-1
    4f66:	00e78333          	add	t1,a5,a4
    4f6a:	fc9364e3          	bltu	t1,s1,4f32 <__gethex+0x276>
    4f6e:	851a                	mv	a0,t1
    4f70:	8652                	mv	a2,s4
    4f72:	85de                	mv	a1,s7
    4f74:	ce46                	sw	a7,28(sp)
    4f76:	cc1a                	sw	t1,24(sp)
    4f78:	b69fe0ef          	jal	ra,3ae0 <strncmp>
    4f7c:	4362                	lw	t1,24(sp)
    4f7e:	48f2                	lw	a7,28(sp)
    4f80:	f94d                	bnez	a0,4f32 <__gethex+0x276>
    4f82:	8c1a                	mv	s8,t1
    4f84:	b739                	j	4e92 <__gethex+0x1d6>
    4f86:	4a01                	li	s4,0
    4f88:	f774dde3          	bge	s1,s7,4f02 <__gethex+0x246>
    4f8c:	409b84b3          	sub	s1,s7,s1
    4f90:	85ee                	mv	a1,s11
    4f92:	8626                	mv	a2,s1
    4f94:	8556                	mv	a0,s5
    4f96:	0c5000ef          	jal	ra,585a <__lshift>
    4f9a:	8daa                	mv	s11,a0
    4f9c:	8c05                	sub	s0,s0,s1
    4f9e:	01450993          	addi	s3,a0,20
    4fa2:	b785                	j	4f02 <__gethex+0x246>
    4fa4:	00492703          	lw	a4,4(s2)
    4fa8:	0ee45563          	bge	s0,a4,5092 <__gethex+0x3d6>
    4fac:	40870433          	sub	s0,a4,s0
    4fb0:	07744563          	blt	s0,s7,501a <__gethex+0x35e>
    4fb4:	00c92703          	lw	a4,12(s2)
    4fb8:	4689                	li	a3,2
    4fba:	04d70a63          	beq	a4,a3,500e <__gethex+0x352>
    4fbe:	468d                	li	a3,3
    4fc0:	04d70a63          	beq	a4,a3,5014 <__gethex+0x358>
    4fc4:	4685                	li	a3,1
    4fc6:	02d71b63          	bne	a4,a3,4ffc <__gethex+0x340>
    4fca:	028b9963          	bne	s7,s0,4ffc <__gethex+0x340>
    4fce:	02eb9163          	bne	s7,a4,4ff0 <__gethex+0x334>
    4fd2:	00492703          	lw	a4,4(s2)
    4fd6:	47b2                	lw	a5,12(sp)
    4fd8:	06200493          	li	s1,98
    4fdc:	c398                	sw	a4,0(a5)
    4fde:	4705                	li	a4,1
    4fe0:	4792                	lw	a5,4(sp)
    4fe2:	00eda823          	sw	a4,16(s11)
    4fe6:	00e9a023          	sw	a4,0(s3)
    4fea:	01b7a023          	sw	s11,0(a5)
    4fee:	bd0d                	j	4e20 <__gethex+0x164>
    4ff0:	fffb8593          	addi	a1,s7,-1
    4ff4:	856e                	mv	a0,s11
    4ff6:	4cf000ef          	jal	ra,5cc4 <__any_on>
    4ffa:	fd61                	bnez	a0,4fd2 <__gethex+0x316>
    4ffc:	85ee                	mv	a1,s11
    4ffe:	8556                	mv	a0,s5
    5000:	2131                	jal	540c <_Bfree>
    5002:	4792                	lw	a5,4(sp)
    5004:	05000493          	li	s1,80
    5008:	0007a023          	sw	zero,0(a5)
    500c:	bd11                	j	4e20 <__gethex+0x164>
    500e:	fe0b17e3          	bnez	s6,4ffc <__gethex+0x340>
    5012:	b7c1                	j	4fd2 <__gethex+0x316>
    5014:	fa0b1fe3          	bnez	s6,4fd2 <__gethex+0x316>
    5018:	b7d5                	j	4ffc <__gethex+0x340>
    501a:	fff40493          	addi	s1,s0,-1
    501e:	060a1863          	bnez	s4,508e <__gethex+0x3d2>
    5022:	c491                	beqz	s1,502e <__gethex+0x372>
    5024:	85a6                	mv	a1,s1
    5026:	856e                	mv	a0,s11
    5028:	49d000ef          	jal	ra,5cc4 <__any_on>
    502c:	8a2a                	mv	s4,a0
    502e:	4054d713          	srai	a4,s1,0x5
    5032:	070a                	slli	a4,a4,0x2
    5034:	974e                	add	a4,a4,s3
    5036:	4318                	lw	a4,0(a4)
    5038:	4585                	li	a1,1
    503a:	009595b3          	sll	a1,a1,s1
    503e:	8df9                	and	a1,a1,a4
    5040:	c199                	beqz	a1,5046 <__gethex+0x38a>
    5042:	002a6a13          	ori	s4,s4,2
    5046:	85a2                	mv	a1,s0
    5048:	856e                	mv	a0,s11
    504a:	408b8bb3          	sub	s7,s7,s0
    504e:	bb9ff0ef          	jal	ra,4c06 <rshift>
    5052:	00492403          	lw	s0,4(s2)
    5056:	4489                	li	s1,2
    5058:	080a0b63          	beqz	s4,50ee <__gethex+0x432>
    505c:	00c92703          	lw	a4,12(s2)
    5060:	4689                	li	a3,2
    5062:	02d70a63          	beq	a4,a3,5096 <__gethex+0x3da>
    5066:	468d                	li	a3,3
    5068:	02d70a63          	beq	a4,a3,509c <__gethex+0x3e0>
    506c:	4685                	li	a3,1
    506e:	00d71d63          	bne	a4,a3,5088 <__gethex+0x3cc>
    5072:	002a7713          	andi	a4,s4,2
    5076:	cb09                	beqz	a4,5088 <__gethex+0x3cc>
    5078:	0009a703          	lw	a4,0(s3)
    507c:	00ea6a33          	or	s4,s4,a4
    5080:	001a7a13          	andi	s4,s4,1
    5084:	000a1e63          	bnez	s4,50a0 <__gethex+0x3e4>
    5088:	0104e493          	ori	s1,s1,16
    508c:	a08d                	j	50ee <__gethex+0x432>
    508e:	4a05                	li	s4,1
    5090:	bf79                	j	502e <__gethex+0x372>
    5092:	4485                	li	s1,1
    5094:	b7d1                	j	5058 <__gethex+0x39c>
    5096:	4705                	li	a4,1
    5098:	41670b33          	sub	s6,a4,s6
    509c:	fe0b06e3          	beqz	s6,5088 <__gethex+0x3cc>
    50a0:	010da983          	lw	s3,16(s11)
    50a4:	014d8713          	addi	a4,s11,20
    50a8:	55fd                	li	a1,-1
    50aa:	00299a13          	slli	s4,s3,0x2
    50ae:	01470633          	add	a2,a4,s4
    50b2:	4314                	lw	a3,0(a4)
    50b4:	04b68363          	beq	a3,a1,50fa <__gethex+0x43e>
    50b8:	0685                	addi	a3,a3,1
    50ba:	c314                	sw	a3,0(a4)
    50bc:	4689                	li	a3,2
    50be:	014d8713          	addi	a4,s11,20
    50c2:	08d49463          	bne	s1,a3,514a <__gethex+0x48e>
    50c6:	00092683          	lw	a3,0(s2)
    50ca:	16fd                	addi	a3,a3,-1
    50cc:	01769f63          	bne	a3,s7,50ea <__gethex+0x42e>
    50d0:	405bd693          	srai	a3,s7,0x5
    50d4:	068a                	slli	a3,a3,0x2
    50d6:	9736                	add	a4,a4,a3
    50d8:	4318                	lw	a4,0(a4)
    50da:	4685                	li	a3,1
    50dc:	01769bb3          	sll	s7,a3,s7
    50e0:	00ebfbb3          	and	s7,s7,a4
    50e4:	000b8363          	beqz	s7,50ea <__gethex+0x42e>
    50e8:	4485                	li	s1,1
    50ea:	0204e493          	ori	s1,s1,32
    50ee:	4792                	lw	a5,4(sp)
    50f0:	01b7a023          	sw	s11,0(a5)
    50f4:	47b2                	lw	a5,12(sp)
    50f6:	c380                	sw	s0,0(a5)
    50f8:	b325                	j	4e20 <__gethex+0x164>
    50fa:	0711                	addi	a4,a4,4
    50fc:	fe072e23          	sw	zero,-4(a4)
    5100:	fac769e3          	bltu	a4,a2,50b2 <__gethex+0x3f6>
    5104:	008da703          	lw	a4,8(s11)
    5108:	02e9c563          	blt	s3,a4,5132 <__gethex+0x476>
    510c:	004da583          	lw	a1,4(s11)
    5110:	8556                	mv	a0,s5
    5112:	0585                	addi	a1,a1,1
    5114:	24b5                	jal	5380 <_Balloc>
    5116:	010da603          	lw	a2,16(s11)
    511a:	00cd8593          	addi	a1,s11,12
    511e:	8b2a                	mv	s6,a0
    5120:	0609                	addi	a2,a2,2
    5122:	060a                	slli	a2,a2,0x2
    5124:	0531                	addi	a0,a0,12
    5126:	e5cfe0ef          	jal	ra,3782 <memcpy>
    512a:	85ee                	mv	a1,s11
    512c:	8556                	mv	a0,s5
    512e:	2cf9                	jal	540c <_Bfree>
    5130:	8dda                	mv	s11,s6
    5132:	010da703          	lw	a4,16(s11)
    5136:	00170693          	addi	a3,a4,1
    513a:	0711                	addi	a4,a4,4
    513c:	070a                	slli	a4,a4,0x2
    513e:	00dda823          	sw	a3,16(s11)
    5142:	976e                	add	a4,a4,s11
    5144:	4685                	li	a3,1
    5146:	c354                	sw	a3,4(a4)
    5148:	bf95                	j	50bc <__gethex+0x400>
    514a:	010da683          	lw	a3,16(s11)
    514e:	00d9dc63          	bge	s3,a3,5166 <__gethex+0x4aa>
    5152:	4585                	li	a1,1
    5154:	856e                	mv	a0,s11
    5156:	ab1ff0ef          	jal	ra,4c06 <rshift>
    515a:	00892703          	lw	a4,8(s2)
    515e:	0405                	addi	s0,s0,1
    5160:	f88754e3          	bge	a4,s0,50e8 <__gethex+0x42c>
    5164:	b35d                	j	4f0a <__gethex+0x24e>
    5166:	01fbfb93          	andi	s7,s7,31
    516a:	4485                	li	s1,1
    516c:	f60b8fe3          	beqz	s7,50ea <__gethex+0x42e>
    5170:	9752                	add	a4,a4,s4
    5172:	ffc72503          	lw	a0,-4(a4)
    5176:	2919                	jal	558c <__hi0bits>
    5178:	02000713          	li	a4,32
    517c:	41770bb3          	sub	s7,a4,s7
    5180:	fd7549e3          	blt	a0,s7,5152 <__gethex+0x496>
    5184:	b79d                	j	50ea <__gethex+0x42e>

00005186 <L_shift>:
    5186:	47a1                	li	a5,8
    5188:	40c78633          	sub	a2,a5,a2
    518c:	060a                	slli	a2,a2,0x2
    518e:	02000693          	li	a3,32
    5192:	8e91                	sub	a3,a3,a2
    5194:	415c                	lw	a5,4(a0)
    5196:	4118                	lw	a4,0(a0)
    5198:	0511                	addi	a0,a0,4
    519a:	00d79833          	sll	a6,a5,a3
    519e:	01076733          	or	a4,a4,a6
    51a2:	00c7d7b3          	srl	a5,a5,a2
    51a6:	fee52e23          	sw	a4,-4(a0)
    51aa:	c11c                	sw	a5,0(a0)
    51ac:	feb564e3          	bltu	a0,a1,5194 <L_shift+0xe>
    51b0:	8082                	ret

000051b2 <__match>:
    51b2:	411c                	lw	a5,0(a0)
    51b4:	4865                	li	a6,25
    51b6:	0585                	addi	a1,a1,1
    51b8:	fff5c603          	lbu	a2,-1(a1)
    51bc:	0785                	addi	a5,a5,1
    51be:	e601                	bnez	a2,51c6 <__match+0x14>
    51c0:	c11c                	sw	a5,0(a0)
    51c2:	4505                	li	a0,1
    51c4:	8082                	ret
    51c6:	2398                	lbu	a4,0(a5)
    51c8:	fbf70693          	addi	a3,a4,-65
    51cc:	0ff6f693          	andi	a3,a3,255
    51d0:	00d86463          	bltu	a6,a3,51d8 <__match+0x26>
    51d4:	02070713          	addi	a4,a4,32
    51d8:	fcc70fe3          	beq	a4,a2,51b6 <__match+0x4>
    51dc:	4501                	li	a0,0
    51de:	8082                	ret

000051e0 <__hexnan>:
    51e0:	715d                	addi	sp,sp,-80
    51e2:	dc52                	sw	s4,56(sp)
    51e4:	0005aa03          	lw	s4,0(a1)
    51e8:	c2a6                	sw	s1,68(sp)
    51ea:	de4e                	sw	s3,60(sp)
    51ec:	405a5493          	srai	s1,s4,0x5
    51f0:	d85a                	sw	s6,48(sp)
    51f2:	048a                	slli	s1,s1,0x2
    51f4:	c686                	sw	ra,76(sp)
    51f6:	c4a2                	sw	s0,72(sp)
    51f8:	c0ca                	sw	s2,64(sp)
    51fa:	da56                	sw	s5,52(sp)
    51fc:	d65e                	sw	s7,44(sp)
    51fe:	d462                	sw	s8,40(sp)
    5200:	d266                	sw	s9,36(sp)
    5202:	d06a                	sw	s10,32(sp)
    5204:	ce6e                	sw	s11,28(sp)
    5206:	01fa7a13          	andi	s4,s4,31
    520a:	8b2a                	mv	s6,a0
    520c:	89b2                	mv	s3,a2
    520e:	94b2                	add	s1,s1,a2
    5210:	000a0363          	beqz	s4,5216 <__hexnan+0x36>
    5214:	0491                	addi	s1,s1,4
    5216:	000b2783          	lw	a5,0(s6)
    521a:	ffc48913          	addi	s2,s1,-4
    521e:	fe04ae23          	sw	zero,-4(s1)
    5222:	8dca                	mv	s11,s2
    5224:	844a                	mv	s0,s2
    5226:	4601                	li	a2,0
    5228:	4a81                	li	s5,0
    522a:	4b81                	li	s7,0
    522c:	4c21                	li	s8,8
    522e:	02000c93          	li	s9,32
    5232:	4d1d                	li	s10,7
    5234:	3394                	lbu	a3,1(a5)
    5236:	00178713          	addi	a4,a5,1
    523a:	c03a                	sw	a4,0(sp)
    523c:	cab1                	beqz	a3,5290 <__hexnan+0xb0>
    523e:	8536                	mv	a0,a3
    5240:	c632                	sw	a2,12(sp)
    5242:	c43e                	sw	a5,8(sp)
    5244:	c236                	sw	a3,4(sp)
    5246:	a37ff0ef          	jal	ra,4c7c <__hexdig_fun>
    524a:	4632                	lw	a2,12(sp)
    524c:	e559                	bnez	a0,52da <__hexnan+0xfa>
    524e:	4692                	lw	a3,4(sp)
    5250:	47a2                	lw	a5,8(sp)
    5252:	02dce863          	bltu	s9,a3,5282 <__hexnan+0xa2>
    5256:	037ad463          	bge	s5,s7,527e <__hexnan+0x9e>
    525a:	01b47863          	bgeu	s0,s11,526a <__hexnan+0x8a>
    525e:	00cd4663          	blt	s10,a2,526a <__hexnan+0x8a>
    5262:	85ee                	mv	a1,s11
    5264:	8522                	mv	a0,s0
    5266:	f21ff0ef          	jal	ra,5186 <L_shift>
    526a:	4621                	li	a2,8
    526c:	0089f963          	bgeu	s3,s0,527e <__hexnan+0x9e>
    5270:	ffc40d93          	addi	s11,s0,-4
    5274:	fe042e23          	sw	zero,-4(s0)
    5278:	8ade                	mv	s5,s7
    527a:	846e                	mv	s0,s11
    527c:	4601                	li	a2,0
    527e:	4782                	lw	a5,0(sp)
    5280:	bf55                	j	5234 <__hexnan+0x54>
    5282:	02900593          	li	a1,41
    5286:	08b69c63          	bne	a3,a1,531e <__hexnan+0x13e>
    528a:	0789                	addi	a5,a5,2
    528c:	00fb2023          	sw	a5,0(s6)
    5290:	080b8763          	beqz	s7,531e <__hexnan+0x13e>
    5294:	01b47963          	bgeu	s0,s11,52a6 <__hexnan+0xc6>
    5298:	479d                	li	a5,7
    529a:	00c7c663          	blt	a5,a2,52a6 <__hexnan+0xc6>
    529e:	85ee                	mv	a1,s11
    52a0:	8522                	mv	a0,s0
    52a2:	ee5ff0ef          	jal	ra,5186 <L_shift>
    52a6:	0489fa63          	bgeu	s3,s0,52fa <__hexnan+0x11a>
    52aa:	87ce                	mv	a5,s3
    52ac:	0411                	addi	s0,s0,4
    52ae:	ffc42703          	lw	a4,-4(s0)
    52b2:	0791                	addi	a5,a5,4
    52b4:	fee7ae23          	sw	a4,-4(a5)
    52b8:	fe897ae3          	bgeu	s2,s0,52ac <__hexnan+0xcc>
    52bc:	0791                	addi	a5,a5,4
    52be:	fe07ae23          	sw	zero,-4(a5)
    52c2:	fef97de3          	bgeu	s2,a5,52bc <__hexnan+0xdc>
    52c6:	00092783          	lw	a5,0(s2)
    52ca:	e791                	bnez	a5,52d6 <__hexnan+0xf6>
    52cc:	05391763          	bne	s2,s3,531a <__hexnan+0x13a>
    52d0:	4785                	li	a5,1
    52d2:	00f92023          	sw	a5,0(s2)
    52d6:	4515                	li	a0,5
    52d8:	a0a1                	j	5320 <__hexnan+0x140>
    52da:	0605                	addi	a2,a2,1
    52dc:	0b85                	addi	s7,s7,1
    52de:	00cc5863          	bge	s8,a2,52ee <__hexnan+0x10e>
    52e2:	f889fee3          	bgeu	s3,s0,527e <__hexnan+0x9e>
    52e6:	fe042e23          	sw	zero,-4(s0)
    52ea:	4605                	li	a2,1
    52ec:	1471                	addi	s0,s0,-4
    52ee:	401c                	lw	a5,0(s0)
    52f0:	893d                	andi	a0,a0,15
    52f2:	0792                	slli	a5,a5,0x4
    52f4:	8fc9                	or	a5,a5,a0
    52f6:	c01c                	sw	a5,0(s0)
    52f8:	b759                	j	527e <__hexnan+0x9e>
    52fa:	fc0a06e3          	beqz	s4,52c6 <__hexnan+0xe6>
    52fe:	02000793          	li	a5,32
    5302:	414787b3          	sub	a5,a5,s4
    5306:	5a7d                	li	s4,-1
    5308:	00fa57b3          	srl	a5,s4,a5
    530c:	ffc4aa03          	lw	s4,-4(s1)
    5310:	00fa7a33          	and	s4,s4,a5
    5314:	ff44ae23          	sw	s4,-4(s1)
    5318:	b77d                	j	52c6 <__hexnan+0xe6>
    531a:	1971                	addi	s2,s2,-4
    531c:	b76d                	j	52c6 <__hexnan+0xe6>
    531e:	4511                	li	a0,4
    5320:	40b6                	lw	ra,76(sp)
    5322:	4426                	lw	s0,72(sp)
    5324:	4496                	lw	s1,68(sp)
    5326:	4906                	lw	s2,64(sp)
    5328:	59f2                	lw	s3,60(sp)
    532a:	5a62                	lw	s4,56(sp)
    532c:	5ad2                	lw	s5,52(sp)
    532e:	5b42                	lw	s6,48(sp)
    5330:	5bb2                	lw	s7,44(sp)
    5332:	5c22                	lw	s8,40(sp)
    5334:	5c92                	lw	s9,36(sp)
    5336:	5d02                	lw	s10,32(sp)
    5338:	4df2                	lw	s11,28(sp)
    533a:	6161                	addi	sp,sp,80
    533c:	8082                	ret

0000533e <__locale_ctype_ptr_l>:
    533e:	0ec52503          	lw	a0,236(a0)
    5342:	8082                	ret

00005344 <__localeconv_l>:
    5344:	0f050513          	addi	a0,a0,240
    5348:	8082                	ret

0000534a <__ascii_mbtowc>:
    534a:	ed91                	bnez	a1,5366 <__ascii_mbtowc+0x1c>
    534c:	1141                	addi	sp,sp,-16
    534e:	006c                	addi	a1,sp,12
    5350:	4501                	li	a0,0
    5352:	ca01                	beqz	a2,5362 <__ascii_mbtowc+0x18>
    5354:	5579                	li	a0,-2
    5356:	c691                	beqz	a3,5362 <__ascii_mbtowc+0x18>
    5358:	221c                	lbu	a5,0(a2)
    535a:	c19c                	sw	a5,0(a1)
    535c:	2208                	lbu	a0,0(a2)
    535e:	00a03533          	snez	a0,a0
    5362:	0141                	addi	sp,sp,16
    5364:	8082                	ret
    5366:	4501                	li	a0,0
    5368:	ca09                	beqz	a2,537a <__ascii_mbtowc+0x30>
    536a:	5579                	li	a0,-2
    536c:	c699                	beqz	a3,537a <__ascii_mbtowc+0x30>
    536e:	221c                	lbu	a5,0(a2)
    5370:	c19c                	sw	a5,0(a1)
    5372:	2208                	lbu	a0,0(a2)
    5374:	00a03533          	snez	a0,a0
    5378:	8082                	ret
    537a:	8082                	ret

0000537c <__malloc_lock>:
    537c:	8082                	ret

0000537e <__malloc_unlock>:
    537e:	8082                	ret

00005380 <_Balloc>:
    5380:	515c                	lw	a5,36(a0)
    5382:	1141                	addi	sp,sp,-16
    5384:	c422                	sw	s0,8(sp)
    5386:	c04a                	sw	s2,0(sp)
    5388:	c606                	sw	ra,12(sp)
    538a:	c226                	sw	s1,4(sp)
    538c:	842a                	mv	s0,a0
    538e:	892e                	mv	s2,a1
    5390:	ef89                	bnez	a5,53aa <_Balloc+0x2a>
    5392:	4541                	li	a0,16
    5394:	bdafe0ef          	jal	ra,376e <malloc>
    5398:	d048                	sw	a0,36(s0)
    539a:	00052223          	sw	zero,4(a0)
    539e:	00052423          	sw	zero,8(a0)
    53a2:	00052023          	sw	zero,0(a0)
    53a6:	00052623          	sw	zero,12(a0)
    53aa:	5044                	lw	s1,36(s0)
    53ac:	44dc                	lw	a5,12(s1)
    53ae:	c79d                	beqz	a5,53dc <_Balloc+0x5c>
    53b0:	5058                	lw	a4,36(s0)
    53b2:	00291793          	slli	a5,s2,0x2
    53b6:	4758                	lw	a4,12(a4)
    53b8:	97ba                	add	a5,a5,a4
    53ba:	4388                	lw	a0,0(a5)
    53bc:	e129                	bnez	a0,53fe <_Balloc+0x7e>
    53be:	4485                	li	s1,1
    53c0:	012494b3          	sll	s1,s1,s2
    53c4:	00548613          	addi	a2,s1,5
    53c8:	060a                	slli	a2,a2,0x2
    53ca:	4585                	li	a1,1
    53cc:	8522                	mv	a0,s0
    53ce:	c66fe0ef          	jal	ra,3834 <_calloc_r>
    53d2:	cd19                	beqz	a0,53f0 <_Balloc+0x70>
    53d4:	01252223          	sw	s2,4(a0)
    53d8:	c504                	sw	s1,8(a0)
    53da:	a025                	j	5402 <_Balloc+0x82>
    53dc:	02100613          	li	a2,33
    53e0:	4591                	li	a1,4
    53e2:	8522                	mv	a0,s0
    53e4:	c50fe0ef          	jal	ra,3834 <_calloc_r>
    53e8:	505c                	lw	a5,36(s0)
    53ea:	c4c8                	sw	a0,12(s1)
    53ec:	47dc                	lw	a5,12(a5)
    53ee:	f3e9                	bnez	a5,53b0 <_Balloc+0x30>
    53f0:	4501                	li	a0,0
    53f2:	40b2                	lw	ra,12(sp)
    53f4:	4422                	lw	s0,8(sp)
    53f6:	4492                	lw	s1,4(sp)
    53f8:	4902                	lw	s2,0(sp)
    53fa:	0141                	addi	sp,sp,16
    53fc:	8082                	ret
    53fe:	4118                	lw	a4,0(a0)
    5400:	c398                	sw	a4,0(a5)
    5402:	00052823          	sw	zero,16(a0)
    5406:	00052623          	sw	zero,12(a0)
    540a:	b7e5                	j	53f2 <_Balloc+0x72>

0000540c <_Bfree>:
    540c:	515c                	lw	a5,36(a0)
    540e:	1101                	addi	sp,sp,-32
    5410:	cc22                	sw	s0,24(sp)
    5412:	ce06                	sw	ra,28(sp)
    5414:	842a                	mv	s0,a0
    5416:	ef99                	bnez	a5,5434 <_Bfree+0x28>
    5418:	4541                	li	a0,16
    541a:	c62e                	sw	a1,12(sp)
    541c:	b52fe0ef          	jal	ra,376e <malloc>
    5420:	45b2                	lw	a1,12(sp)
    5422:	d048                	sw	a0,36(s0)
    5424:	00052223          	sw	zero,4(a0)
    5428:	00052423          	sw	zero,8(a0)
    542c:	00052023          	sw	zero,0(a0)
    5430:	00052623          	sw	zero,12(a0)
    5434:	c991                	beqz	a1,5448 <_Bfree+0x3c>
    5436:	5054                	lw	a3,36(s0)
    5438:	41dc                	lw	a5,4(a1)
    543a:	00279713          	slli	a4,a5,0x2
    543e:	46dc                	lw	a5,12(a3)
    5440:	97ba                	add	a5,a5,a4
    5442:	4398                	lw	a4,0(a5)
    5444:	c198                	sw	a4,0(a1)
    5446:	c38c                	sw	a1,0(a5)
    5448:	40f2                	lw	ra,28(sp)
    544a:	4462                	lw	s0,24(sp)
    544c:	6105                	addi	sp,sp,32
    544e:	8082                	ret

00005450 <__multadd>:
    5450:	7179                	addi	sp,sp,-48
    5452:	ce4e                	sw	s3,28(sp)
    5454:	89aa                	mv	s3,a0
    5456:	6541                	lui	a0,0x10
    5458:	d422                	sw	s0,40(sp)
    545a:	d226                	sw	s1,36(sp)
    545c:	842e                	mv	s0,a1
    545e:	4984                	lw	s1,16(a1)
    5460:	d606                	sw	ra,44(sp)
    5462:	d04a                	sw	s2,32(sp)
    5464:	05d1                	addi	a1,a1,20
    5466:	4801                	li	a6,0
    5468:	157d                	addi	a0,a0,-1
    546a:	419c                	lw	a5,0(a1)
    546c:	0591                	addi	a1,a1,4
    546e:	0805                	addi	a6,a6,1
    5470:	00a7f733          	and	a4,a5,a0
    5474:	02c70733          	mul	a4,a4,a2
    5478:	83c1                	srli	a5,a5,0x10
    547a:	02c787b3          	mul	a5,a5,a2
    547e:	9736                	add	a4,a4,a3
    5480:	01075693          	srli	a3,a4,0x10
    5484:	8f69                	and	a4,a4,a0
    5486:	97b6                	add	a5,a5,a3
    5488:	0107d693          	srli	a3,a5,0x10
    548c:	07c2                	slli	a5,a5,0x10
    548e:	97ba                	add	a5,a5,a4
    5490:	fef5ae23          	sw	a5,-4(a1)
    5494:	fc984be3          	blt	a6,s1,546a <__multadd+0x1a>
    5498:	c2a1                	beqz	a3,54d8 <__multadd+0x88>
    549a:	441c                	lw	a5,8(s0)
    549c:	02f4c763          	blt	s1,a5,54ca <__multadd+0x7a>
    54a0:	404c                	lw	a1,4(s0)
    54a2:	854e                	mv	a0,s3
    54a4:	c636                	sw	a3,12(sp)
    54a6:	0585                	addi	a1,a1,1
    54a8:	ed9ff0ef          	jal	ra,5380 <_Balloc>
    54ac:	4810                	lw	a2,16(s0)
    54ae:	00c40593          	addi	a1,s0,12
    54b2:	892a                	mv	s2,a0
    54b4:	0609                	addi	a2,a2,2
    54b6:	060a                	slli	a2,a2,0x2
    54b8:	0531                	addi	a0,a0,12
    54ba:	ac8fe0ef          	jal	ra,3782 <memcpy>
    54be:	85a2                	mv	a1,s0
    54c0:	854e                	mv	a0,s3
    54c2:	f4bff0ef          	jal	ra,540c <_Bfree>
    54c6:	46b2                	lw	a3,12(sp)
    54c8:	844a                	mv	s0,s2
    54ca:	00448793          	addi	a5,s1,4
    54ce:	078a                	slli	a5,a5,0x2
    54d0:	97a2                	add	a5,a5,s0
    54d2:	c3d4                	sw	a3,4(a5)
    54d4:	0485                	addi	s1,s1,1
    54d6:	c804                	sw	s1,16(s0)
    54d8:	8522                	mv	a0,s0
    54da:	50b2                	lw	ra,44(sp)
    54dc:	5422                	lw	s0,40(sp)
    54de:	5492                	lw	s1,36(sp)
    54e0:	5902                	lw	s2,32(sp)
    54e2:	49f2                	lw	s3,28(sp)
    54e4:	6145                	addi	sp,sp,48
    54e6:	8082                	ret

000054e8 <__s2b>:
    54e8:	7179                	addi	sp,sp,-48
    54ea:	00868793          	addi	a5,a3,8
    54ee:	cc52                	sw	s4,24(sp)
    54f0:	8a36                	mv	s4,a3
    54f2:	46a5                	li	a3,9
    54f4:	d422                	sw	s0,40(sp)
    54f6:	d226                	sw	s1,36(sp)
    54f8:	ce4e                	sw	s3,28(sp)
    54fa:	842e                	mv	s0,a1
    54fc:	02d7c7b3          	div	a5,a5,a3
    5500:	d606                	sw	ra,44(sp)
    5502:	d04a                	sw	s2,32(sp)
    5504:	ca56                	sw	s5,20(sp)
    5506:	89aa                	mv	s3,a0
    5508:	84b2                	mv	s1,a2
    550a:	4685                	li	a3,1
    550c:	4581                	li	a1,0
    550e:	04f6cc63          	blt	a3,a5,5566 <__s2b+0x7e>
    5512:	854e                	mv	a0,s3
    5514:	c63a                	sw	a4,12(sp)
    5516:	e6bff0ef          	jal	ra,5380 <_Balloc>
    551a:	4732                	lw	a4,12(sp)
    551c:	4785                	li	a5,1
    551e:	c91c                	sw	a5,16(a0)
    5520:	c958                	sw	a4,20(a0)
    5522:	47a5                	li	a5,9
    5524:	0497d463          	bge	a5,s1,556c <__s2b+0x84>
    5528:	00940a93          	addi	s5,s0,9
    552c:	8956                	mv	s2,s5
    552e:	9426                	add	s0,s0,s1
    5530:	0905                	addi	s2,s2,1
    5532:	fff94683          	lbu	a3,-1(s2)
    5536:	85aa                	mv	a1,a0
    5538:	4629                	li	a2,10
    553a:	fd068693          	addi	a3,a3,-48
    553e:	854e                	mv	a0,s3
    5540:	f11ff0ef          	jal	ra,5450 <__multadd>
    5544:	fe8916e3          	bne	s2,s0,5530 <__s2b+0x48>
    5548:	ff848413          	addi	s0,s1,-8
    554c:	9456                	add	s0,s0,s5
    554e:	8926                	mv	s2,s1
    5550:	03494163          	blt	s2,s4,5572 <__s2b+0x8a>
    5554:	50b2                	lw	ra,44(sp)
    5556:	5422                	lw	s0,40(sp)
    5558:	5492                	lw	s1,36(sp)
    555a:	5902                	lw	s2,32(sp)
    555c:	49f2                	lw	s3,28(sp)
    555e:	4a62                	lw	s4,24(sp)
    5560:	4ad2                	lw	s5,20(sp)
    5562:	6145                	addi	sp,sp,48
    5564:	8082                	ret
    5566:	0686                	slli	a3,a3,0x1
    5568:	0585                	addi	a1,a1,1
    556a:	b755                	j	550e <__s2b+0x26>
    556c:	0429                	addi	s0,s0,10
    556e:	44a5                	li	s1,9
    5570:	bff9                	j	554e <__s2b+0x66>
    5572:	409907b3          	sub	a5,s2,s1
    5576:	97a2                	add	a5,a5,s0
    5578:	2394                	lbu	a3,0(a5)
    557a:	85aa                	mv	a1,a0
    557c:	4629                	li	a2,10
    557e:	fd068693          	addi	a3,a3,-48
    5582:	854e                	mv	a0,s3
    5584:	ecdff0ef          	jal	ra,5450 <__multadd>
    5588:	0905                	addi	s2,s2,1
    558a:	b7d9                	j	5550 <__s2b+0x68>

0000558c <__hi0bits>:
    558c:	7741                	lui	a4,0xffff0
    558e:	8f69                	and	a4,a4,a0
    5590:	87aa                	mv	a5,a0
    5592:	4501                	li	a0,0
    5594:	e319                	bnez	a4,559a <__hi0bits+0xe>
    5596:	07c2                	slli	a5,a5,0x10
    5598:	4541                	li	a0,16
    559a:	ff000737          	lui	a4,0xff000
    559e:	8f7d                	and	a4,a4,a5
    55a0:	e319                	bnez	a4,55a6 <__hi0bits+0x1a>
    55a2:	0521                	addi	a0,a0,8
    55a4:	07a2                	slli	a5,a5,0x8
    55a6:	f0000737          	lui	a4,0xf0000
    55aa:	8f7d                	and	a4,a4,a5
    55ac:	e319                	bnez	a4,55b2 <__hi0bits+0x26>
    55ae:	0511                	addi	a0,a0,4
    55b0:	0792                	slli	a5,a5,0x4
    55b2:	c0000737          	lui	a4,0xc0000
    55b6:	8f7d                	and	a4,a4,a5
    55b8:	e319                	bnez	a4,55be <__hi0bits+0x32>
    55ba:	0509                	addi	a0,a0,2
    55bc:	078a                	slli	a5,a5,0x2
    55be:	0007c963          	bltz	a5,55d0 <__hi0bits+0x44>
    55c2:	00179713          	slli	a4,a5,0x1
    55c6:	0505                	addi	a0,a0,1
    55c8:	00074463          	bltz	a4,55d0 <__hi0bits+0x44>
    55cc:	02000513          	li	a0,32
    55d0:	8082                	ret

000055d2 <__lo0bits>:
    55d2:	411c                	lw	a5,0(a0)
    55d4:	0077f713          	andi	a4,a5,7
    55d8:	c30d                	beqz	a4,55fa <__lo0bits+0x28>
    55da:	0017f693          	andi	a3,a5,1
    55de:	4701                	li	a4,0
    55e0:	e699                	bnez	a3,55ee <__lo0bits+0x1c>
    55e2:	0027f713          	andi	a4,a5,2
    55e6:	c711                	beqz	a4,55f2 <__lo0bits+0x20>
    55e8:	8385                	srli	a5,a5,0x1
    55ea:	c11c                	sw	a5,0(a0)
    55ec:	4705                	li	a4,1
    55ee:	853a                	mv	a0,a4
    55f0:	8082                	ret
    55f2:	8389                	srli	a5,a5,0x2
    55f4:	c11c                	sw	a5,0(a0)
    55f6:	4709                	li	a4,2
    55f8:	bfdd                	j	55ee <__lo0bits+0x1c>
    55fa:	01079693          	slli	a3,a5,0x10
    55fe:	82c1                	srli	a3,a3,0x10
    5600:	4701                	li	a4,0
    5602:	e299                	bnez	a3,5608 <__lo0bits+0x36>
    5604:	83c1                	srli	a5,a5,0x10
    5606:	4741                	li	a4,16
    5608:	0ff7f693          	andi	a3,a5,255
    560c:	e299                	bnez	a3,5612 <__lo0bits+0x40>
    560e:	0721                	addi	a4,a4,8
    5610:	83a1                	srli	a5,a5,0x8
    5612:	00f7f693          	andi	a3,a5,15
    5616:	e299                	bnez	a3,561c <__lo0bits+0x4a>
    5618:	0711                	addi	a4,a4,4
    561a:	8391                	srli	a5,a5,0x4
    561c:	0037f693          	andi	a3,a5,3
    5620:	e299                	bnez	a3,5626 <__lo0bits+0x54>
    5622:	0709                	addi	a4,a4,2
    5624:	8389                	srli	a5,a5,0x2
    5626:	0017f693          	andi	a3,a5,1
    562a:	e681                	bnez	a3,5632 <__lo0bits+0x60>
    562c:	8385                	srli	a5,a5,0x1
    562e:	0705                	addi	a4,a4,1
    5630:	c399                	beqz	a5,5636 <__lo0bits+0x64>
    5632:	c11c                	sw	a5,0(a0)
    5634:	bf6d                	j	55ee <__lo0bits+0x1c>
    5636:	02000713          	li	a4,32
    563a:	bf55                	j	55ee <__lo0bits+0x1c>

0000563c <__i2b>:
    563c:	1141                	addi	sp,sp,-16
    563e:	c422                	sw	s0,8(sp)
    5640:	842e                	mv	s0,a1
    5642:	4585                	li	a1,1
    5644:	c606                	sw	ra,12(sp)
    5646:	d3bff0ef          	jal	ra,5380 <_Balloc>
    564a:	c940                	sw	s0,20(a0)
    564c:	40b2                	lw	ra,12(sp)
    564e:	4422                	lw	s0,8(sp)
    5650:	4705                	li	a4,1
    5652:	c918                	sw	a4,16(a0)
    5654:	0141                	addi	sp,sp,16
    5656:	8082                	ret

00005658 <__multiply>:
    5658:	4998                	lw	a4,16(a1)
    565a:	4a1c                	lw	a5,16(a2)
    565c:	7179                	addi	sp,sp,-48
    565e:	d226                	sw	s1,36(sp)
    5660:	d606                	sw	ra,44(sp)
    5662:	d422                	sw	s0,40(sp)
    5664:	d04a                	sw	s2,32(sp)
    5666:	ce4e                	sw	s3,28(sp)
    5668:	84ae                	mv	s1,a1
    566a:	00f75463          	bge	a4,a5,5672 <__multiply+0x1a>
    566e:	84b2                	mv	s1,a2
    5670:	862e                	mv	a2,a1
    5672:	0104a983          	lw	s3,16(s1)
    5676:	01062903          	lw	s2,16(a2)
    567a:	449c                	lw	a5,8(s1)
    567c:	40cc                	lw	a1,4(s1)
    567e:	01298433          	add	s0,s3,s2
    5682:	0087d363          	bge	a5,s0,5688 <__multiply+0x30>
    5686:	0585                	addi	a1,a1,1
    5688:	c632                	sw	a2,12(sp)
    568a:	cf7ff0ef          	jal	ra,5380 <_Balloc>
    568e:	4632                	lw	a2,12(sp)
    5690:	01450813          	addi	a6,a0,20 # 10014 <_data_lma+0x68f0>
    5694:	00241313          	slli	t1,s0,0x2
    5698:	9342                	add	t1,t1,a6
    569a:	87c2                	mv	a5,a6
    569c:	0267ed63          	bltu	a5,t1,56d6 <__multiply+0x7e>
    56a0:	01448593          	addi	a1,s1,20
    56a4:	00299893          	slli	a7,s3,0x2
    56a8:	0651                	addi	a2,a2,20
    56aa:	00291e13          	slli	t3,s2,0x2
    56ae:	66c1                	lui	a3,0x10
    56b0:	98ae                	add	a7,a7,a1
    56b2:	9e32                	add	t3,t3,a2
    56b4:	16fd                	addi	a3,a3,-1
    56b6:	03c66463          	bltu	a2,t3,56de <__multiply+0x86>
    56ba:	00805663          	blez	s0,56c6 <__multiply+0x6e>
    56be:	1371                	addi	t1,t1,-4
    56c0:	00032783          	lw	a5,0(t1)
    56c4:	cbf1                	beqz	a5,5798 <__multiply+0x140>
    56c6:	c900                	sw	s0,16(a0)
    56c8:	50b2                	lw	ra,44(sp)
    56ca:	5422                	lw	s0,40(sp)
    56cc:	5492                	lw	s1,36(sp)
    56ce:	5902                	lw	s2,32(sp)
    56d0:	49f2                	lw	s3,28(sp)
    56d2:	6145                	addi	sp,sp,48
    56d4:	8082                	ret
    56d6:	0007a023          	sw	zero,0(a5)
    56da:	0791                	addi	a5,a5,4
    56dc:	b7c1                	j	569c <__multiply+0x44>
    56de:	00062f83          	lw	t6,0(a2)
    56e2:	00dfffb3          	and	t6,t6,a3
    56e6:	040f8a63          	beqz	t6,573a <__multiply+0xe2>
    56ea:	8f42                	mv	t5,a6
    56ec:	82ae                	mv	t0,a1
    56ee:	4481                	li	s1,0
    56f0:	0002a703          	lw	a4,0(t0)
    56f4:	000f2383          	lw	t2,0(t5)
    56f8:	0f11                	addi	t5,t5,4
    56fa:	00d77eb3          	and	t4,a4,a3
    56fe:	03fe8eb3          	mul	t4,t4,t6
    5702:	00d3f7b3          	and	a5,t2,a3
    5706:	0103d393          	srli	t2,t2,0x10
    570a:	0291                	addi	t0,t0,4
    570c:	9ebe                	add	t4,t4,a5
    570e:	01075793          	srli	a5,a4,0x10
    5712:	03f787b3          	mul	a5,a5,t6
    5716:	9ea6                	add	t4,t4,s1
    5718:	010ed713          	srli	a4,t4,0x10
    571c:	00defeb3          	and	t4,t4,a3
    5720:	979e                	add	a5,a5,t2
    5722:	97ba                	add	a5,a5,a4
    5724:	0107d493          	srli	s1,a5,0x10
    5728:	07c2                	slli	a5,a5,0x10
    572a:	01d7e7b3          	or	a5,a5,t4
    572e:	feff2e23          	sw	a5,-4(t5)
    5732:	fb12efe3          	bltu	t0,a7,56f0 <__multiply+0x98>
    5736:	009f2023          	sw	s1,0(t5)
    573a:	00265283          	lhu	t0,2(a2)
    573e:	04028a63          	beqz	t0,5792 <__multiply+0x13a>
    5742:	00082783          	lw	a5,0(a6)
    5746:	8ec2                	mv	t4,a6
    5748:	8f2e                	mv	t5,a1
    574a:	4f81                	li	t6,0
    574c:	000f2703          	lw	a4,0(t5)
    5750:	002ed383          	lhu	t2,2(t4)
    5754:	8ff5                	and	a5,a5,a3
    5756:	8f75                	and	a4,a4,a3
    5758:	02570733          	mul	a4,a4,t0
    575c:	0e91                	addi	t4,t4,4
    575e:	0f11                	addi	t5,t5,4
    5760:	971e                	add	a4,a4,t2
    5762:	977e                	add	a4,a4,t6
    5764:	01071f93          	slli	t6,a4,0x10
    5768:	00ffe7b3          	or	a5,t6,a5
    576c:	fefeae23          	sw	a5,-4(t4)
    5770:	ffef5783          	lhu	a5,-2(t5)
    5774:	000eaf83          	lw	t6,0(t4)
    5778:	8341                	srli	a4,a4,0x10
    577a:	025787b3          	mul	a5,a5,t0
    577e:	00dfffb3          	and	t6,t6,a3
    5782:	97fe                	add	a5,a5,t6
    5784:	97ba                	add	a5,a5,a4
    5786:	0107df93          	srli	t6,a5,0x10
    578a:	fd1f61e3          	bltu	t5,a7,574c <__multiply+0xf4>
    578e:	00fea023          	sw	a5,0(t4)
    5792:	0611                	addi	a2,a2,4
    5794:	0811                	addi	a6,a6,4
    5796:	b705                	j	56b6 <__multiply+0x5e>
    5798:	147d                	addi	s0,s0,-1
    579a:	b705                	j	56ba <__multiply+0x62>

0000579c <__pow5mult>:
    579c:	1101                	addi	sp,sp,-32
    579e:	ca26                	sw	s1,20(sp)
    57a0:	c84a                	sw	s2,16(sp)
    57a2:	c64e                	sw	s3,12(sp)
    57a4:	ce06                	sw	ra,28(sp)
    57a6:	cc22                	sw	s0,24(sp)
    57a8:	c452                	sw	s4,8(sp)
    57aa:	00367793          	andi	a5,a2,3
    57ae:	892a                	mv	s2,a0
    57b0:	84b2                	mv	s1,a2
    57b2:	89ae                	mv	s3,a1
    57b4:	cf89                	beqz	a5,57ce <__pow5mult+0x32>
    57b6:	17fd                	addi	a5,a5,-1
    57b8:	00004717          	auipc	a4,0x4
    57bc:	da070713          	addi	a4,a4,-608 # 9558 <p05.3319>
    57c0:	078a                	slli	a5,a5,0x2
    57c2:	97ba                	add	a5,a5,a4
    57c4:	4390                	lw	a2,0(a5)
    57c6:	4681                	li	a3,0
    57c8:	c89ff0ef          	jal	ra,5450 <__multadd>
    57cc:	89aa                	mv	s3,a0
    57ce:	8489                	srai	s1,s1,0x2
    57d0:	cca5                	beqz	s1,5848 <__pow5mult+0xac>
    57d2:	02492783          	lw	a5,36(s2)
    57d6:	ef91                	bnez	a5,57f2 <__pow5mult+0x56>
    57d8:	4541                	li	a0,16
    57da:	f95fd0ef          	jal	ra,376e <malloc>
    57de:	02a92223          	sw	a0,36(s2)
    57e2:	00052223          	sw	zero,4(a0)
    57e6:	00052423          	sw	zero,8(a0)
    57ea:	00052023          	sw	zero,0(a0)
    57ee:	00052623          	sw	zero,12(a0)
    57f2:	02492a03          	lw	s4,36(s2)
    57f6:	008a2403          	lw	s0,8(s4)
    57fa:	e819                	bnez	s0,5810 <__pow5mult+0x74>
    57fc:	27100593          	li	a1,625
    5800:	854a                	mv	a0,s2
    5802:	e3bff0ef          	jal	ra,563c <__i2b>
    5806:	00aa2423          	sw	a0,8(s4)
    580a:	842a                	mv	s0,a0
    580c:	00052023          	sw	zero,0(a0)
    5810:	0014f793          	andi	a5,s1,1
    5814:	cf81                	beqz	a5,582c <__pow5mult+0x90>
    5816:	85ce                	mv	a1,s3
    5818:	8622                	mv	a2,s0
    581a:	854a                	mv	a0,s2
    581c:	e3dff0ef          	jal	ra,5658 <__multiply>
    5820:	8a2a                	mv	s4,a0
    5822:	85ce                	mv	a1,s3
    5824:	854a                	mv	a0,s2
    5826:	be7ff0ef          	jal	ra,540c <_Bfree>
    582a:	89d2                	mv	s3,s4
    582c:	8485                	srai	s1,s1,0x1
    582e:	cc89                	beqz	s1,5848 <__pow5mult+0xac>
    5830:	4008                	lw	a0,0(s0)
    5832:	e909                	bnez	a0,5844 <__pow5mult+0xa8>
    5834:	8622                	mv	a2,s0
    5836:	85a2                	mv	a1,s0
    5838:	854a                	mv	a0,s2
    583a:	e1fff0ef          	jal	ra,5658 <__multiply>
    583e:	c008                	sw	a0,0(s0)
    5840:	00052023          	sw	zero,0(a0)
    5844:	842a                	mv	s0,a0
    5846:	b7e9                	j	5810 <__pow5mult+0x74>
    5848:	40f2                	lw	ra,28(sp)
    584a:	4462                	lw	s0,24(sp)
    584c:	854e                	mv	a0,s3
    584e:	44d2                	lw	s1,20(sp)
    5850:	4942                	lw	s2,16(sp)
    5852:	49b2                	lw	s3,12(sp)
    5854:	4a22                	lw	s4,8(sp)
    5856:	6105                	addi	sp,sp,32
    5858:	8082                	ret

0000585a <__lshift>:
    585a:	7179                	addi	sp,sp,-48
    585c:	d226                	sw	s1,36(sp)
    585e:	84ae                	mv	s1,a1
    5860:	ce4e                	sw	s3,28(sp)
    5862:	0104a983          	lw	s3,16(s1)
    5866:	d422                	sw	s0,40(sp)
    5868:	41cc                	lw	a1,4(a1)
    586a:	40565413          	srai	s0,a2,0x5
    586e:	449c                	lw	a5,8(s1)
    5870:	99a2                	add	s3,s3,s0
    5872:	d04a                	sw	s2,32(sp)
    5874:	ca56                	sw	s5,20(sp)
    5876:	d606                	sw	ra,44(sp)
    5878:	cc52                	sw	s4,24(sp)
    587a:	8aaa                	mv	s5,a0
    587c:	00198913          	addi	s2,s3,1
    5880:	0927c463          	blt	a5,s2,5908 <__lshift+0xae>
    5884:	8556                	mv	a0,s5
    5886:	c632                	sw	a2,12(sp)
    5888:	af9ff0ef          	jal	ra,5380 <_Balloc>
    588c:	4632                	lw	a2,12(sp)
    588e:	01450793          	addi	a5,a0,20
    5892:	8a2a                	mv	s4,a0
    5894:	86be                	mv	a3,a5
    5896:	4701                	li	a4,0
    5898:	0691                	addi	a3,a3,4
    589a:	06874a63          	blt	a4,s0,590e <__lshift+0xb4>
    589e:	00045363          	bgez	s0,58a4 <__lshift+0x4a>
    58a2:	4401                	li	s0,0
    58a4:	4894                	lw	a3,16(s1)
    58a6:	040a                	slli	s0,s0,0x2
    58a8:	00878733          	add	a4,a5,s0
    58ac:	068a                	slli	a3,a3,0x2
    58ae:	01448793          	addi	a5,s1,20
    58b2:	8a7d                	andi	a2,a2,31
    58b4:	96be                	add	a3,a3,a5
    58b6:	c225                	beqz	a2,5916 <__lshift+0xbc>
    58b8:	02000813          	li	a6,32
    58bc:	40c80833          	sub	a6,a6,a2
    58c0:	4581                	li	a1,0
    58c2:	4388                	lw	a0,0(a5)
    58c4:	0711                	addi	a4,a4,4
    58c6:	0791                	addi	a5,a5,4
    58c8:	00c51533          	sll	a0,a0,a2
    58cc:	8dc9                	or	a1,a1,a0
    58ce:	feb72e23          	sw	a1,-4(a4)
    58d2:	ffc7a583          	lw	a1,-4(a5)
    58d6:	0105d5b3          	srl	a1,a1,a6
    58da:	fed7e4e3          	bltu	a5,a3,58c2 <__lshift+0x68>
    58de:	c30c                	sw	a1,0(a4)
    58e0:	c199                	beqz	a1,58e6 <__lshift+0x8c>
    58e2:	00298913          	addi	s2,s3,2
    58e6:	197d                	addi	s2,s2,-1
    58e8:	012a2823          	sw	s2,16(s4)
    58ec:	8556                	mv	a0,s5
    58ee:	85a6                	mv	a1,s1
    58f0:	b1dff0ef          	jal	ra,540c <_Bfree>
    58f4:	50b2                	lw	ra,44(sp)
    58f6:	5422                	lw	s0,40(sp)
    58f8:	8552                	mv	a0,s4
    58fa:	5492                	lw	s1,36(sp)
    58fc:	5902                	lw	s2,32(sp)
    58fe:	49f2                	lw	s3,28(sp)
    5900:	4a62                	lw	s4,24(sp)
    5902:	4ad2                	lw	s5,20(sp)
    5904:	6145                	addi	sp,sp,48
    5906:	8082                	ret
    5908:	0585                	addi	a1,a1,1
    590a:	0786                	slli	a5,a5,0x1
    590c:	bf95                	j	5880 <__lshift+0x26>
    590e:	fe06ae23          	sw	zero,-4(a3) # fffc <_data_lma+0x68d8>
    5912:	0705                	addi	a4,a4,1
    5914:	b751                	j	5898 <__lshift+0x3e>
    5916:	0791                	addi	a5,a5,4
    5918:	ffc7a603          	lw	a2,-4(a5)
    591c:	0711                	addi	a4,a4,4
    591e:	fec72e23          	sw	a2,-4(a4)
    5922:	fed7eae3          	bltu	a5,a3,5916 <__lshift+0xbc>
    5926:	b7c1                	j	58e6 <__lshift+0x8c>

00005928 <__mcmp>:
    5928:	491c                	lw	a5,16(a0)
    592a:	4998                	lw	a4,16(a1)
    592c:	8f99                	sub	a5,a5,a4
    592e:	e38d                	bnez	a5,5950 <__mcmp+0x28>
    5930:	070a                	slli	a4,a4,0x2
    5932:	0551                	addi	a0,a0,20
    5934:	05d1                	addi	a1,a1,20
    5936:	00e506b3          	add	a3,a0,a4
    593a:	95ba                	add	a1,a1,a4
    593c:	16f1                	addi	a3,a3,-4
    593e:	15f1                	addi	a1,a1,-4
    5940:	4290                	lw	a2,0(a3)
    5942:	4198                	lw	a4,0(a1)
    5944:	00e60863          	beq	a2,a4,5954 <__mcmp+0x2c>
    5948:	57fd                	li	a5,-1
    594a:	00e66363          	bltu	a2,a4,5950 <__mcmp+0x28>
    594e:	4785                	li	a5,1
    5950:	853e                	mv	a0,a5
    5952:	8082                	ret
    5954:	fed564e3          	bltu	a0,a3,593c <__mcmp+0x14>
    5958:	bfe5                	j	5950 <__mcmp+0x28>

0000595a <__mdiff>:
    595a:	1101                	addi	sp,sp,-32
    595c:	ca26                	sw	s1,20(sp)
    595e:	84ae                	mv	s1,a1
    5960:	c64e                	sw	s3,12(sp)
    5962:	85b2                	mv	a1,a2
    5964:	89aa                	mv	s3,a0
    5966:	8526                	mv	a0,s1
    5968:	cc22                	sw	s0,24(sp)
    596a:	ce06                	sw	ra,28(sp)
    596c:	c84a                	sw	s2,16(sp)
    596e:	8432                	mv	s0,a2
    5970:	fb9ff0ef          	jal	ra,5928 <__mcmp>
    5974:	e105                	bnez	a0,5994 <__mdiff+0x3a>
    5976:	4581                	li	a1,0
    5978:	854e                	mv	a0,s3
    597a:	a07ff0ef          	jal	ra,5380 <_Balloc>
    597e:	4785                	li	a5,1
    5980:	c91c                	sw	a5,16(a0)
    5982:	00052a23          	sw	zero,20(a0)
    5986:	40f2                	lw	ra,28(sp)
    5988:	4462                	lw	s0,24(sp)
    598a:	44d2                	lw	s1,20(sp)
    598c:	4942                	lw	s2,16(sp)
    598e:	49b2                	lw	s3,12(sp)
    5990:	6105                	addi	sp,sp,32
    5992:	8082                	ret
    5994:	4905                	li	s2,1
    5996:	00054663          	bltz	a0,59a2 <__mdiff+0x48>
    599a:	87a2                	mv	a5,s0
    599c:	4901                	li	s2,0
    599e:	8426                	mv	s0,s1
    59a0:	84be                	mv	s1,a5
    59a2:	404c                	lw	a1,4(s0)
    59a4:	854e                	mv	a0,s3
    59a6:	9dbff0ef          	jal	ra,5380 <_Balloc>
    59aa:	01042303          	lw	t1,16(s0)
    59ae:	0104a883          	lw	a7,16(s1)
    59b2:	01440613          	addi	a2,s0,20
    59b6:	00231e13          	slli	t3,t1,0x2
    59ba:	01448813          	addi	a6,s1,20
    59be:	088a                	slli	a7,a7,0x2
    59c0:	6ec1                	lui	t4,0x10
    59c2:	01252623          	sw	s2,12(a0)
    59c6:	9e32                	add	t3,t3,a2
    59c8:	98c2                	add	a7,a7,a6
    59ca:	01450693          	addi	a3,a0,20
    59ce:	4f01                	li	t5,0
    59d0:	1efd                	addi	t4,t4,-1
    59d2:	4218                	lw	a4,0(a2)
    59d4:	00082f83          	lw	t6,0(a6)
    59d8:	0691                	addi	a3,a3,4
    59da:	01d775b3          	and	a1,a4,t4
    59de:	01dff7b3          	and	a5,t6,t4
    59e2:	95fa                	add	a1,a1,t5
    59e4:	8d9d                	sub	a1,a1,a5
    59e6:	010fdf93          	srli	t6,t6,0x10
    59ea:	01075793          	srli	a5,a4,0x10
    59ee:	41f787b3          	sub	a5,a5,t6
    59f2:	4105d713          	srai	a4,a1,0x10
    59f6:	97ba                	add	a5,a5,a4
    59f8:	4107df13          	srai	t5,a5,0x10
    59fc:	01d5f5b3          	and	a1,a1,t4
    5a00:	07c2                	slli	a5,a5,0x10
    5a02:	8fcd                	or	a5,a5,a1
    5a04:	0811                	addi	a6,a6,4
    5a06:	fef6ae23          	sw	a5,-4(a3)
    5a0a:	0611                	addi	a2,a2,4
    5a0c:	fd1863e3          	bltu	a6,a7,59d2 <__mdiff+0x78>
    5a10:	65c1                	lui	a1,0x10
    5a12:	15fd                	addi	a1,a1,-1
    5a14:	01c66863          	bltu	a2,t3,5a24 <__mdiff+0xca>
    5a18:	16f1                	addi	a3,a3,-4
    5a1a:	429c                	lw	a5,0(a3)
    5a1c:	c795                	beqz	a5,5a48 <__mdiff+0xee>
    5a1e:	00652823          	sw	t1,16(a0)
    5a22:	b795                	j	5986 <__mdiff+0x2c>
    5a24:	421c                	lw	a5,0(a2)
    5a26:	0691                	addi	a3,a3,4
    5a28:	0611                	addi	a2,a2,4
    5a2a:	00b7f733          	and	a4,a5,a1
    5a2e:	977a                	add	a4,a4,t5
    5a30:	41075813          	srai	a6,a4,0x10
    5a34:	83c1                	srli	a5,a5,0x10
    5a36:	97c2                	add	a5,a5,a6
    5a38:	4107df13          	srai	t5,a5,0x10
    5a3c:	8f6d                	and	a4,a4,a1
    5a3e:	07c2                	slli	a5,a5,0x10
    5a40:	8fd9                	or	a5,a5,a4
    5a42:	fef6ae23          	sw	a5,-4(a3)
    5a46:	b7f9                	j	5a14 <__mdiff+0xba>
    5a48:	137d                	addi	t1,t1,-1
    5a4a:	b7f9                	j	5a18 <__mdiff+0xbe>

00005a4c <__ulp>:
    5a4c:	7ff007b7          	lui	a5,0x7ff00
    5a50:	8dfd                	and	a1,a1,a5
    5a52:	fcc007b7          	lui	a5,0xfcc00
    5a56:	95be                	add	a1,a1,a5
    5a58:	00b05563          	blez	a1,5a62 <__ulp+0x16>
    5a5c:	4781                	li	a5,0
    5a5e:	853e                	mv	a0,a5
    5a60:	8082                	ret
    5a62:	40b005b3          	neg	a1,a1
    5a66:	4145d793          	srai	a5,a1,0x14
    5a6a:	474d                	li	a4,19
    5a6c:	00f74763          	blt	a4,a5,5a7a <__ulp+0x2e>
    5a70:	000805b7          	lui	a1,0x80
    5a74:	40f5d5b3          	sra	a1,a1,a5
    5a78:	b7d5                	j	5a5c <__ulp+0x10>
    5a7a:	fec78713          	addi	a4,a5,-20 # fcbfffec <_eusrstack+0xdcbfafec>
    5a7e:	46f9                	li	a3,30
    5a80:	4581                	li	a1,0
    5a82:	4785                	li	a5,1
    5a84:	fce6cde3          	blt	a3,a4,5a5e <__ulp+0x12>
    5a88:	800007b7          	lui	a5,0x80000
    5a8c:	00e7d7b3          	srl	a5,a5,a4
    5a90:	b7f9                	j	5a5e <__ulp+0x12>

00005a92 <__b2d>:
    5a92:	7179                	addi	sp,sp,-48
    5a94:	d226                	sw	s1,36(sp)
    5a96:	4904                	lw	s1,16(a0)
    5a98:	ce4e                	sw	s3,28(sp)
    5a9a:	01450993          	addi	s3,a0,20
    5a9e:	048a                	slli	s1,s1,0x2
    5aa0:	94ce                	add	s1,s1,s3
    5aa2:	d422                	sw	s0,40(sp)
    5aa4:	ffc4a403          	lw	s0,-4(s1)
    5aa8:	d04a                	sw	s2,32(sp)
    5aaa:	c62e                	sw	a1,12(sp)
    5aac:	8522                	mv	a0,s0
    5aae:	d606                	sw	ra,44(sp)
    5ab0:	addff0ef          	jal	ra,558c <__hi0bits>
    5ab4:	45b2                	lw	a1,12(sp)
    5ab6:	02000793          	li	a5,32
    5aba:	8f89                	sub	a5,a5,a0
    5abc:	c19c                	sw	a5,0(a1)
    5abe:	47a9                	li	a5,10
    5ac0:	ffc48913          	addi	s2,s1,-4
    5ac4:	02a7cd63          	blt	a5,a0,5afe <__b2d+0x6c>
    5ac8:	47ad                	li	a5,11
    5aca:	8f89                	sub	a5,a5,a0
    5acc:	3ff00737          	lui	a4,0x3ff00
    5ad0:	00f456b3          	srl	a3,s0,a5
    5ad4:	8ed9                	or	a3,a3,a4
    5ad6:	4701                	li	a4,0
    5ad8:	0129f463          	bgeu	s3,s2,5ae0 <__b2d+0x4e>
    5adc:	ff84a703          	lw	a4,-8(s1)
    5ae0:	0555                	addi	a0,a0,21
    5ae2:	00a41533          	sll	a0,s0,a0
    5ae6:	00f757b3          	srl	a5,a4,a5
    5aea:	8fc9                	or	a5,a5,a0
    5aec:	50b2                	lw	ra,44(sp)
    5aee:	5422                	lw	s0,40(sp)
    5af0:	5492                	lw	s1,36(sp)
    5af2:	5902                	lw	s2,32(sp)
    5af4:	49f2                	lw	s3,28(sp)
    5af6:	853e                	mv	a0,a5
    5af8:	85b6                	mv	a1,a3
    5afa:	6145                	addi	sp,sp,48
    5afc:	8082                	ret
    5afe:	4781                	li	a5,0
    5b00:	0129f663          	bgeu	s3,s2,5b0c <__b2d+0x7a>
    5b04:	ff84a783          	lw	a5,-8(s1)
    5b08:	ff848913          	addi	s2,s1,-8
    5b0c:	1555                	addi	a0,a0,-11
    5b0e:	c905                	beqz	a0,5b3e <__b2d+0xac>
    5b10:	02000713          	li	a4,32
    5b14:	40a70633          	sub	a2,a4,a0
    5b18:	00c7d733          	srl	a4,a5,a2
    5b1c:	00a41433          	sll	s0,s0,a0
    5b20:	8c59                	or	s0,s0,a4
    5b22:	3ff006b7          	lui	a3,0x3ff00
    5b26:	8ec1                	or	a3,a3,s0
    5b28:	4701                	li	a4,0
    5b2a:	0129f463          	bgeu	s3,s2,5b32 <__b2d+0xa0>
    5b2e:	ffc92703          	lw	a4,-4(s2)
    5b32:	00a797b3          	sll	a5,a5,a0
    5b36:	00c75733          	srl	a4,a4,a2
    5b3a:	8fd9                	or	a5,a5,a4
    5b3c:	bf45                	j	5aec <__b2d+0x5a>
    5b3e:	3ff006b7          	lui	a3,0x3ff00
    5b42:	8ec1                	or	a3,a3,s0
    5b44:	b765                	j	5aec <__b2d+0x5a>

00005b46 <__d2b>:
    5b46:	7179                	addi	sp,sp,-48
    5b48:	d422                	sw	s0,40(sp)
    5b4a:	842e                	mv	s0,a1
    5b4c:	4585                	li	a1,1
    5b4e:	d226                	sw	s1,36(sp)
    5b50:	d04a                	sw	s2,32(sp)
    5b52:	84b2                	mv	s1,a2
    5b54:	ce4e                	sw	s3,28(sp)
    5b56:	cc52                	sw	s4,24(sp)
    5b58:	893a                	mv	s2,a4
    5b5a:	d606                	sw	ra,44(sp)
    5b5c:	8a36                	mv	s4,a3
    5b5e:	823ff0ef          	jal	ra,5380 <_Balloc>
    5b62:	00100737          	lui	a4,0x100
    5b66:	fff70793          	addi	a5,a4,-1 # fffff <_data_lma+0xf68db>
    5b6a:	8fe5                	and	a5,a5,s1
    5b6c:	80d1                	srli	s1,s1,0x14
    5b6e:	7ff4f493          	andi	s1,s1,2047
    5b72:	89aa                	mv	s3,a0
    5b74:	e0b5                	bnez	s1,5bd8 <__d2b+0x92>
    5b76:	c63e                	sw	a5,12(sp)
    5b78:	c42d                	beqz	s0,5be2 <__d2b+0x9c>
    5b7a:	0028                	addi	a0,sp,8
    5b7c:	c422                	sw	s0,8(sp)
    5b7e:	a55ff0ef          	jal	ra,55d2 <__lo0bits>
    5b82:	46a2                	lw	a3,8(sp)
    5b84:	cd21                	beqz	a0,5bdc <__d2b+0x96>
    5b86:	4732                	lw	a4,12(sp)
    5b88:	02000793          	li	a5,32
    5b8c:	8f89                	sub	a5,a5,a0
    5b8e:	00f717b3          	sll	a5,a4,a5
    5b92:	8fd5                	or	a5,a5,a3
    5b94:	00a75733          	srl	a4,a4,a0
    5b98:	00f9aa23          	sw	a5,20(s3)
    5b9c:	c63a                	sw	a4,12(sp)
    5b9e:	4432                	lw	s0,12(sp)
    5ba0:	0089ac23          	sw	s0,24(s3)
    5ba4:	00803433          	snez	s0,s0
    5ba8:	0405                	addi	s0,s0,1
    5baa:	0089a823          	sw	s0,16(s3)
    5bae:	c4b9                	beqz	s1,5bfc <__d2b+0xb6>
    5bb0:	bcd48493          	addi	s1,s1,-1075
    5bb4:	94aa                	add	s1,s1,a0
    5bb6:	03500793          	li	a5,53
    5bba:	009a2023          	sw	s1,0(s4)
    5bbe:	40a78533          	sub	a0,a5,a0
    5bc2:	00a92023          	sw	a0,0(s2)
    5bc6:	50b2                	lw	ra,44(sp)
    5bc8:	5422                	lw	s0,40(sp)
    5bca:	854e                	mv	a0,s3
    5bcc:	5492                	lw	s1,36(sp)
    5bce:	5902                	lw	s2,32(sp)
    5bd0:	49f2                	lw	s3,28(sp)
    5bd2:	4a62                	lw	s4,24(sp)
    5bd4:	6145                	addi	sp,sp,48
    5bd6:	8082                	ret
    5bd8:	8fd9                	or	a5,a5,a4
    5bda:	bf71                	j	5b76 <__d2b+0x30>
    5bdc:	00d9aa23          	sw	a3,20(s3)
    5be0:	bf7d                	j	5b9e <__d2b+0x58>
    5be2:	0068                	addi	a0,sp,12
    5be4:	9efff0ef          	jal	ra,55d2 <__lo0bits>
    5be8:	47b2                	lw	a5,12(sp)
    5bea:	02050513          	addi	a0,a0,32
    5bee:	4405                	li	s0,1
    5bf0:	00f9aa23          	sw	a5,20(s3)
    5bf4:	4785                	li	a5,1
    5bf6:	00f9a823          	sw	a5,16(s3)
    5bfa:	bf55                	j	5bae <__d2b+0x68>
    5bfc:	00241793          	slli	a5,s0,0x2
    5c00:	bce50513          	addi	a0,a0,-1074
    5c04:	97ce                	add	a5,a5,s3
    5c06:	00aa2023          	sw	a0,0(s4)
    5c0a:	4b88                	lw	a0,16(a5)
    5c0c:	0416                	slli	s0,s0,0x5
    5c0e:	97fff0ef          	jal	ra,558c <__hi0bits>
    5c12:	8c09                	sub	s0,s0,a0
    5c14:	00892023          	sw	s0,0(s2)
    5c18:	b77d                	j	5bc6 <__d2b+0x80>

00005c1a <__ratio>:
    5c1a:	7179                	addi	sp,sp,-48
    5c1c:	d04a                	sw	s2,32(sp)
    5c1e:	892e                	mv	s2,a1
    5c20:	002c                	addi	a1,sp,8
    5c22:	d606                	sw	ra,44(sp)
    5c24:	d422                	sw	s0,40(sp)
    5c26:	d226                	sw	s1,36(sp)
    5c28:	ce4e                	sw	s3,28(sp)
    5c2a:	cc52                	sw	s4,24(sp)
    5c2c:	8a2a                	mv	s4,a0
    5c2e:	e65ff0ef          	jal	ra,5a92 <__b2d>
    5c32:	89aa                	mv	s3,a0
    5c34:	84ae                	mv	s1,a1
    5c36:	842e                	mv	s0,a1
    5c38:	854a                	mv	a0,s2
    5c3a:	006c                	addi	a1,sp,12
    5c3c:	e57ff0ef          	jal	ra,5a92 <__b2d>
    5c40:	01092783          	lw	a5,16(s2)
    5c44:	010a2703          	lw	a4,16(s4)
    5c48:	46a2                	lw	a3,8(sp)
    5c4a:	8f1d                	sub	a4,a4,a5
    5c4c:	47b2                	lw	a5,12(sp)
    5c4e:	0716                	slli	a4,a4,0x5
    5c50:	8e9d                	sub	a3,a3,a5
    5c52:	00d707b3          	add	a5,a4,a3
    5c56:	02f05563          	blez	a5,5c80 <__ratio+0x66>
    5c5a:	07d2                	slli	a5,a5,0x14
    5c5c:	862e                	mv	a2,a1
    5c5e:	00978433          	add	s0,a5,s1
    5c62:	8732                	mv	a4,a2
    5c64:	85a2                	mv	a1,s0
    5c66:	862a                	mv	a2,a0
    5c68:	86ba                	mv	a3,a4
    5c6a:	854e                	mv	a0,s3
    5c6c:	09b010ef          	jal	ra,7506 <__divdf3>
    5c70:	50b2                	lw	ra,44(sp)
    5c72:	5422                	lw	s0,40(sp)
    5c74:	5492                	lw	s1,36(sp)
    5c76:	5902                	lw	s2,32(sp)
    5c78:	49f2                	lw	s3,28(sp)
    5c7a:	4a62                	lw	s4,24(sp)
    5c7c:	6145                	addi	sp,sp,48
    5c7e:	8082                	ret
    5c80:	fff00737          	lui	a4,0xfff00
    5c84:	02e787b3          	mul	a5,a5,a4
    5c88:	00b78633          	add	a2,a5,a1
    5c8c:	bfd9                	j	5c62 <__ratio+0x48>

00005c8e <__copybits>:
    5c8e:	fff58793          	addi	a5,a1,-1 # 7ffff <_data_lma+0x768db>
    5c92:	4a18                	lw	a4,16(a2)
    5c94:	8795                	srai	a5,a5,0x5
    5c96:	0785                	addi	a5,a5,1
    5c98:	078a                	slli	a5,a5,0x2
    5c9a:	01460693          	addi	a3,a2,20
    5c9e:	070a                	slli	a4,a4,0x2
    5ca0:	97aa                	add	a5,a5,a0
    5ca2:	9736                	add	a4,a4,a3
    5ca4:	00e6e563          	bltu	a3,a4,5cae <__copybits+0x20>
    5ca8:	00f56a63          	bltu	a0,a5,5cbc <__copybits+0x2e>
    5cac:	8082                	ret
    5cae:	0691                	addi	a3,a3,4
    5cb0:	ffc6a603          	lw	a2,-4(a3) # 3feffffc <_eusrstack+0x1fefaffc>
    5cb4:	0511                	addi	a0,a0,4
    5cb6:	fec52e23          	sw	a2,-4(a0)
    5cba:	b7ed                	j	5ca4 <__copybits+0x16>
    5cbc:	0511                	addi	a0,a0,4
    5cbe:	fe052e23          	sw	zero,-4(a0)
    5cc2:	b7dd                	j	5ca8 <__copybits+0x1a>

00005cc4 <__any_on>:
    5cc4:	4914                	lw	a3,16(a0)
    5cc6:	4055d793          	srai	a5,a1,0x5
    5cca:	01450713          	addi	a4,a0,20
    5cce:	02f6c763          	blt	a3,a5,5cfc <__any_on+0x38>
    5cd2:	00d7df63          	bge	a5,a3,5cf0 <__any_on+0x2c>
    5cd6:	89fd                	andi	a1,a1,31
    5cd8:	cd81                	beqz	a1,5cf0 <__any_on+0x2c>
    5cda:	00279693          	slli	a3,a5,0x2
    5cde:	96ba                	add	a3,a3,a4
    5ce0:	4290                	lw	a2,0(a3)
    5ce2:	4505                	li	a0,1
    5ce4:	00b656b3          	srl	a3,a2,a1
    5ce8:	00b695b3          	sll	a1,a3,a1
    5cec:	00b61e63          	bne	a2,a1,5d08 <__any_on+0x44>
    5cf0:	078a                	slli	a5,a5,0x2
    5cf2:	97ba                	add	a5,a5,a4
    5cf4:	00f76663          	bltu	a4,a5,5d00 <__any_on+0x3c>
    5cf8:	4501                	li	a0,0
    5cfa:	8082                	ret
    5cfc:	87b6                	mv	a5,a3
    5cfe:	bfcd                	j	5cf0 <__any_on+0x2c>
    5d00:	17f1                	addi	a5,a5,-4
    5d02:	4394                	lw	a3,0(a5)
    5d04:	dae5                	beqz	a3,5cf4 <__any_on+0x30>
    5d06:	4505                	li	a0,1
    5d08:	8082                	ret

00005d0a <__ssputs_r>:
    5d0a:	1101                	addi	sp,sp,-32
    5d0c:	c84a                	sw	s2,16(sp)
    5d0e:	0085a903          	lw	s2,8(a1)
    5d12:	cc22                	sw	s0,24(sp)
    5d14:	c452                	sw	s4,8(sp)
    5d16:	c05a                	sw	s6,0(sp)
    5d18:	ce06                	sw	ra,28(sp)
    5d1a:	ca26                	sw	s1,20(sp)
    5d1c:	c64e                	sw	s3,12(sp)
    5d1e:	c256                	sw	s5,4(sp)
    5d20:	842e                	mv	s0,a1
    5d22:	8b32                	mv	s6,a2
    5d24:	8a36                	mv	s4,a3
    5d26:	0926e963          	bltu	a3,s2,5db8 <__ssputs_r+0xae>
    5d2a:	25de                	lhu	a5,12(a1)
    5d2c:	4807f713          	andi	a4,a5,1152
    5d30:	c351                	beqz	a4,5db4 <__ssputs_r+0xaa>
    5d32:	4004                	lw	s1,0(s0)
    5d34:	498c                	lw	a1,16(a1)
    5d36:	4858                	lw	a4,20(s0)
    5d38:	8aaa                	mv	s5,a0
    5d3a:	40b489b3          	sub	s3,s1,a1
    5d3e:	448d                	li	s1,3
    5d40:	02e484b3          	mul	s1,s1,a4
    5d44:	4709                	li	a4,2
    5d46:	02e4c4b3          	div	s1,s1,a4
    5d4a:	00168713          	addi	a4,a3,1
    5d4e:	974e                	add	a4,a4,s3
    5d50:	00e4f363          	bgeu	s1,a4,5d56 <__ssputs_r+0x4c>
    5d54:	84ba                	mv	s1,a4
    5d56:	4007f793          	andi	a5,a5,1024
    5d5a:	cfbd                	beqz	a5,5dd8 <__ssputs_r+0xce>
    5d5c:	85a6                	mv	a1,s1
    5d5e:	8556                	mv	a0,s5
    5d60:	ba3fd0ef          	jal	ra,3902 <_malloc_r>
    5d64:	892a                	mv	s2,a0
    5d66:	e11d                	bnez	a0,5d8c <__ssputs_r+0x82>
    5d68:	47b1                	li	a5,12
    5d6a:	00faa023          	sw	a5,0(s5)
    5d6e:	245e                	lhu	a5,12(s0)
    5d70:	557d                	li	a0,-1
    5d72:	0407e793          	ori	a5,a5,64
    5d76:	a45e                	sh	a5,12(s0)
    5d78:	40f2                	lw	ra,28(sp)
    5d7a:	4462                	lw	s0,24(sp)
    5d7c:	44d2                	lw	s1,20(sp)
    5d7e:	4942                	lw	s2,16(sp)
    5d80:	49b2                	lw	s3,12(sp)
    5d82:	4a22                	lw	s4,8(sp)
    5d84:	4a92                	lw	s5,4(sp)
    5d86:	4b02                	lw	s6,0(sp)
    5d88:	6105                	addi	sp,sp,32
    5d8a:	8082                	ret
    5d8c:	480c                	lw	a1,16(s0)
    5d8e:	864e                	mv	a2,s3
    5d90:	9f3fd0ef          	jal	ra,3782 <memcpy>
    5d94:	245e                	lhu	a5,12(s0)
    5d96:	b7f7f793          	andi	a5,a5,-1153
    5d9a:	0807e793          	ori	a5,a5,128
    5d9e:	a45e                	sh	a5,12(s0)
    5da0:	01242823          	sw	s2,16(s0)
    5da4:	c844                	sw	s1,20(s0)
    5da6:	994e                	add	s2,s2,s3
    5da8:	413484b3          	sub	s1,s1,s3
    5dac:	01242023          	sw	s2,0(s0)
    5db0:	c404                	sw	s1,8(s0)
    5db2:	8952                	mv	s2,s4
    5db4:	012a7363          	bgeu	s4,s2,5dba <__ssputs_r+0xb0>
    5db8:	8952                	mv	s2,s4
    5dba:	4008                	lw	a0,0(s0)
    5dbc:	864a                	mv	a2,s2
    5dbe:	85da                	mv	a1,s6
    5dc0:	6e1000ef          	jal	ra,6ca0 <memmove>
    5dc4:	441c                	lw	a5,8(s0)
    5dc6:	4501                	li	a0,0
    5dc8:	412787b3          	sub	a5,a5,s2
    5dcc:	c41c                	sw	a5,8(s0)
    5dce:	401c                	lw	a5,0(s0)
    5dd0:	993e                	add	s2,s2,a5
    5dd2:	01242023          	sw	s2,0(s0)
    5dd6:	b74d                	j	5d78 <__ssputs_r+0x6e>
    5dd8:	8626                	mv	a2,s1
    5dda:	8556                	mv	a0,s5
    5ddc:	70b000ef          	jal	ra,6ce6 <_realloc_r>
    5de0:	892a                	mv	s2,a0
    5de2:	fd5d                	bnez	a0,5da0 <__ssputs_r+0x96>
    5de4:	480c                	lw	a1,16(s0)
    5de6:	8556                	mv	a0,s5
    5de8:	a73fd0ef          	jal	ra,385a <_free_r>
    5dec:	bfb5                	j	5d68 <__ssputs_r+0x5e>

00005dee <_svfiprintf_r>:
    5dee:	25de                	lhu	a5,12(a1)
    5df0:	7171                	addi	sp,sp,-176
    5df2:	d326                	sw	s1,164(sp)
    5df4:	d14a                	sw	s2,160(sp)
    5df6:	cf4e                	sw	s3,156(sp)
    5df8:	d706                	sw	ra,172(sp)
    5dfa:	d522                	sw	s0,168(sp)
    5dfc:	cd52                	sw	s4,152(sp)
    5dfe:	cb56                	sw	s5,148(sp)
    5e00:	c95a                	sw	s6,144(sp)
    5e02:	c75e                	sw	s7,140(sp)
    5e04:	c562                	sw	s8,136(sp)
    5e06:	c366                	sw	s9,132(sp)
    5e08:	0807f793          	andi	a5,a5,128
    5e0c:	89aa                	mv	s3,a0
    5e0e:	892e                	mv	s2,a1
    5e10:	84b2                	mv	s1,a2
    5e12:	c3b9                	beqz	a5,5e58 <_svfiprintf_r+0x6a>
    5e14:	499c                	lw	a5,16(a1)
    5e16:	e3a9                	bnez	a5,5e58 <_svfiprintf_r+0x6a>
    5e18:	04000593          	li	a1,64
    5e1c:	c636                	sw	a3,12(sp)
    5e1e:	ae5fd0ef          	jal	ra,3902 <_malloc_r>
    5e22:	00a92023          	sw	a0,0(s2)
    5e26:	00a92823          	sw	a0,16(s2)
    5e2a:	46b2                	lw	a3,12(sp)
    5e2c:	e115                	bnez	a0,5e50 <_svfiprintf_r+0x62>
    5e2e:	47b1                	li	a5,12
    5e30:	00f9a023          	sw	a5,0(s3)
    5e34:	557d                	li	a0,-1
    5e36:	50ba                	lw	ra,172(sp)
    5e38:	542a                	lw	s0,168(sp)
    5e3a:	549a                	lw	s1,164(sp)
    5e3c:	590a                	lw	s2,160(sp)
    5e3e:	49fa                	lw	s3,156(sp)
    5e40:	4a6a                	lw	s4,152(sp)
    5e42:	4ada                	lw	s5,148(sp)
    5e44:	4b4a                	lw	s6,144(sp)
    5e46:	4bba                	lw	s7,140(sp)
    5e48:	4c2a                	lw	s8,136(sp)
    5e4a:	4c9a                	lw	s9,132(sp)
    5e4c:	614d                	addi	sp,sp,176
    5e4e:	8082                	ret
    5e50:	04000793          	li	a5,64
    5e54:	00f92a23          	sw	a5,20(s2)
    5e58:	02000793          	li	a5,32
    5e5c:	02f10ca3          	sb	a5,57(sp)
    5e60:	03000793          	li	a5,48
    5e64:	da02                	sw	zero,52(sp)
    5e66:	02f10d23          	sb	a5,58(sp)
    5e6a:	ce36                	sw	a3,28(sp)
    5e6c:	02500b93          	li	s7,37
    5e70:	00003a97          	auipc	s5,0x3
    5e74:	6f4a8a93          	addi	s5,s5,1780 # 9564 <p05.3319+0xc>
    5e78:	4c05                	li	s8,1
    5e7a:	4b29                	li	s6,10
    5e7c:	8426                	mv	s0,s1
    5e7e:	201c                	lbu	a5,0(s0)
    5e80:	c399                	beqz	a5,5e86 <_svfiprintf_r+0x98>
    5e82:	09779963          	bne	a5,s7,5f14 <_svfiprintf_r+0x126>
    5e86:	40940cb3          	sub	s9,s0,s1
    5e8a:	000c8e63          	beqz	s9,5ea6 <_svfiprintf_r+0xb8>
    5e8e:	86e6                	mv	a3,s9
    5e90:	8626                	mv	a2,s1
    5e92:	85ca                	mv	a1,s2
    5e94:	854e                	mv	a0,s3
    5e96:	e75ff0ef          	jal	ra,5d0a <__ssputs_r>
    5e9a:	57fd                	li	a5,-1
    5e9c:	18f50b63          	beq	a0,a5,6032 <_svfiprintf_r+0x244>
    5ea0:	56d2                	lw	a3,52(sp)
    5ea2:	96e6                	add	a3,a3,s9
    5ea4:	da36                	sw	a3,52(sp)
    5ea6:	201c                	lbu	a5,0(s0)
    5ea8:	18078563          	beqz	a5,6032 <_svfiprintf_r+0x244>
    5eac:	57fd                	li	a5,-1
    5eae:	00140493          	addi	s1,s0,1
    5eb2:	d002                	sw	zero,32(sp)
    5eb4:	d602                	sw	zero,44(sp)
    5eb6:	d23e                	sw	a5,36(sp)
    5eb8:	d402                	sw	zero,40(sp)
    5eba:	060101a3          	sb	zero,99(sp)
    5ebe:	dc82                	sw	zero,120(sp)
    5ec0:	208c                	lbu	a1,0(s1)
    5ec2:	4615                	li	a2,5
    5ec4:	8556                	mv	a0,s5
    5ec6:	5c3000ef          	jal	ra,6c88 <memchr>
    5eca:	00148413          	addi	s0,s1,1
    5ece:	5782                	lw	a5,32(sp)
    5ed0:	e521                	bnez	a0,5f18 <_svfiprintf_r+0x12a>
    5ed2:	0107f713          	andi	a4,a5,16
    5ed6:	c709                	beqz	a4,5ee0 <_svfiprintf_r+0xf2>
    5ed8:	02000713          	li	a4,32
    5edc:	06e101a3          	sb	a4,99(sp)
    5ee0:	0087f713          	andi	a4,a5,8
    5ee4:	c709                	beqz	a4,5eee <_svfiprintf_r+0x100>
    5ee6:	02b00713          	li	a4,43
    5eea:	06e101a3          	sb	a4,99(sp)
    5eee:	2094                	lbu	a3,0(s1)
    5ef0:	02a00713          	li	a4,42
    5ef4:	02e68a63          	beq	a3,a4,5f28 <_svfiprintf_r+0x13a>
    5ef8:	57b2                	lw	a5,44(sp)
    5efa:	8426                	mv	s0,s1
    5efc:	4681                	li	a3,0
    5efe:	4625                	li	a2,9
    5f00:	2018                	lbu	a4,0(s0)
    5f02:	00140593          	addi	a1,s0,1
    5f06:	fd070713          	addi	a4,a4,-48 # ffefffd0 <_eusrstack+0xdfefafd0>
    5f0a:	06e67263          	bgeu	a2,a4,5f6e <_svfiprintf_r+0x180>
    5f0e:	c68d                	beqz	a3,5f38 <_svfiprintf_r+0x14a>
    5f10:	d63e                	sw	a5,44(sp)
    5f12:	a01d                	j	5f38 <_svfiprintf_r+0x14a>
    5f14:	0405                	addi	s0,s0,1
    5f16:	b7a5                	j	5e7e <_svfiprintf_r+0x90>
    5f18:	41550533          	sub	a0,a0,s5
    5f1c:	00ac1533          	sll	a0,s8,a0
    5f20:	8fc9                	or	a5,a5,a0
    5f22:	d03e                	sw	a5,32(sp)
    5f24:	84a2                	mv	s1,s0
    5f26:	bf69                	j	5ec0 <_svfiprintf_r+0xd2>
    5f28:	4772                	lw	a4,28(sp)
    5f2a:	00470693          	addi	a3,a4,4
    5f2e:	4318                	lw	a4,0(a4)
    5f30:	ce36                	sw	a3,28(sp)
    5f32:	02074763          	bltz	a4,5f60 <_svfiprintf_r+0x172>
    5f36:	d63a                	sw	a4,44(sp)
    5f38:	2018                	lbu	a4,0(s0)
    5f3a:	02e00793          	li	a5,46
    5f3e:	04f71d63          	bne	a4,a5,5f98 <_svfiprintf_r+0x1aa>
    5f42:	3018                	lbu	a4,1(s0)
    5f44:	02a00793          	li	a5,42
    5f48:	02f71b63          	bne	a4,a5,5f7e <_svfiprintf_r+0x190>
    5f4c:	47f2                	lw	a5,28(sp)
    5f4e:	0409                	addi	s0,s0,2
    5f50:	00478713          	addi	a4,a5,4 # 80000004 <_eusrstack+0x5fffb004>
    5f54:	439c                	lw	a5,0(a5)
    5f56:	ce3a                	sw	a4,28(sp)
    5f58:	0207c163          	bltz	a5,5f7a <_svfiprintf_r+0x18c>
    5f5c:	d23e                	sw	a5,36(sp)
    5f5e:	a82d                	j	5f98 <_svfiprintf_r+0x1aa>
    5f60:	40e00733          	neg	a4,a4
    5f64:	0027e793          	ori	a5,a5,2
    5f68:	d63a                	sw	a4,44(sp)
    5f6a:	d03e                	sw	a5,32(sp)
    5f6c:	b7f1                	j	5f38 <_svfiprintf_r+0x14a>
    5f6e:	036787b3          	mul	a5,a5,s6
    5f72:	4685                	li	a3,1
    5f74:	842e                	mv	s0,a1
    5f76:	97ba                	add	a5,a5,a4
    5f78:	b761                	j	5f00 <_svfiprintf_r+0x112>
    5f7a:	57fd                	li	a5,-1
    5f7c:	b7c5                	j	5f5c <_svfiprintf_r+0x16e>
    5f7e:	0405                	addi	s0,s0,1
    5f80:	d202                	sw	zero,36(sp)
    5f82:	4681                	li	a3,0
    5f84:	4781                	li	a5,0
    5f86:	4625                	li	a2,9
    5f88:	2018                	lbu	a4,0(s0)
    5f8a:	00140593          	addi	a1,s0,1
    5f8e:	fd070713          	addi	a4,a4,-48
    5f92:	06e67663          	bgeu	a2,a4,5ffe <_svfiprintf_r+0x210>
    5f96:	f2f9                	bnez	a3,5f5c <_svfiprintf_r+0x16e>
    5f98:	200c                	lbu	a1,0(s0)
    5f9a:	460d                	li	a2,3
    5f9c:	00003517          	auipc	a0,0x3
    5fa0:	5d050513          	addi	a0,a0,1488 # 956c <p05.3319+0x14>
    5fa4:	4e5000ef          	jal	ra,6c88 <memchr>
    5fa8:	cd11                	beqz	a0,5fc4 <_svfiprintf_r+0x1d6>
    5faa:	00003797          	auipc	a5,0x3
    5fae:	5c278793          	addi	a5,a5,1474 # 956c <p05.3319+0x14>
    5fb2:	8d1d                	sub	a0,a0,a5
    5fb4:	04000793          	li	a5,64
    5fb8:	00a797b3          	sll	a5,a5,a0
    5fbc:	5502                	lw	a0,32(sp)
    5fbe:	0405                	addi	s0,s0,1
    5fc0:	8d5d                	or	a0,a0,a5
    5fc2:	d02a                	sw	a0,32(sp)
    5fc4:	200c                	lbu	a1,0(s0)
    5fc6:	4619                	li	a2,6
    5fc8:	00003517          	auipc	a0,0x3
    5fcc:	5a850513          	addi	a0,a0,1448 # 9570 <p05.3319+0x18>
    5fd0:	00140493          	addi	s1,s0,1
    5fd4:	02b10c23          	sb	a1,56(sp)
    5fd8:	4b1000ef          	jal	ra,6c88 <memchr>
    5fdc:	c525                	beqz	a0,6044 <_svfiprintf_r+0x256>
    5fde:	ffffa797          	auipc	a5,0xffffa
    5fe2:	02278793          	addi	a5,a5,34 # 0 <_sinit>
    5fe6:	e795                	bnez	a5,6012 <_svfiprintf_r+0x224>
    5fe8:	5702                	lw	a4,32(sp)
    5fea:	47f2                	lw	a5,28(sp)
    5fec:	10077713          	andi	a4,a4,256
    5ff0:	cf09                	beqz	a4,600a <_svfiprintf_r+0x21c>
    5ff2:	0791                	addi	a5,a5,4
    5ff4:	ce3e                	sw	a5,28(sp)
    5ff6:	57d2                	lw	a5,52(sp)
    5ff8:	97d2                	add	a5,a5,s4
    5ffa:	da3e                	sw	a5,52(sp)
    5ffc:	b541                	j	5e7c <_svfiprintf_r+0x8e>
    5ffe:	036787b3          	mul	a5,a5,s6
    6002:	4685                	li	a3,1
    6004:	842e                	mv	s0,a1
    6006:	97ba                	add	a5,a5,a4
    6008:	b741                	j	5f88 <_svfiprintf_r+0x19a>
    600a:	079d                	addi	a5,a5,7
    600c:	9be1                	andi	a5,a5,-8
    600e:	07a1                	addi	a5,a5,8
    6010:	b7d5                	j	5ff4 <_svfiprintf_r+0x206>
    6012:	0878                	addi	a4,sp,28
    6014:	00000697          	auipc	a3,0x0
    6018:	cf668693          	addi	a3,a3,-778 # 5d0a <__ssputs_r>
    601c:	864a                	mv	a2,s2
    601e:	100c                	addi	a1,sp,32
    6020:	854e                	mv	a0,s3
    6022:	00000097          	auipc	ra,0x0
    6026:	000000e7          	jalr	zero # 0 <_sinit>
    602a:	57fd                	li	a5,-1
    602c:	8a2a                	mv	s4,a0
    602e:	fcf514e3          	bne	a0,a5,5ff6 <_svfiprintf_r+0x208>
    6032:	00c95783          	lhu	a5,12(s2)
    6036:	557d                	li	a0,-1
    6038:	0407f793          	andi	a5,a5,64
    603c:	de079de3          	bnez	a5,5e36 <_svfiprintf_r+0x48>
    6040:	5552                	lw	a0,52(sp)
    6042:	bbd5                	j	5e36 <_svfiprintf_r+0x48>
    6044:	0878                	addi	a4,sp,28
    6046:	00000697          	auipc	a3,0x0
    604a:	cc468693          	addi	a3,a3,-828 # 5d0a <__ssputs_r>
    604e:	864a                	mv	a2,s2
    6050:	100c                	addi	a1,sp,32
    6052:	854e                	mv	a0,s3
    6054:	2111                	jal	6458 <_printf_i>
    6056:	bfd1                	j	602a <_svfiprintf_r+0x23c>

00006058 <__sfputc_r>:
    6058:	461c                	lw	a5,8(a2)
    605a:	17fd                	addi	a5,a5,-1
    605c:	c61c                	sw	a5,8(a2)
    605e:	0007d963          	bgez	a5,6070 <__sfputc_r+0x18>
    6062:	4e18                	lw	a4,24(a2)
    6064:	00e7c563          	blt	a5,a4,606e <__sfputc_r+0x16>
    6068:	47a9                	li	a5,10
    606a:	00f59363          	bne	a1,a5,6070 <__sfputc_r+0x18>
    606e:	af1d                	j	67a4 <__swbuf_r>
    6070:	421c                	lw	a5,0(a2)
    6072:	852e                	mv	a0,a1
    6074:	00178713          	addi	a4,a5,1
    6078:	c218                	sw	a4,0(a2)
    607a:	a38c                	sb	a1,0(a5)
    607c:	8082                	ret

0000607e <__sfputs_r>:
    607e:	1101                	addi	sp,sp,-32
    6080:	cc22                	sw	s0,24(sp)
    6082:	ca26                	sw	s1,20(sp)
    6084:	c84a                	sw	s2,16(sp)
    6086:	c64e                	sw	s3,12(sp)
    6088:	c452                	sw	s4,8(sp)
    608a:	ce06                	sw	ra,28(sp)
    608c:	892a                	mv	s2,a0
    608e:	89ae                	mv	s3,a1
    6090:	8432                	mv	s0,a2
    6092:	00d604b3          	add	s1,a2,a3
    6096:	5a7d                	li	s4,-1
    6098:	00941463          	bne	s0,s1,60a0 <__sfputs_r+0x22>
    609c:	4501                	li	a0,0
    609e:	a809                	j	60b0 <__sfputs_r+0x32>
    60a0:	200c                	lbu	a1,0(s0)
    60a2:	864e                	mv	a2,s3
    60a4:	854a                	mv	a0,s2
    60a6:	fb3ff0ef          	jal	ra,6058 <__sfputc_r>
    60aa:	0405                	addi	s0,s0,1
    60ac:	ff4516e3          	bne	a0,s4,6098 <__sfputs_r+0x1a>
    60b0:	40f2                	lw	ra,28(sp)
    60b2:	4462                	lw	s0,24(sp)
    60b4:	44d2                	lw	s1,20(sp)
    60b6:	4942                	lw	s2,16(sp)
    60b8:	49b2                	lw	s3,12(sp)
    60ba:	4a22                	lw	s4,8(sp)
    60bc:	6105                	addi	sp,sp,32
    60be:	8082                	ret

000060c0 <_vfiprintf_r>:
    60c0:	7135                	addi	sp,sp,-160
    60c2:	cd22                	sw	s0,152(sp)
    60c4:	cb26                	sw	s1,148(sp)
    60c6:	c94a                	sw	s2,144(sp)
    60c8:	c74e                	sw	s3,140(sp)
    60ca:	cf06                	sw	ra,156(sp)
    60cc:	c552                	sw	s4,136(sp)
    60ce:	c356                	sw	s5,132(sp)
    60d0:	c15a                	sw	s6,128(sp)
    60d2:	dede                	sw	s7,124(sp)
    60d4:	dce2                	sw	s8,120(sp)
    60d6:	dae6                	sw	s9,116(sp)
    60d8:	89aa                	mv	s3,a0
    60da:	84ae                	mv	s1,a1
    60dc:	8932                	mv	s2,a2
    60de:	8436                	mv	s0,a3
    60e0:	c509                	beqz	a0,60ea <_vfiprintf_r+0x2a>
    60e2:	4d1c                	lw	a5,24(a0)
    60e4:	e399                	bnez	a5,60ea <_vfiprintf_r+0x2a>
    60e6:	9abfe0ef          	jal	ra,4a90 <__sinit>
    60ea:	00003797          	auipc	a5,0x3
    60ee:	32e78793          	addi	a5,a5,814 # 9418 <__sf_fake_stdin>
    60f2:	0cf49963          	bne	s1,a5,61c4 <_vfiprintf_r+0x104>
    60f6:	0049a483          	lw	s1,4(s3)
    60fa:	24de                	lhu	a5,12(s1)
    60fc:	8ba1                	andi	a5,a5,8
    60fe:	c7ed                	beqz	a5,61e8 <_vfiprintf_r+0x128>
    6100:	489c                	lw	a5,16(s1)
    6102:	c3fd                	beqz	a5,61e8 <_vfiprintf_r+0x128>
    6104:	02000793          	li	a5,32
    6108:	02f104a3          	sb	a5,41(sp)
    610c:	03000793          	li	a5,48
    6110:	d202                	sw	zero,36(sp)
    6112:	02f10523          	sb	a5,42(sp)
    6116:	c622                	sw	s0,12(sp)
    6118:	02500b93          	li	s7,37
    611c:	00003a97          	auipc	s5,0x3
    6120:	448a8a93          	addi	s5,s5,1096 # 9564 <p05.3319+0xc>
    6124:	4c05                	li	s8,1
    6126:	4b29                	li	s6,10
    6128:	844a                	mv	s0,s2
    612a:	201c                	lbu	a5,0(s0)
    612c:	c399                	beqz	a5,6132 <_vfiprintf_r+0x72>
    612e:	0d779f63          	bne	a5,s7,620c <_vfiprintf_r+0x14c>
    6132:	41240cb3          	sub	s9,s0,s2
    6136:	000c8e63          	beqz	s9,6152 <_vfiprintf_r+0x92>
    613a:	86e6                	mv	a3,s9
    613c:	864a                	mv	a2,s2
    613e:	85a6                	mv	a1,s1
    6140:	854e                	mv	a0,s3
    6142:	f3dff0ef          	jal	ra,607e <__sfputs_r>
    6146:	57fd                	li	a5,-1
    6148:	1ef50163          	beq	a0,a5,632a <_vfiprintf_r+0x26a>
    614c:	5692                	lw	a3,36(sp)
    614e:	96e6                	add	a3,a3,s9
    6150:	d236                	sw	a3,36(sp)
    6152:	201c                	lbu	a5,0(s0)
    6154:	1c078b63          	beqz	a5,632a <_vfiprintf_r+0x26a>
    6158:	57fd                	li	a5,-1
    615a:	00140913          	addi	s2,s0,1
    615e:	c802                	sw	zero,16(sp)
    6160:	ce02                	sw	zero,28(sp)
    6162:	ca3e                	sw	a5,20(sp)
    6164:	cc02                	sw	zero,24(sp)
    6166:	040109a3          	sb	zero,83(sp)
    616a:	d482                	sw	zero,104(sp)
    616c:	00094583          	lbu	a1,0(s2)
    6170:	4615                	li	a2,5
    6172:	8556                	mv	a0,s5
    6174:	315000ef          	jal	ra,6c88 <memchr>
    6178:	00190413          	addi	s0,s2,1
    617c:	47c2                	lw	a5,16(sp)
    617e:	e949                	bnez	a0,6210 <_vfiprintf_r+0x150>
    6180:	0107f713          	andi	a4,a5,16
    6184:	c709                	beqz	a4,618e <_vfiprintf_r+0xce>
    6186:	02000713          	li	a4,32
    618a:	04e109a3          	sb	a4,83(sp)
    618e:	0087f713          	andi	a4,a5,8
    6192:	c709                	beqz	a4,619c <_vfiprintf_r+0xdc>
    6194:	02b00713          	li	a4,43
    6198:	04e109a3          	sb	a4,83(sp)
    619c:	00094683          	lbu	a3,0(s2)
    61a0:	02a00713          	li	a4,42
    61a4:	06e68e63          	beq	a3,a4,6220 <_vfiprintf_r+0x160>
    61a8:	47f2                	lw	a5,28(sp)
    61aa:	844a                	mv	s0,s2
    61ac:	4681                	li	a3,0
    61ae:	4625                	li	a2,9
    61b0:	2018                	lbu	a4,0(s0)
    61b2:	00140593          	addi	a1,s0,1
    61b6:	fd070713          	addi	a4,a4,-48
    61ba:	0ae67663          	bgeu	a2,a4,6266 <_vfiprintf_r+0x1a6>
    61be:	caad                	beqz	a3,6230 <_vfiprintf_r+0x170>
    61c0:	ce3e                	sw	a5,28(sp)
    61c2:	a0bd                	j	6230 <_vfiprintf_r+0x170>
    61c4:	00003797          	auipc	a5,0x3
    61c8:	27478793          	addi	a5,a5,628 # 9438 <__sf_fake_stdout>
    61cc:	00f49563          	bne	s1,a5,61d6 <_vfiprintf_r+0x116>
    61d0:	0089a483          	lw	s1,8(s3)
    61d4:	b71d                	j	60fa <_vfiprintf_r+0x3a>
    61d6:	00003797          	auipc	a5,0x3
    61da:	22278793          	addi	a5,a5,546 # 93f8 <__sf_fake_stderr>
    61de:	f0f49ee3          	bne	s1,a5,60fa <_vfiprintf_r+0x3a>
    61e2:	00c9a483          	lw	s1,12(s3)
    61e6:	bf11                	j	60fa <_vfiprintf_r+0x3a>
    61e8:	85a6                	mv	a1,s1
    61ea:	854e                	mv	a0,s3
    61ec:	25c9                	jal	68ae <__swsetup_r>
    61ee:	d919                	beqz	a0,6104 <_vfiprintf_r+0x44>
    61f0:	557d                	li	a0,-1
    61f2:	40fa                	lw	ra,156(sp)
    61f4:	446a                	lw	s0,152(sp)
    61f6:	44da                	lw	s1,148(sp)
    61f8:	494a                	lw	s2,144(sp)
    61fa:	49ba                	lw	s3,140(sp)
    61fc:	4a2a                	lw	s4,136(sp)
    61fe:	4a9a                	lw	s5,132(sp)
    6200:	4b0a                	lw	s6,128(sp)
    6202:	5bf6                	lw	s7,124(sp)
    6204:	5c66                	lw	s8,120(sp)
    6206:	5cd6                	lw	s9,116(sp)
    6208:	610d                	addi	sp,sp,160
    620a:	8082                	ret
    620c:	0405                	addi	s0,s0,1
    620e:	bf31                	j	612a <_vfiprintf_r+0x6a>
    6210:	41550533          	sub	a0,a0,s5
    6214:	00ac1533          	sll	a0,s8,a0
    6218:	8fc9                	or	a5,a5,a0
    621a:	c83e                	sw	a5,16(sp)
    621c:	8922                	mv	s2,s0
    621e:	b7b9                	j	616c <_vfiprintf_r+0xac>
    6220:	4732                	lw	a4,12(sp)
    6222:	00470693          	addi	a3,a4,4
    6226:	4318                	lw	a4,0(a4)
    6228:	c636                	sw	a3,12(sp)
    622a:	02074763          	bltz	a4,6258 <_vfiprintf_r+0x198>
    622e:	ce3a                	sw	a4,28(sp)
    6230:	2018                	lbu	a4,0(s0)
    6232:	02e00793          	li	a5,46
    6236:	04f71d63          	bne	a4,a5,6290 <_vfiprintf_r+0x1d0>
    623a:	3018                	lbu	a4,1(s0)
    623c:	02a00793          	li	a5,42
    6240:	02f71b63          	bne	a4,a5,6276 <_vfiprintf_r+0x1b6>
    6244:	47b2                	lw	a5,12(sp)
    6246:	0409                	addi	s0,s0,2
    6248:	00478713          	addi	a4,a5,4
    624c:	439c                	lw	a5,0(a5)
    624e:	c63a                	sw	a4,12(sp)
    6250:	0207c163          	bltz	a5,6272 <_vfiprintf_r+0x1b2>
    6254:	ca3e                	sw	a5,20(sp)
    6256:	a82d                	j	6290 <_vfiprintf_r+0x1d0>
    6258:	40e00733          	neg	a4,a4
    625c:	0027e793          	ori	a5,a5,2
    6260:	ce3a                	sw	a4,28(sp)
    6262:	c83e                	sw	a5,16(sp)
    6264:	b7f1                	j	6230 <_vfiprintf_r+0x170>
    6266:	036787b3          	mul	a5,a5,s6
    626a:	4685                	li	a3,1
    626c:	842e                	mv	s0,a1
    626e:	97ba                	add	a5,a5,a4
    6270:	b781                	j	61b0 <_vfiprintf_r+0xf0>
    6272:	57fd                	li	a5,-1
    6274:	b7c5                	j	6254 <_vfiprintf_r+0x194>
    6276:	0405                	addi	s0,s0,1
    6278:	ca02                	sw	zero,20(sp)
    627a:	4681                	li	a3,0
    627c:	4781                	li	a5,0
    627e:	4625                	li	a2,9
    6280:	2018                	lbu	a4,0(s0)
    6282:	00140593          	addi	a1,s0,1
    6286:	fd070713          	addi	a4,a4,-48
    628a:	06e67663          	bgeu	a2,a4,62f6 <_vfiprintf_r+0x236>
    628e:	f2f9                	bnez	a3,6254 <_vfiprintf_r+0x194>
    6290:	200c                	lbu	a1,0(s0)
    6292:	460d                	li	a2,3
    6294:	00003517          	auipc	a0,0x3
    6298:	2d850513          	addi	a0,a0,728 # 956c <p05.3319+0x14>
    629c:	1ed000ef          	jal	ra,6c88 <memchr>
    62a0:	cd11                	beqz	a0,62bc <_vfiprintf_r+0x1fc>
    62a2:	00003797          	auipc	a5,0x3
    62a6:	2ca78793          	addi	a5,a5,714 # 956c <p05.3319+0x14>
    62aa:	8d1d                	sub	a0,a0,a5
    62ac:	04000793          	li	a5,64
    62b0:	00a797b3          	sll	a5,a5,a0
    62b4:	4542                	lw	a0,16(sp)
    62b6:	0405                	addi	s0,s0,1
    62b8:	8d5d                	or	a0,a0,a5
    62ba:	c82a                	sw	a0,16(sp)
    62bc:	200c                	lbu	a1,0(s0)
    62be:	4619                	li	a2,6
    62c0:	00003517          	auipc	a0,0x3
    62c4:	2b050513          	addi	a0,a0,688 # 9570 <p05.3319+0x18>
    62c8:	00140913          	addi	s2,s0,1
    62cc:	02b10423          	sb	a1,40(sp)
    62d0:	1b9000ef          	jal	ra,6c88 <memchr>
    62d4:	c135                	beqz	a0,6338 <_vfiprintf_r+0x278>
    62d6:	ffffa797          	auipc	a5,0xffffa
    62da:	d2a78793          	addi	a5,a5,-726 # 0 <_sinit>
    62de:	e795                	bnez	a5,630a <_vfiprintf_r+0x24a>
    62e0:	4742                	lw	a4,16(sp)
    62e2:	47b2                	lw	a5,12(sp)
    62e4:	10077713          	andi	a4,a4,256
    62e8:	cf09                	beqz	a4,6302 <_vfiprintf_r+0x242>
    62ea:	0791                	addi	a5,a5,4
    62ec:	c63e                	sw	a5,12(sp)
    62ee:	5792                	lw	a5,36(sp)
    62f0:	97d2                	add	a5,a5,s4
    62f2:	d23e                	sw	a5,36(sp)
    62f4:	bd15                	j	6128 <_vfiprintf_r+0x68>
    62f6:	036787b3          	mul	a5,a5,s6
    62fa:	4685                	li	a3,1
    62fc:	842e                	mv	s0,a1
    62fe:	97ba                	add	a5,a5,a4
    6300:	b741                	j	6280 <_vfiprintf_r+0x1c0>
    6302:	079d                	addi	a5,a5,7
    6304:	9be1                	andi	a5,a5,-8
    6306:	07a1                	addi	a5,a5,8
    6308:	b7d5                	j	62ec <_vfiprintf_r+0x22c>
    630a:	0078                	addi	a4,sp,12
    630c:	00000697          	auipc	a3,0x0
    6310:	d7268693          	addi	a3,a3,-654 # 607e <__sfputs_r>
    6314:	8626                	mv	a2,s1
    6316:	080c                	addi	a1,sp,16
    6318:	854e                	mv	a0,s3
    631a:	00000097          	auipc	ra,0x0
    631e:	000000e7          	jalr	zero # 0 <_sinit>
    6322:	57fd                	li	a5,-1
    6324:	8a2a                	mv	s4,a0
    6326:	fcf514e3          	bne	a0,a5,62ee <_vfiprintf_r+0x22e>
    632a:	24de                	lhu	a5,12(s1)
    632c:	0407f793          	andi	a5,a5,64
    6330:	ec0790e3          	bnez	a5,61f0 <_vfiprintf_r+0x130>
    6334:	5512                	lw	a0,36(sp)
    6336:	bd75                	j	61f2 <_vfiprintf_r+0x132>
    6338:	0078                	addi	a4,sp,12
    633a:	00000697          	auipc	a3,0x0
    633e:	d4468693          	addi	a3,a3,-700 # 607e <__sfputs_r>
    6342:	8626                	mv	a2,s1
    6344:	080c                	addi	a1,sp,16
    6346:	854e                	mv	a0,s3
    6348:	2a01                	jal	6458 <_printf_i>
    634a:	bfe1                	j	6322 <_vfiprintf_r+0x262>

0000634c <_printf_common>:
    634c:	7179                	addi	sp,sp,-48
    634e:	ca56                	sw	s5,20(sp)
    6350:	499c                	lw	a5,16(a1)
    6352:	8aba                	mv	s5,a4
    6354:	4598                	lw	a4,8(a1)
    6356:	d422                	sw	s0,40(sp)
    6358:	d226                	sw	s1,36(sp)
    635a:	ce4e                	sw	s3,28(sp)
    635c:	cc52                	sw	s4,24(sp)
    635e:	d606                	sw	ra,44(sp)
    6360:	d04a                	sw	s2,32(sp)
    6362:	c85a                	sw	s6,16(sp)
    6364:	c65e                	sw	s7,12(sp)
    6366:	89aa                	mv	s3,a0
    6368:	842e                	mv	s0,a1
    636a:	84b2                	mv	s1,a2
    636c:	8a36                	mv	s4,a3
    636e:	00e7d363          	bge	a5,a4,6374 <_printf_common+0x28>
    6372:	87ba                	mv	a5,a4
    6374:	c09c                	sw	a5,0(s1)
    6376:	04344703          	lbu	a4,67(s0)
    637a:	c319                	beqz	a4,6380 <_printf_common+0x34>
    637c:	0785                	addi	a5,a5,1
    637e:	c09c                	sw	a5,0(s1)
    6380:	401c                	lw	a5,0(s0)
    6382:	0207f793          	andi	a5,a5,32
    6386:	c781                	beqz	a5,638e <_printf_common+0x42>
    6388:	409c                	lw	a5,0(s1)
    638a:	0789                	addi	a5,a5,2
    638c:	c09c                	sw	a5,0(s1)
    638e:	00042903          	lw	s2,0(s0)
    6392:	00697913          	andi	s2,s2,6
    6396:	00091a63          	bnez	s2,63aa <_printf_common+0x5e>
    639a:	01940b13          	addi	s6,s0,25
    639e:	5bfd                	li	s7,-1
    63a0:	445c                	lw	a5,12(s0)
    63a2:	4098                	lw	a4,0(s1)
    63a4:	8f99                	sub	a5,a5,a4
    63a6:	04f94c63          	blt	s2,a5,63fe <_printf_common+0xb2>
    63aa:	401c                	lw	a5,0(s0)
    63ac:	04344683          	lbu	a3,67(s0)
    63b0:	0207f793          	andi	a5,a5,32
    63b4:	00d036b3          	snez	a3,a3
    63b8:	eba5                	bnez	a5,6428 <_printf_common+0xdc>
    63ba:	04340613          	addi	a2,s0,67
    63be:	85d2                	mv	a1,s4
    63c0:	854e                	mv	a0,s3
    63c2:	9a82                	jalr	s5
    63c4:	57fd                	li	a5,-1
    63c6:	04f50363          	beq	a0,a5,640c <_printf_common+0xc0>
    63ca:	401c                	lw	a5,0(s0)
    63cc:	4611                	li	a2,4
    63ce:	4098                	lw	a4,0(s1)
    63d0:	8b99                	andi	a5,a5,6
    63d2:	4454                	lw	a3,12(s0)
    63d4:	4481                	li	s1,0
    63d6:	00c79763          	bne	a5,a2,63e4 <_printf_common+0x98>
    63da:	40e684b3          	sub	s1,a3,a4
    63de:	0004d363          	bgez	s1,63e4 <_printf_common+0x98>
    63e2:	4481                	li	s1,0
    63e4:	441c                	lw	a5,8(s0)
    63e6:	4818                	lw	a4,16(s0)
    63e8:	00f75463          	bge	a4,a5,63f0 <_printf_common+0xa4>
    63ec:	8f99                	sub	a5,a5,a4
    63ee:	94be                	add	s1,s1,a5
    63f0:	4901                	li	s2,0
    63f2:	0469                	addi	s0,s0,26
    63f4:	5b7d                	li	s6,-1
    63f6:	05249863          	bne	s1,s2,6446 <_printf_common+0xfa>
    63fa:	4501                	li	a0,0
    63fc:	a809                	j	640e <_printf_common+0xc2>
    63fe:	4685                	li	a3,1
    6400:	865a                	mv	a2,s6
    6402:	85d2                	mv	a1,s4
    6404:	854e                	mv	a0,s3
    6406:	9a82                	jalr	s5
    6408:	01751e63          	bne	a0,s7,6424 <_printf_common+0xd8>
    640c:	557d                	li	a0,-1
    640e:	50b2                	lw	ra,44(sp)
    6410:	5422                	lw	s0,40(sp)
    6412:	5492                	lw	s1,36(sp)
    6414:	5902                	lw	s2,32(sp)
    6416:	49f2                	lw	s3,28(sp)
    6418:	4a62                	lw	s4,24(sp)
    641a:	4ad2                	lw	s5,20(sp)
    641c:	4b42                	lw	s6,16(sp)
    641e:	4bb2                	lw	s7,12(sp)
    6420:	6145                	addi	sp,sp,48
    6422:	8082                	ret
    6424:	0905                	addi	s2,s2,1
    6426:	bfad                	j	63a0 <_printf_common+0x54>
    6428:	00d40733          	add	a4,s0,a3
    642c:	03000613          	li	a2,48
    6430:	04c701a3          	sb	a2,67(a4)
    6434:	04544703          	lbu	a4,69(s0)
    6438:	00168793          	addi	a5,a3,1
    643c:	97a2                	add	a5,a5,s0
    643e:	0689                	addi	a3,a3,2
    6440:	04e781a3          	sb	a4,67(a5)
    6444:	bf9d                	j	63ba <_printf_common+0x6e>
    6446:	4685                	li	a3,1
    6448:	8622                	mv	a2,s0
    644a:	85d2                	mv	a1,s4
    644c:	854e                	mv	a0,s3
    644e:	9a82                	jalr	s5
    6450:	fb650ee3          	beq	a0,s6,640c <_printf_common+0xc0>
    6454:	0905                	addi	s2,s2,1
    6456:	b745                	j	63f6 <_printf_common+0xaa>

00006458 <_printf_i>:
    6458:	7179                	addi	sp,sp,-48
    645a:	d422                	sw	s0,40(sp)
    645c:	d226                	sw	s1,36(sp)
    645e:	d04a                	sw	s2,32(sp)
    6460:	ce4e                	sw	s3,28(sp)
    6462:	d606                	sw	ra,44(sp)
    6464:	cc52                	sw	s4,24(sp)
    6466:	ca56                	sw	s5,20(sp)
    6468:	c85a                	sw	s6,16(sp)
    646a:	89b6                	mv	s3,a3
    646c:	2d94                	lbu	a3,24(a1)
    646e:	06900793          	li	a5,105
    6472:	8932                	mv	s2,a2
    6474:	84aa                	mv	s1,a0
    6476:	842e                	mv	s0,a1
    6478:	04358613          	addi	a2,a1,67
    647c:	02f68d63          	beq	a3,a5,64b6 <_printf_i+0x5e>
    6480:	06d7e263          	bltu	a5,a3,64e4 <_printf_i+0x8c>
    6484:	05800793          	li	a5,88
    6488:	18f68663          	beq	a3,a5,6614 <_printf_i+0x1bc>
    648c:	00d7ed63          	bltu	a5,a3,64a6 <_printf_i+0x4e>
    6490:	20068e63          	beqz	a3,66ac <_printf_i+0x254>
    6494:	04300793          	li	a5,67
    6498:	0af68e63          	beq	a3,a5,6554 <_printf_i+0xfc>
    649c:	04240a93          	addi	s5,s0,66
    64a0:	04d40123          	sb	a3,66(s0)
    64a4:	a0c9                	j	6566 <_printf_i+0x10e>
    64a6:	06300793          	li	a5,99
    64aa:	0af68563          	beq	a3,a5,6554 <_printf_i+0xfc>
    64ae:	06400793          	li	a5,100
    64b2:	fef695e3          	bne	a3,a5,649c <_printf_i+0x44>
    64b6:	401c                	lw	a5,0(s0)
    64b8:	4308                	lw	a0,0(a4)
    64ba:	0807f693          	andi	a3,a5,128
    64be:	00450593          	addi	a1,a0,4
    64c2:	c6c5                	beqz	a3,656a <_printf_i+0x112>
    64c4:	411c                	lw	a5,0(a0)
    64c6:	c30c                	sw	a1,0(a4)
    64c8:	0007d863          	bgez	a5,64d8 <_printf_i+0x80>
    64cc:	02d00713          	li	a4,45
    64d0:	40f007b3          	neg	a5,a5
    64d4:	04e401a3          	sb	a4,67(s0)
    64d8:	00003697          	auipc	a3,0x3
    64dc:	0a068693          	addi	a3,a3,160 # 9578 <p05.3319+0x20>
    64e0:	4729                	li	a4,10
    64e2:	a865                	j	659a <_printf_i+0x142>
    64e4:	07000793          	li	a5,112
    64e8:	16f68263          	beq	a3,a5,664c <_printf_i+0x1f4>
    64ec:	02d7e563          	bltu	a5,a3,6516 <_printf_i+0xbe>
    64f0:	06e00793          	li	a5,110
    64f4:	18f68963          	beq	a3,a5,6686 <_printf_i+0x22e>
    64f8:	06f00793          	li	a5,111
    64fc:	faf690e3          	bne	a3,a5,649c <_printf_i+0x44>
    6500:	400c                	lw	a1,0(s0)
    6502:	431c                	lw	a5,0(a4)
    6504:	0805f813          	andi	a6,a1,128
    6508:	00478513          	addi	a0,a5,4
    650c:	06080763          	beqz	a6,657a <_printf_i+0x122>
    6510:	c308                	sw	a0,0(a4)
    6512:	439c                	lw	a5,0(a5)
    6514:	a885                	j	6584 <_printf_i+0x12c>
    6516:	07500793          	li	a5,117
    651a:	fef683e3          	beq	a3,a5,6500 <_printf_i+0xa8>
    651e:	07800793          	li	a5,120
    6522:	12f68963          	beq	a3,a5,6654 <_printf_i+0x1fc>
    6526:	07300793          	li	a5,115
    652a:	f6f699e3          	bne	a3,a5,649c <_printf_i+0x44>
    652e:	431c                	lw	a5,0(a4)
    6530:	41d0                	lw	a2,4(a1)
    6532:	4581                	li	a1,0
    6534:	00478693          	addi	a3,a5,4
    6538:	c314                	sw	a3,0(a4)
    653a:	0007aa83          	lw	s5,0(a5)
    653e:	8556                	mv	a0,s5
    6540:	27a1                	jal	6c88 <memchr>
    6542:	c501                	beqz	a0,654a <_printf_i+0xf2>
    6544:	41550533          	sub	a0,a0,s5
    6548:	c048                	sw	a0,4(s0)
    654a:	405c                	lw	a5,4(s0)
    654c:	c81c                	sw	a5,16(s0)
    654e:	040401a3          	sb	zero,67(s0)
    6552:	a861                	j	65ea <_printf_i+0x192>
    6554:	431c                	lw	a5,0(a4)
    6556:	04240a93          	addi	s5,s0,66
    655a:	00478693          	addi	a3,a5,4
    655e:	439c                	lw	a5,0(a5)
    6560:	c314                	sw	a3,0(a4)
    6562:	04f40123          	sb	a5,66(s0)
    6566:	4785                	li	a5,1
    6568:	b7d5                	j	654c <_printf_i+0xf4>
    656a:	0407f693          	andi	a3,a5,64
    656e:	411c                	lw	a5,0(a0)
    6570:	c30c                	sw	a1,0(a4)
    6572:	dab9                	beqz	a3,64c8 <_printf_i+0x70>
    6574:	07c2                	slli	a5,a5,0x10
    6576:	87c1                	srai	a5,a5,0x10
    6578:	bf81                	j	64c8 <_printf_i+0x70>
    657a:	0405f593          	andi	a1,a1,64
    657e:	c308                	sw	a0,0(a4)
    6580:	d9c9                	beqz	a1,6512 <_printf_i+0xba>
    6582:	239e                	lhu	a5,0(a5)
    6584:	06f00713          	li	a4,111
    6588:	0ee68763          	beq	a3,a4,6676 <_printf_i+0x21e>
    658c:	00003697          	auipc	a3,0x3
    6590:	fec68693          	addi	a3,a3,-20 # 9578 <p05.3319+0x20>
    6594:	4729                	li	a4,10
    6596:	040401a3          	sb	zero,67(s0)
    659a:	404c                	lw	a1,4(s0)
    659c:	c40c                	sw	a1,8(s0)
    659e:	0005c563          	bltz	a1,65a8 <_printf_i+0x150>
    65a2:	4008                	lw	a0,0(s0)
    65a4:	996d                	andi	a0,a0,-5
    65a6:	c008                	sw	a0,0(s0)
    65a8:	e399                	bnez	a5,65ae <_printf_i+0x156>
    65aa:	8ab2                	mv	s5,a2
    65ac:	cd89                	beqz	a1,65c6 <_printf_i+0x16e>
    65ae:	8ab2                	mv	s5,a2
    65b0:	02e7f5b3          	remu	a1,a5,a4
    65b4:	1afd                	addi	s5,s5,-1
    65b6:	95b6                	add	a1,a1,a3
    65b8:	218c                	lbu	a1,0(a1)
    65ba:	00ba8023          	sb	a1,0(s5)
    65be:	02e7d5b3          	divu	a1,a5,a4
    65c2:	0ce7f063          	bgeu	a5,a4,6682 <_printf_i+0x22a>
    65c6:	47a1                	li	a5,8
    65c8:	00f71e63          	bne	a4,a5,65e4 <_printf_i+0x18c>
    65cc:	401c                	lw	a5,0(s0)
    65ce:	8b85                	andi	a5,a5,1
    65d0:	cb91                	beqz	a5,65e4 <_printf_i+0x18c>
    65d2:	4058                	lw	a4,4(s0)
    65d4:	481c                	lw	a5,16(s0)
    65d6:	00e7c763          	blt	a5,a4,65e4 <_printf_i+0x18c>
    65da:	03000793          	li	a5,48
    65de:	fefa8fa3          	sb	a5,-1(s5)
    65e2:	1afd                	addi	s5,s5,-1
    65e4:	41560633          	sub	a2,a2,s5
    65e8:	c810                	sw	a2,16(s0)
    65ea:	874e                	mv	a4,s3
    65ec:	86ca                	mv	a3,s2
    65ee:	0070                	addi	a2,sp,12
    65f0:	85a2                	mv	a1,s0
    65f2:	8526                	mv	a0,s1
    65f4:	d59ff0ef          	jal	ra,634c <_printf_common>
    65f8:	5a7d                	li	s4,-1
    65fa:	0b451d63          	bne	a0,s4,66b4 <_printf_i+0x25c>
    65fe:	557d                	li	a0,-1
    6600:	50b2                	lw	ra,44(sp)
    6602:	5422                	lw	s0,40(sp)
    6604:	5492                	lw	s1,36(sp)
    6606:	5902                	lw	s2,32(sp)
    6608:	49f2                	lw	s3,28(sp)
    660a:	4a62                	lw	s4,24(sp)
    660c:	4ad2                	lw	s5,20(sp)
    660e:	4b42                	lw	s6,16(sp)
    6610:	6145                	addi	sp,sp,48
    6612:	8082                	ret
    6614:	04d582a3          	sb	a3,69(a1)
    6618:	00003697          	auipc	a3,0x3
    661c:	f6068693          	addi	a3,a3,-160 # 9578 <p05.3319+0x20>
    6620:	400c                	lw	a1,0(s0)
    6622:	4308                	lw	a0,0(a4)
    6624:	0805f813          	andi	a6,a1,128
    6628:	411c                	lw	a5,0(a0)
    662a:	0511                	addi	a0,a0,4
    662c:	02080d63          	beqz	a6,6666 <_printf_i+0x20e>
    6630:	c308                	sw	a0,0(a4)
    6632:	0015f713          	andi	a4,a1,1
    6636:	c701                	beqz	a4,663e <_printf_i+0x1e6>
    6638:	0205e593          	ori	a1,a1,32
    663c:	c00c                	sw	a1,0(s0)
    663e:	4741                	li	a4,16
    6640:	fbb9                	bnez	a5,6596 <_printf_i+0x13e>
    6642:	400c                	lw	a1,0(s0)
    6644:	fdf5f593          	andi	a1,a1,-33
    6648:	c00c                	sw	a1,0(s0)
    664a:	b7b1                	j	6596 <_printf_i+0x13e>
    664c:	419c                	lw	a5,0(a1)
    664e:	0207e793          	ori	a5,a5,32
    6652:	c19c                	sw	a5,0(a1)
    6654:	07800793          	li	a5,120
    6658:	04f402a3          	sb	a5,69(s0)
    665c:	00003697          	auipc	a3,0x3
    6660:	f3068693          	addi	a3,a3,-208 # 958c <p05.3319+0x34>
    6664:	bf75                	j	6620 <_printf_i+0x1c8>
    6666:	0405f813          	andi	a6,a1,64
    666a:	c308                	sw	a0,0(a4)
    666c:	fc0803e3          	beqz	a6,6632 <_printf_i+0x1da>
    6670:	07c2                	slli	a5,a5,0x10
    6672:	83c1                	srli	a5,a5,0x10
    6674:	bf7d                	j	6632 <_printf_i+0x1da>
    6676:	00003697          	auipc	a3,0x3
    667a:	f0268693          	addi	a3,a3,-254 # 9578 <p05.3319+0x20>
    667e:	4721                	li	a4,8
    6680:	bf19                	j	6596 <_printf_i+0x13e>
    6682:	87ae                	mv	a5,a1
    6684:	b735                	j	65b0 <_printf_i+0x158>
    6686:	4194                	lw	a3,0(a1)
    6688:	431c                	lw	a5,0(a4)
    668a:	49cc                	lw	a1,20(a1)
    668c:	0806f813          	andi	a6,a3,128
    6690:	00478513          	addi	a0,a5,4
    6694:	00080663          	beqz	a6,66a0 <_printf_i+0x248>
    6698:	c308                	sw	a0,0(a4)
    669a:	439c                	lw	a5,0(a5)
    669c:	c38c                	sw	a1,0(a5)
    669e:	a039                	j	66ac <_printf_i+0x254>
    66a0:	c308                	sw	a0,0(a4)
    66a2:	0406f693          	andi	a3,a3,64
    66a6:	439c                	lw	a5,0(a5)
    66a8:	daf5                	beqz	a3,669c <_printf_i+0x244>
    66aa:	a38e                	sh	a1,0(a5)
    66ac:	00042823          	sw	zero,16(s0)
    66b0:	8ab2                	mv	s5,a2
    66b2:	bf25                	j	65ea <_printf_i+0x192>
    66b4:	4814                	lw	a3,16(s0)
    66b6:	8656                	mv	a2,s5
    66b8:	85ca                	mv	a1,s2
    66ba:	8526                	mv	a0,s1
    66bc:	9982                	jalr	s3
    66be:	f54500e3          	beq	a0,s4,65fe <_printf_i+0x1a6>
    66c2:	401c                	lw	a5,0(s0)
    66c4:	8b89                	andi	a5,a5,2
    66c6:	e78d                	bnez	a5,66f0 <_printf_i+0x298>
    66c8:	47b2                	lw	a5,12(sp)
    66ca:	4448                	lw	a0,12(s0)
    66cc:	f2f55ae3          	bge	a0,a5,6600 <_printf_i+0x1a8>
    66d0:	853e                	mv	a0,a5
    66d2:	b73d                	j	6600 <_printf_i+0x1a8>
    66d4:	4685                	li	a3,1
    66d6:	8656                	mv	a2,s5
    66d8:	85ca                	mv	a1,s2
    66da:	8526                	mv	a0,s1
    66dc:	9982                	jalr	s3
    66de:	f36500e3          	beq	a0,s6,65fe <_printf_i+0x1a6>
    66e2:	0a05                	addi	s4,s4,1
    66e4:	445c                	lw	a5,12(s0)
    66e6:	4732                	lw	a4,12(sp)
    66e8:	8f99                	sub	a5,a5,a4
    66ea:	fefa45e3          	blt	s4,a5,66d4 <_printf_i+0x27c>
    66ee:	bfe9                	j	66c8 <_printf_i+0x270>
    66f0:	4a01                	li	s4,0
    66f2:	01940a93          	addi	s5,s0,25
    66f6:	5b7d                	li	s6,-1
    66f8:	b7f5                	j	66e4 <_printf_i+0x28c>

000066fa <__sread>:
    66fa:	1141                	addi	sp,sp,-16
    66fc:	c422                	sw	s0,8(sp)
    66fe:	842e                	mv	s0,a1
    6700:	00e59583          	lh	a1,14(a1)
    6704:	c606                	sw	ra,12(sp)
    6706:	2d25                	jal	6d3e <_read_r>
    6708:	00054963          	bltz	a0,671a <__sread+0x20>
    670c:	487c                	lw	a5,84(s0)
    670e:	97aa                	add	a5,a5,a0
    6710:	c87c                	sw	a5,84(s0)
    6712:	40b2                	lw	ra,12(sp)
    6714:	4422                	lw	s0,8(sp)
    6716:	0141                	addi	sp,sp,16
    6718:	8082                	ret
    671a:	245e                	lhu	a5,12(s0)
    671c:	777d                	lui	a4,0xfffff
    671e:	177d                	addi	a4,a4,-1
    6720:	8ff9                	and	a5,a5,a4
    6722:	a45e                	sh	a5,12(s0)
    6724:	b7fd                	j	6712 <__sread+0x18>

00006726 <__swrite>:
    6726:	25de                	lhu	a5,12(a1)
    6728:	1101                	addi	sp,sp,-32
    672a:	cc22                	sw	s0,24(sp)
    672c:	ca26                	sw	s1,20(sp)
    672e:	c84a                	sw	s2,16(sp)
    6730:	c64e                	sw	s3,12(sp)
    6732:	ce06                	sw	ra,28(sp)
    6734:	1007f793          	andi	a5,a5,256
    6738:	84aa                	mv	s1,a0
    673a:	842e                	mv	s0,a1
    673c:	8932                	mv	s2,a2
    673e:	89b6                	mv	s3,a3
    6740:	c791                	beqz	a5,674c <__swrite+0x26>
    6742:	00e59583          	lh	a1,14(a1)
    6746:	4689                	li	a3,2
    6748:	4601                	li	a2,0
    674a:	2125                	jal	6b72 <_lseek_r>
    674c:	245e                	lhu	a5,12(s0)
    674e:	777d                	lui	a4,0xfffff
    6750:	177d                	addi	a4,a4,-1
    6752:	8ff9                	and	a5,a5,a4
    6754:	a45e                	sh	a5,12(s0)
    6756:	00e41583          	lh	a1,14(s0)
    675a:	4462                	lw	s0,24(sp)
    675c:	40f2                	lw	ra,28(sp)
    675e:	86ce                	mv	a3,s3
    6760:	864a                	mv	a2,s2
    6762:	49b2                	lw	s3,12(sp)
    6764:	4942                	lw	s2,16(sp)
    6766:	8526                	mv	a0,s1
    6768:	44d2                	lw	s1,20(sp)
    676a:	6105                	addi	sp,sp,32
    676c:	aa11                	j	6880 <_write_r>

0000676e <__sseek>:
    676e:	1141                	addi	sp,sp,-16
    6770:	c422                	sw	s0,8(sp)
    6772:	842e                	mv	s0,a1
    6774:	00e59583          	lh	a1,14(a1)
    6778:	c606                	sw	ra,12(sp)
    677a:	2ee5                	jal	6b72 <_lseek_r>
    677c:	57fd                	li	a5,-1
    677e:	245a                	lhu	a4,12(s0)
    6780:	00f51a63          	bne	a0,a5,6794 <__sseek+0x26>
    6784:	77fd                	lui	a5,0xfffff
    6786:	17fd                	addi	a5,a5,-1
    6788:	8ff9                	and	a5,a5,a4
    678a:	a45e                	sh	a5,12(s0)
    678c:	40b2                	lw	ra,12(sp)
    678e:	4422                	lw	s0,8(sp)
    6790:	0141                	addi	sp,sp,16
    6792:	8082                	ret
    6794:	6785                	lui	a5,0x1
    6796:	8fd9                	or	a5,a5,a4
    6798:	a45e                	sh	a5,12(s0)
    679a:	c868                	sw	a0,84(s0)
    679c:	bfc5                	j	678c <__sseek+0x1e>

0000679e <__sclose>:
    679e:	00e59583          	lh	a1,14(a1)
    67a2:	a431                	j	69ae <_close_r>

000067a4 <__swbuf_r>:
    67a4:	1101                	addi	sp,sp,-32
    67a6:	cc22                	sw	s0,24(sp)
    67a8:	ca26                	sw	s1,20(sp)
    67aa:	c84a                	sw	s2,16(sp)
    67ac:	ce06                	sw	ra,28(sp)
    67ae:	c64e                	sw	s3,12(sp)
    67b0:	84aa                	mv	s1,a0
    67b2:	892e                	mv	s2,a1
    67b4:	8432                	mv	s0,a2
    67b6:	c509                	beqz	a0,67c0 <__swbuf_r+0x1c>
    67b8:	4d1c                	lw	a5,24(a0)
    67ba:	e399                	bnez	a5,67c0 <__swbuf_r+0x1c>
    67bc:	ad4fe0ef          	jal	ra,4a90 <__sinit>
    67c0:	00003797          	auipc	a5,0x3
    67c4:	c5878793          	addi	a5,a5,-936 # 9418 <__sf_fake_stdin>
    67c8:	06f41763          	bne	s0,a5,6836 <__swbuf_r+0x92>
    67cc:	40c0                	lw	s0,4(s1)
    67ce:	4c1c                	lw	a5,24(s0)
    67d0:	c41c                	sw	a5,8(s0)
    67d2:	245e                	lhu	a5,12(s0)
    67d4:	8ba1                	andi	a5,a5,8
    67d6:	c3c1                	beqz	a5,6856 <__swbuf_r+0xb2>
    67d8:	481c                	lw	a5,16(s0)
    67da:	cfb5                	beqz	a5,6856 <__swbuf_r+0xb2>
    67dc:	481c                	lw	a5,16(s0)
    67de:	4008                	lw	a0,0(s0)
    67e0:	0ff97993          	andi	s3,s2,255
    67e4:	0ff97913          	andi	s2,s2,255
    67e8:	8d1d                	sub	a0,a0,a5
    67ea:	485c                	lw	a5,20(s0)
    67ec:	00f54663          	blt	a0,a5,67f8 <__swbuf_r+0x54>
    67f0:	85a2                	mv	a1,s0
    67f2:	8526                	mv	a0,s1
    67f4:	2e19                	jal	6b0a <_fflush_r>
    67f6:	e525                	bnez	a0,685e <__swbuf_r+0xba>
    67f8:	441c                	lw	a5,8(s0)
    67fa:	0505                	addi	a0,a0,1
    67fc:	17fd                	addi	a5,a5,-1
    67fe:	c41c                	sw	a5,8(s0)
    6800:	401c                	lw	a5,0(s0)
    6802:	00178713          	addi	a4,a5,1
    6806:	c018                	sw	a4,0(s0)
    6808:	01378023          	sb	s3,0(a5)
    680c:	485c                	lw	a5,20(s0)
    680e:	00a78863          	beq	a5,a0,681e <__swbuf_r+0x7a>
    6812:	245e                	lhu	a5,12(s0)
    6814:	8b85                	andi	a5,a5,1
    6816:	cb81                	beqz	a5,6826 <__swbuf_r+0x82>
    6818:	47a9                	li	a5,10
    681a:	00f91663          	bne	s2,a5,6826 <__swbuf_r+0x82>
    681e:	85a2                	mv	a1,s0
    6820:	8526                	mv	a0,s1
    6822:	24e5                	jal	6b0a <_fflush_r>
    6824:	ed0d                	bnez	a0,685e <__swbuf_r+0xba>
    6826:	40f2                	lw	ra,28(sp)
    6828:	4462                	lw	s0,24(sp)
    682a:	854a                	mv	a0,s2
    682c:	44d2                	lw	s1,20(sp)
    682e:	4942                	lw	s2,16(sp)
    6830:	49b2                	lw	s3,12(sp)
    6832:	6105                	addi	sp,sp,32
    6834:	8082                	ret
    6836:	00003797          	auipc	a5,0x3
    683a:	c0278793          	addi	a5,a5,-1022 # 9438 <__sf_fake_stdout>
    683e:	00f41463          	bne	s0,a5,6846 <__swbuf_r+0xa2>
    6842:	4480                	lw	s0,8(s1)
    6844:	b769                	j	67ce <__swbuf_r+0x2a>
    6846:	00003797          	auipc	a5,0x3
    684a:	bb278793          	addi	a5,a5,-1102 # 93f8 <__sf_fake_stderr>
    684e:	f8f410e3          	bne	s0,a5,67ce <__swbuf_r+0x2a>
    6852:	44c0                	lw	s0,12(s1)
    6854:	bfad                	j	67ce <__swbuf_r+0x2a>
    6856:	85a2                	mv	a1,s0
    6858:	8526                	mv	a0,s1
    685a:	2891                	jal	68ae <__swsetup_r>
    685c:	d141                	beqz	a0,67dc <__swbuf_r+0x38>
    685e:	597d                	li	s2,-1
    6860:	b7d9                	j	6826 <__swbuf_r+0x82>

00006862 <__ascii_wctomb>:
    6862:	cd89                	beqz	a1,687c <__ascii_wctomb+0x1a>
    6864:	0ff00793          	li	a5,255
    6868:	00c7f763          	bgeu	a5,a2,6876 <__ascii_wctomb+0x14>
    686c:	08a00793          	li	a5,138
    6870:	c11c                	sw	a5,0(a0)
    6872:	557d                	li	a0,-1
    6874:	8082                	ret
    6876:	a190                	sb	a2,0(a1)
    6878:	4505                	li	a0,1
    687a:	8082                	ret
    687c:	4501                	li	a0,0
    687e:	8082                	ret

00006880 <_write_r>:
    6880:	1141                	addi	sp,sp,-16
    6882:	c422                	sw	s0,8(sp)
    6884:	842a                	mv	s0,a0
    6886:	852e                	mv	a0,a1
    6888:	85b2                	mv	a1,a2
    688a:	8636                	mv	a2,a3
    688c:	c401a623          	sw	zero,-948(gp) # 2000063c <errno>
    6890:	c606                	sw	ra,12(sp)
    6892:	d6ffb0ef          	jal	ra,2600 <_write>
    6896:	57fd                	li	a5,-1
    6898:	00f51763          	bne	a0,a5,68a6 <_write_r+0x26>
    689c:	c4c18793          	addi	a5,gp,-948 # 2000063c <errno>
    68a0:	439c                	lw	a5,0(a5)
    68a2:	c391                	beqz	a5,68a6 <_write_r+0x26>
    68a4:	c01c                	sw	a5,0(s0)
    68a6:	40b2                	lw	ra,12(sp)
    68a8:	4422                	lw	s0,8(sp)
    68aa:	0141                	addi	sp,sp,16
    68ac:	8082                	ret

000068ae <__swsetup_r>:
    68ae:	1141                	addi	sp,sp,-16
    68b0:	84018793          	addi	a5,gp,-1984 # 20000230 <_impure_ptr>
    68b4:	c226                	sw	s1,4(sp)
    68b6:	4384                	lw	s1,0(a5)
    68b8:	c422                	sw	s0,8(sp)
    68ba:	c04a                	sw	s2,0(sp)
    68bc:	c606                	sw	ra,12(sp)
    68be:	892a                	mv	s2,a0
    68c0:	842e                	mv	s0,a1
    68c2:	c491                	beqz	s1,68ce <__swsetup_r+0x20>
    68c4:	4c9c                	lw	a5,24(s1)
    68c6:	e781                	bnez	a5,68ce <__swsetup_r+0x20>
    68c8:	8526                	mv	a0,s1
    68ca:	9c6fe0ef          	jal	ra,4a90 <__sinit>
    68ce:	00003797          	auipc	a5,0x3
    68d2:	b4a78793          	addi	a5,a5,-1206 # 9418 <__sf_fake_stdin>
    68d6:	02f41b63          	bne	s0,a5,690c <__swsetup_r+0x5e>
    68da:	40c0                	lw	s0,4(s1)
    68dc:	00c41703          	lh	a4,12(s0)
    68e0:	01071793          	slli	a5,a4,0x10
    68e4:	83c1                	srli	a5,a5,0x10
    68e6:	0087f693          	andi	a3,a5,8
    68ea:	eab5                	bnez	a3,695e <__swsetup_r+0xb0>
    68ec:	0107f693          	andi	a3,a5,16
    68f0:	ee95                	bnez	a3,692c <__swsetup_r+0x7e>
    68f2:	47a5                	li	a5,9
    68f4:	00f92023          	sw	a5,0(s2)
    68f8:	04076713          	ori	a4,a4,64
    68fc:	a45a                	sh	a4,12(s0)
    68fe:	557d                	li	a0,-1
    6900:	40b2                	lw	ra,12(sp)
    6902:	4422                	lw	s0,8(sp)
    6904:	4492                	lw	s1,4(sp)
    6906:	4902                	lw	s2,0(sp)
    6908:	0141                	addi	sp,sp,16
    690a:	8082                	ret
    690c:	00003797          	auipc	a5,0x3
    6910:	b2c78793          	addi	a5,a5,-1236 # 9438 <__sf_fake_stdout>
    6914:	00f41463          	bne	s0,a5,691c <__swsetup_r+0x6e>
    6918:	4480                	lw	s0,8(s1)
    691a:	b7c9                	j	68dc <__swsetup_r+0x2e>
    691c:	00003797          	auipc	a5,0x3
    6920:	adc78793          	addi	a5,a5,-1316 # 93f8 <__sf_fake_stderr>
    6924:	faf41ce3          	bne	s0,a5,68dc <__swsetup_r+0x2e>
    6928:	44c0                	lw	s0,12(s1)
    692a:	bf4d                	j	68dc <__swsetup_r+0x2e>
    692c:	8b91                	andi	a5,a5,4
    692e:	c785                	beqz	a5,6956 <__swsetup_r+0xa8>
    6930:	584c                	lw	a1,52(s0)
    6932:	c991                	beqz	a1,6946 <__swsetup_r+0x98>
    6934:	04440793          	addi	a5,s0,68
    6938:	00f58563          	beq	a1,a5,6942 <__swsetup_r+0x94>
    693c:	854a                	mv	a0,s2
    693e:	f1dfc0ef          	jal	ra,385a <_free_r>
    6942:	02042a23          	sw	zero,52(s0)
    6946:	245e                	lhu	a5,12(s0)
    6948:	00042223          	sw	zero,4(s0)
    694c:	fdb7f793          	andi	a5,a5,-37
    6950:	a45e                	sh	a5,12(s0)
    6952:	481c                	lw	a5,16(s0)
    6954:	c01c                	sw	a5,0(s0)
    6956:	245e                	lhu	a5,12(s0)
    6958:	0087e793          	ori	a5,a5,8
    695c:	a45e                	sh	a5,12(s0)
    695e:	481c                	lw	a5,16(s0)
    6960:	eb99                	bnez	a5,6976 <__swsetup_r+0xc8>
    6962:	245e                	lhu	a5,12(s0)
    6964:	20000713          	li	a4,512
    6968:	2807f793          	andi	a5,a5,640
    696c:	00e78563          	beq	a5,a4,6976 <__swsetup_r+0xc8>
    6970:	85a2                	mv	a1,s0
    6972:	854a                	mv	a0,s2
    6974:	2449                	jal	6bf6 <__smakebuf_r>
    6976:	245e                	lhu	a5,12(s0)
    6978:	0017f713          	andi	a4,a5,1
    697c:	c31d                	beqz	a4,69a2 <__swsetup_r+0xf4>
    697e:	485c                	lw	a5,20(s0)
    6980:	00042423          	sw	zero,8(s0)
    6984:	40f007b3          	neg	a5,a5
    6988:	cc1c                	sw	a5,24(s0)
    698a:	481c                	lw	a5,16(s0)
    698c:	4501                	li	a0,0
    698e:	fbad                	bnez	a5,6900 <__swsetup_r+0x52>
    6990:	00c41783          	lh	a5,12(s0)
    6994:	0807f713          	andi	a4,a5,128
    6998:	d725                	beqz	a4,6900 <__swsetup_r+0x52>
    699a:	0407e793          	ori	a5,a5,64
    699e:	a45e                	sh	a5,12(s0)
    69a0:	bfb9                	j	68fe <__swsetup_r+0x50>
    69a2:	8b89                	andi	a5,a5,2
    69a4:	4701                	li	a4,0
    69a6:	e391                	bnez	a5,69aa <__swsetup_r+0xfc>
    69a8:	4858                	lw	a4,20(s0)
    69aa:	c418                	sw	a4,8(s0)
    69ac:	bff9                	j	698a <__swsetup_r+0xdc>

000069ae <_close_r>:
    69ae:	1141                	addi	sp,sp,-16
    69b0:	c422                	sw	s0,8(sp)
    69b2:	842a                	mv	s0,a0
    69b4:	852e                	mv	a0,a1
    69b6:	c401a623          	sw	zero,-948(gp) # 2000063c <errno>
    69ba:	c606                	sw	ra,12(sp)
    69bc:	060020ef          	jal	ra,8a1c <_close>
    69c0:	57fd                	li	a5,-1
    69c2:	00f51763          	bne	a0,a5,69d0 <_close_r+0x22>
    69c6:	c4c18793          	addi	a5,gp,-948 # 2000063c <errno>
    69ca:	439c                	lw	a5,0(a5)
    69cc:	c391                	beqz	a5,69d0 <_close_r+0x22>
    69ce:	c01c                	sw	a5,0(s0)
    69d0:	40b2                	lw	ra,12(sp)
    69d2:	4422                	lw	s0,8(sp)
    69d4:	0141                	addi	sp,sp,16
    69d6:	8082                	ret

000069d8 <__sflush_r>:
    69d8:	25de                	lhu	a5,12(a1)
    69da:	1101                	addi	sp,sp,-32
    69dc:	cc22                	sw	s0,24(sp)
    69de:	ca26                	sw	s1,20(sp)
    69e0:	ce06                	sw	ra,28(sp)
    69e2:	c84a                	sw	s2,16(sp)
    69e4:	c64e                	sw	s3,12(sp)
    69e6:	0087f713          	andi	a4,a5,8
    69ea:	84aa                	mv	s1,a0
    69ec:	842e                	mv	s0,a1
    69ee:	ef61                	bnez	a4,6ac6 <__sflush_r+0xee>
    69f0:	41d8                	lw	a4,4(a1)
    69f2:	00e04d63          	bgtz	a4,6a0c <__sflush_r+0x34>
    69f6:	41b8                	lw	a4,64(a1)
    69f8:	00e04a63          	bgtz	a4,6a0c <__sflush_r+0x34>
    69fc:	4501                	li	a0,0
    69fe:	40f2                	lw	ra,28(sp)
    6a00:	4462                	lw	s0,24(sp)
    6a02:	44d2                	lw	s1,20(sp)
    6a04:	4942                	lw	s2,16(sp)
    6a06:	49b2                	lw	s3,12(sp)
    6a08:	6105                	addi	sp,sp,32
    6a0a:	8082                	ret
    6a0c:	5458                	lw	a4,44(s0)
    6a0e:	d77d                	beqz	a4,69fc <__sflush_r+0x24>
    6a10:	0004a903          	lw	s2,0(s1)
    6a14:	01379693          	slli	a3,a5,0x13
    6a18:	0004a023          	sw	zero,0(s1)
    6a1c:	0606dc63          	bgez	a3,6a94 <__sflush_r+0xbc>
    6a20:	4870                	lw	a2,84(s0)
    6a22:	245e                	lhu	a5,12(s0)
    6a24:	8b91                	andi	a5,a5,4
    6a26:	c799                	beqz	a5,6a34 <__sflush_r+0x5c>
    6a28:	405c                	lw	a5,4(s0)
    6a2a:	8e1d                	sub	a2,a2,a5
    6a2c:	585c                	lw	a5,52(s0)
    6a2e:	c399                	beqz	a5,6a34 <__sflush_r+0x5c>
    6a30:	403c                	lw	a5,64(s0)
    6a32:	8e1d                	sub	a2,a2,a5
    6a34:	545c                	lw	a5,44(s0)
    6a36:	500c                	lw	a1,32(s0)
    6a38:	4681                	li	a3,0
    6a3a:	8526                	mv	a0,s1
    6a3c:	9782                	jalr	a5
    6a3e:	57fd                	li	a5,-1
    6a40:	245a                	lhu	a4,12(s0)
    6a42:	00f51d63          	bne	a0,a5,6a5c <__sflush_r+0x84>
    6a46:	4094                	lw	a3,0(s1)
    6a48:	47f5                	li	a5,29
    6a4a:	06d7e963          	bltu	a5,a3,6abc <__sflush_r+0xe4>
    6a4e:	204007b7          	lui	a5,0x20400
    6a52:	0785                	addi	a5,a5,1
    6a54:	00d7d7b3          	srl	a5,a5,a3
    6a58:	8b85                	andi	a5,a5,1
    6a5a:	c3ad                	beqz	a5,6abc <__sflush_r+0xe4>
    6a5c:	481c                	lw	a5,16(s0)
    6a5e:	00042223          	sw	zero,4(s0)
    6a62:	c01c                	sw	a5,0(s0)
    6a64:	01371793          	slli	a5,a4,0x13
    6a68:	0007d863          	bgez	a5,6a78 <__sflush_r+0xa0>
    6a6c:	57fd                	li	a5,-1
    6a6e:	00f51463          	bne	a0,a5,6a76 <__sflush_r+0x9e>
    6a72:	409c                	lw	a5,0(s1)
    6a74:	e391                	bnez	a5,6a78 <__sflush_r+0xa0>
    6a76:	c868                	sw	a0,84(s0)
    6a78:	584c                	lw	a1,52(s0)
    6a7a:	0124a023          	sw	s2,0(s1)
    6a7e:	ddbd                	beqz	a1,69fc <__sflush_r+0x24>
    6a80:	04440793          	addi	a5,s0,68
    6a84:	00f58563          	beq	a1,a5,6a8e <__sflush_r+0xb6>
    6a88:	8526                	mv	a0,s1
    6a8a:	dd1fc0ef          	jal	ra,385a <_free_r>
    6a8e:	02042a23          	sw	zero,52(s0)
    6a92:	b7ad                	j	69fc <__sflush_r+0x24>
    6a94:	500c                	lw	a1,32(s0)
    6a96:	4601                	li	a2,0
    6a98:	4685                	li	a3,1
    6a9a:	8526                	mv	a0,s1
    6a9c:	9702                	jalr	a4
    6a9e:	57fd                	li	a5,-1
    6aa0:	862a                	mv	a2,a0
    6aa2:	f8f510e3          	bne	a0,a5,6a22 <__sflush_r+0x4a>
    6aa6:	409c                	lw	a5,0(s1)
    6aa8:	dfad                	beqz	a5,6a22 <__sflush_r+0x4a>
    6aaa:	4775                	li	a4,29
    6aac:	00e78563          	beq	a5,a4,6ab6 <__sflush_r+0xde>
    6ab0:	4759                	li	a4,22
    6ab2:	04e79363          	bne	a5,a4,6af8 <__sflush_r+0x120>
    6ab6:	0124a023          	sw	s2,0(s1)
    6aba:	b789                	j	69fc <__sflush_r+0x24>
    6abc:	04076713          	ori	a4,a4,64
    6ac0:	a45a                	sh	a4,12(s0)
    6ac2:	557d                	li	a0,-1
    6ac4:	bf2d                	j	69fe <__sflush_r+0x26>
    6ac6:	0105a983          	lw	s3,16(a1)
    6aca:	f20989e3          	beqz	s3,69fc <__sflush_r+0x24>
    6ace:	0005a903          	lw	s2,0(a1)
    6ad2:	8b8d                	andi	a5,a5,3
    6ad4:	0135a023          	sw	s3,0(a1)
    6ad8:	41390933          	sub	s2,s2,s3
    6adc:	4701                	li	a4,0
    6ade:	e391                	bnez	a5,6ae2 <__sflush_r+0x10a>
    6ae0:	49d8                	lw	a4,20(a1)
    6ae2:	c418                	sw	a4,8(s0)
    6ae4:	f1205ce3          	blez	s2,69fc <__sflush_r+0x24>
    6ae8:	541c                	lw	a5,40(s0)
    6aea:	500c                	lw	a1,32(s0)
    6aec:	86ca                	mv	a3,s2
    6aee:	864e                	mv	a2,s3
    6af0:	8526                	mv	a0,s1
    6af2:	9782                	jalr	a5
    6af4:	00a04763          	bgtz	a0,6b02 <__sflush_r+0x12a>
    6af8:	245e                	lhu	a5,12(s0)
    6afa:	0407e793          	ori	a5,a5,64
    6afe:	a45e                	sh	a5,12(s0)
    6b00:	b7c9                	j	6ac2 <__sflush_r+0xea>
    6b02:	99aa                	add	s3,s3,a0
    6b04:	40a90933          	sub	s2,s2,a0
    6b08:	bff1                	j	6ae4 <__sflush_r+0x10c>

00006b0a <_fflush_r>:
    6b0a:	499c                	lw	a5,16(a1)
    6b0c:	c3ad                	beqz	a5,6b6e <_fflush_r+0x64>
    6b0e:	1101                	addi	sp,sp,-32
    6b10:	cc22                	sw	s0,24(sp)
    6b12:	ce06                	sw	ra,28(sp)
    6b14:	842a                	mv	s0,a0
    6b16:	c519                	beqz	a0,6b24 <_fflush_r+0x1a>
    6b18:	4d1c                	lw	a5,24(a0)
    6b1a:	e789                	bnez	a5,6b24 <_fflush_r+0x1a>
    6b1c:	c62e                	sw	a1,12(sp)
    6b1e:	f73fd0ef          	jal	ra,4a90 <__sinit>
    6b22:	45b2                	lw	a1,12(sp)
    6b24:	00003797          	auipc	a5,0x3
    6b28:	8f478793          	addi	a5,a5,-1804 # 9418 <__sf_fake_stdin>
    6b2c:	00f59c63          	bne	a1,a5,6b44 <_fflush_r+0x3a>
    6b30:	404c                	lw	a1,4(s0)
    6b32:	00c59783          	lh	a5,12(a1)
    6b36:	c79d                	beqz	a5,6b64 <_fflush_r+0x5a>
    6b38:	8522                	mv	a0,s0
    6b3a:	4462                	lw	s0,24(sp)
    6b3c:	40f2                	lw	ra,28(sp)
    6b3e:	6105                	addi	sp,sp,32
    6b40:	e99ff06f          	j	69d8 <__sflush_r>
    6b44:	00003797          	auipc	a5,0x3
    6b48:	8f478793          	addi	a5,a5,-1804 # 9438 <__sf_fake_stdout>
    6b4c:	00f59463          	bne	a1,a5,6b54 <_fflush_r+0x4a>
    6b50:	440c                	lw	a1,8(s0)
    6b52:	b7c5                	j	6b32 <_fflush_r+0x28>
    6b54:	00003797          	auipc	a5,0x3
    6b58:	8a478793          	addi	a5,a5,-1884 # 93f8 <__sf_fake_stderr>
    6b5c:	fcf59be3          	bne	a1,a5,6b32 <_fflush_r+0x28>
    6b60:	444c                	lw	a1,12(s0)
    6b62:	bfc1                	j	6b32 <_fflush_r+0x28>
    6b64:	40f2                	lw	ra,28(sp)
    6b66:	4462                	lw	s0,24(sp)
    6b68:	4501                	li	a0,0
    6b6a:	6105                	addi	sp,sp,32
    6b6c:	8082                	ret
    6b6e:	4501                	li	a0,0
    6b70:	8082                	ret

00006b72 <_lseek_r>:
    6b72:	1141                	addi	sp,sp,-16
    6b74:	c422                	sw	s0,8(sp)
    6b76:	842a                	mv	s0,a0
    6b78:	852e                	mv	a0,a1
    6b7a:	85b2                	mv	a1,a2
    6b7c:	8636                	mv	a2,a3
    6b7e:	c401a623          	sw	zero,-948(gp) # 2000063c <errno>
    6b82:	c606                	sw	ra,12(sp)
    6b84:	6bd010ef          	jal	ra,8a40 <_lseek>
    6b88:	57fd                	li	a5,-1
    6b8a:	00f51763          	bne	a0,a5,6b98 <_lseek_r+0x26>
    6b8e:	c4c18793          	addi	a5,gp,-948 # 2000063c <errno>
    6b92:	439c                	lw	a5,0(a5)
    6b94:	c391                	beqz	a5,6b98 <_lseek_r+0x26>
    6b96:	c01c                	sw	a5,0(s0)
    6b98:	40b2                	lw	ra,12(sp)
    6b9a:	4422                	lw	s0,8(sp)
    6b9c:	0141                	addi	sp,sp,16
    6b9e:	8082                	ret

00006ba0 <__swhatbuf_r>:
    6ba0:	7119                	addi	sp,sp,-128
    6ba2:	daa6                	sw	s1,116(sp)
    6ba4:	84ae                	mv	s1,a1
    6ba6:	00e59583          	lh	a1,14(a1)
    6baa:	dca2                	sw	s0,120(sp)
    6bac:	de86                	sw	ra,124(sp)
    6bae:	8432                	mv	s0,a2
    6bb0:	0005db63          	bgez	a1,6bc6 <__swhatbuf_r+0x26>
    6bb4:	24de                	lhu	a5,12(s1)
    6bb6:	0006a023          	sw	zero,0(a3)
    6bba:	0807f793          	andi	a5,a5,128
    6bbe:	e39d                	bnez	a5,6be4 <__swhatbuf_r+0x44>
    6bc0:	40000793          	li	a5,1024
    6bc4:	a015                	j	6be8 <__swhatbuf_r+0x48>
    6bc6:	0830                	addi	a2,sp,24
    6bc8:	c636                	sw	a3,12(sp)
    6bca:	224d                	jal	6d6c <_fstat_r>
    6bcc:	46b2                	lw	a3,12(sp)
    6bce:	fe0543e3          	bltz	a0,6bb4 <__swhatbuf_r+0x14>
    6bd2:	4772                	lw	a4,28(sp)
    6bd4:	67bd                	lui	a5,0xf
    6bd6:	8ff9                	and	a5,a5,a4
    6bd8:	7779                	lui	a4,0xffffe
    6bda:	97ba                	add	a5,a5,a4
    6bdc:	0017b793          	seqz	a5,a5
    6be0:	c29c                	sw	a5,0(a3)
    6be2:	bff9                	j	6bc0 <__swhatbuf_r+0x20>
    6be4:	04000793          	li	a5,64
    6be8:	c01c                	sw	a5,0(s0)
    6bea:	50f6                	lw	ra,124(sp)
    6bec:	5466                	lw	s0,120(sp)
    6bee:	54d6                	lw	s1,116(sp)
    6bf0:	4501                	li	a0,0
    6bf2:	6109                	addi	sp,sp,128
    6bf4:	8082                	ret

00006bf6 <__smakebuf_r>:
    6bf6:	25de                	lhu	a5,12(a1)
    6bf8:	1101                	addi	sp,sp,-32
    6bfa:	cc22                	sw	s0,24(sp)
    6bfc:	ce06                	sw	ra,28(sp)
    6bfe:	ca26                	sw	s1,20(sp)
    6c00:	c84a                	sw	s2,16(sp)
    6c02:	8b89                	andi	a5,a5,2
    6c04:	842e                	mv	s0,a1
    6c06:	cf89                	beqz	a5,6c20 <__smakebuf_r+0x2a>
    6c08:	04740793          	addi	a5,s0,71
    6c0c:	c01c                	sw	a5,0(s0)
    6c0e:	c81c                	sw	a5,16(s0)
    6c10:	4785                	li	a5,1
    6c12:	c85c                	sw	a5,20(s0)
    6c14:	40f2                	lw	ra,28(sp)
    6c16:	4462                	lw	s0,24(sp)
    6c18:	44d2                	lw	s1,20(sp)
    6c1a:	4942                	lw	s2,16(sp)
    6c1c:	6105                	addi	sp,sp,32
    6c1e:	8082                	ret
    6c20:	0074                	addi	a3,sp,12
    6c22:	0030                	addi	a2,sp,8
    6c24:	84aa                	mv	s1,a0
    6c26:	f7bff0ef          	jal	ra,6ba0 <__swhatbuf_r>
    6c2a:	45a2                	lw	a1,8(sp)
    6c2c:	892a                	mv	s2,a0
    6c2e:	8526                	mv	a0,s1
    6c30:	cd3fc0ef          	jal	ra,3902 <_malloc_r>
    6c34:	e919                	bnez	a0,6c4a <__smakebuf_r+0x54>
    6c36:	00c41783          	lh	a5,12(s0)
    6c3a:	2007f713          	andi	a4,a5,512
    6c3e:	fb79                	bnez	a4,6c14 <__smakebuf_r+0x1e>
    6c40:	9bf1                	andi	a5,a5,-4
    6c42:	0027e793          	ori	a5,a5,2
    6c46:	a45e                	sh	a5,12(s0)
    6c48:	b7c1                	j	6c08 <__smakebuf_r+0x12>
    6c4a:	ffffe797          	auipc	a5,0xffffe
    6c4e:	df478793          	addi	a5,a5,-524 # 4a3e <_cleanup_r>
    6c52:	d49c                	sw	a5,40(s1)
    6c54:	245e                	lhu	a5,12(s0)
    6c56:	c008                	sw	a0,0(s0)
    6c58:	c808                	sw	a0,16(s0)
    6c5a:	0807e793          	ori	a5,a5,128
    6c5e:	a45e                	sh	a5,12(s0)
    6c60:	47a2                	lw	a5,8(sp)
    6c62:	c85c                	sw	a5,20(s0)
    6c64:	47b2                	lw	a5,12(sp)
    6c66:	cb99                	beqz	a5,6c7c <__smakebuf_r+0x86>
    6c68:	00e41583          	lh	a1,14(s0)
    6c6c:	8526                	mv	a0,s1
    6c6e:	222d                	jal	6d98 <_isatty_r>
    6c70:	c511                	beqz	a0,6c7c <__smakebuf_r+0x86>
    6c72:	245e                	lhu	a5,12(s0)
    6c74:	9bf1                	andi	a5,a5,-4
    6c76:	0017e793          	ori	a5,a5,1
    6c7a:	a45e                	sh	a5,12(s0)
    6c7c:	245e                	lhu	a5,12(s0)
    6c7e:	00f96933          	or	s2,s2,a5
    6c82:	01241623          	sh	s2,12(s0)
    6c86:	b779                	j	6c14 <__smakebuf_r+0x1e>

00006c88 <memchr>:
    6c88:	0ff5f593          	andi	a1,a1,255
    6c8c:	962a                	add	a2,a2,a0
    6c8e:	00c51463          	bne	a0,a2,6c96 <memchr+0xe>
    6c92:	4501                	li	a0,0
    6c94:	8082                	ret
    6c96:	211c                	lbu	a5,0(a0)
    6c98:	feb78ee3          	beq	a5,a1,6c94 <memchr+0xc>
    6c9c:	0505                	addi	a0,a0,1
    6c9e:	bfc5                	j	6c8e <memchr+0x6>

00006ca0 <memmove>:
    6ca0:	04a5f163          	bgeu	a1,a0,6ce2 <memmove+0x42>
    6ca4:	00c586b3          	add	a3,a1,a2
    6ca8:	02d57d63          	bgeu	a0,a3,6ce2 <memmove+0x42>
    6cac:	fff64593          	not	a1,a2
    6cb0:	4781                	li	a5,0
    6cb2:	17fd                	addi	a5,a5,-1
    6cb4:	00f59363          	bne	a1,a5,6cba <memmove+0x1a>
    6cb8:	8082                	ret
    6cba:	00f68733          	add	a4,a3,a5
    6cbe:	00074803          	lbu	a6,0(a4) # ffffe000 <_eusrstack+0xdfff9000>
    6cc2:	00c78733          	add	a4,a5,a2
    6cc6:	972a                	add	a4,a4,a0
    6cc8:	01070023          	sb	a6,0(a4)
    6ccc:	b7dd                	j	6cb2 <memmove+0x12>
    6cce:	00f58733          	add	a4,a1,a5
    6cd2:	2314                	lbu	a3,0(a4)
    6cd4:	00f50733          	add	a4,a0,a5
    6cd8:	0785                	addi	a5,a5,1
    6cda:	a314                	sb	a3,0(a4)
    6cdc:	fef619e3          	bne	a2,a5,6cce <memmove+0x2e>
    6ce0:	8082                	ret
    6ce2:	4781                	li	a5,0
    6ce4:	bfe5                	j	6cdc <memmove+0x3c>

00006ce6 <_realloc_r>:
    6ce6:	e581                	bnez	a1,6cee <_realloc_r+0x8>
    6ce8:	85b2                	mv	a1,a2
    6cea:	c19fc06f          	j	3902 <_malloc_r>
    6cee:	1101                	addi	sp,sp,-32
    6cf0:	cc22                	sw	s0,24(sp)
    6cf2:	ce06                	sw	ra,28(sp)
    6cf4:	ca26                	sw	s1,20(sp)
    6cf6:	c84a                	sw	s2,16(sp)
    6cf8:	c64e                	sw	s3,12(sp)
    6cfa:	8432                	mv	s0,a2
    6cfc:	ee01                	bnez	a2,6d14 <_realloc_r+0x2e>
    6cfe:	b5dfc0ef          	jal	ra,385a <_free_r>
    6d02:	4901                	li	s2,0
    6d04:	40f2                	lw	ra,28(sp)
    6d06:	4462                	lw	s0,24(sp)
    6d08:	854a                	mv	a0,s2
    6d0a:	44d2                	lw	s1,20(sp)
    6d0c:	4942                	lw	s2,16(sp)
    6d0e:	49b2                	lw	s3,12(sp)
    6d10:	6105                	addi	sp,sp,32
    6d12:	8082                	ret
    6d14:	84ae                	mv	s1,a1
    6d16:	89aa                	mv	s3,a0
    6d18:	206d                	jal	6dc2 <_malloc_usable_size_r>
    6d1a:	8926                	mv	s2,s1
    6d1c:	fe8574e3          	bgeu	a0,s0,6d04 <_realloc_r+0x1e>
    6d20:	85a2                	mv	a1,s0
    6d22:	854e                	mv	a0,s3
    6d24:	bdffc0ef          	jal	ra,3902 <_malloc_r>
    6d28:	892a                	mv	s2,a0
    6d2a:	dd69                	beqz	a0,6d04 <_realloc_r+0x1e>
    6d2c:	85a6                	mv	a1,s1
    6d2e:	8622                	mv	a2,s0
    6d30:	a53fc0ef          	jal	ra,3782 <memcpy>
    6d34:	85a6                	mv	a1,s1
    6d36:	854e                	mv	a0,s3
    6d38:	b23fc0ef          	jal	ra,385a <_free_r>
    6d3c:	b7e1                	j	6d04 <_realloc_r+0x1e>

00006d3e <_read_r>:
    6d3e:	1141                	addi	sp,sp,-16
    6d40:	c422                	sw	s0,8(sp)
    6d42:	842a                	mv	s0,a0
    6d44:	852e                	mv	a0,a1
    6d46:	85b2                	mv	a1,a2
    6d48:	8636                	mv	a2,a3
    6d4a:	c401a623          	sw	zero,-948(gp) # 2000063c <errno>
    6d4e:	c606                	sw	ra,12(sp)
    6d50:	4fd010ef          	jal	ra,8a4c <_read>
    6d54:	57fd                	li	a5,-1
    6d56:	00f51763          	bne	a0,a5,6d64 <_read_r+0x26>
    6d5a:	c4c18793          	addi	a5,gp,-948 # 2000063c <errno>
    6d5e:	439c                	lw	a5,0(a5)
    6d60:	c391                	beqz	a5,6d64 <_read_r+0x26>
    6d62:	c01c                	sw	a5,0(s0)
    6d64:	40b2                	lw	ra,12(sp)
    6d66:	4422                	lw	s0,8(sp)
    6d68:	0141                	addi	sp,sp,16
    6d6a:	8082                	ret

00006d6c <_fstat_r>:
    6d6c:	1141                	addi	sp,sp,-16
    6d6e:	c422                	sw	s0,8(sp)
    6d70:	842a                	mv	s0,a0
    6d72:	852e                	mv	a0,a1
    6d74:	85b2                	mv	a1,a2
    6d76:	c401a623          	sw	zero,-948(gp) # 2000063c <errno>
    6d7a:	c606                	sw	ra,12(sp)
    6d7c:	4ad010ef          	jal	ra,8a28 <_fstat>
    6d80:	57fd                	li	a5,-1
    6d82:	00f51763          	bne	a0,a5,6d90 <_fstat_r+0x24>
    6d86:	c4c18793          	addi	a5,gp,-948 # 2000063c <errno>
    6d8a:	439c                	lw	a5,0(a5)
    6d8c:	c391                	beqz	a5,6d90 <_fstat_r+0x24>
    6d8e:	c01c                	sw	a5,0(s0)
    6d90:	40b2                	lw	ra,12(sp)
    6d92:	4422                	lw	s0,8(sp)
    6d94:	0141                	addi	sp,sp,16
    6d96:	8082                	ret

00006d98 <_isatty_r>:
    6d98:	1141                	addi	sp,sp,-16
    6d9a:	c422                	sw	s0,8(sp)
    6d9c:	842a                	mv	s0,a0
    6d9e:	852e                	mv	a0,a1
    6da0:	c401a623          	sw	zero,-948(gp) # 2000063c <errno>
    6da4:	c606                	sw	ra,12(sp)
    6da6:	48f010ef          	jal	ra,8a34 <_isatty>
    6daa:	57fd                	li	a5,-1
    6dac:	00f51763          	bne	a0,a5,6dba <_isatty_r+0x22>
    6db0:	c4c18793          	addi	a5,gp,-948 # 2000063c <errno>
    6db4:	439c                	lw	a5,0(a5)
    6db6:	c391                	beqz	a5,6dba <_isatty_r+0x22>
    6db8:	c01c                	sw	a5,0(s0)
    6dba:	40b2                	lw	ra,12(sp)
    6dbc:	4422                	lw	s0,8(sp)
    6dbe:	0141                	addi	sp,sp,16
    6dc0:	8082                	ret

00006dc2 <_malloc_usable_size_r>:
    6dc2:	ffc5a783          	lw	a5,-4(a1)
    6dc6:	ffc78513          	addi	a0,a5,-4
    6dca:	0007d563          	bgez	a5,6dd4 <_malloc_usable_size_r+0x12>
    6dce:	95aa                	add	a1,a1,a0
    6dd0:	419c                	lw	a5,0(a1)
    6dd2:	953e                	add	a0,a0,a5
    6dd4:	8082                	ret

00006dd6 <__adddf3>:
    6dd6:	00100837          	lui	a6,0x100
    6dda:	1101                	addi	sp,sp,-32
    6ddc:	187d                	addi	a6,a6,-1
    6dde:	00b87733          	and	a4,a6,a1
    6de2:	ca26                	sw	s1,20(sp)
    6de4:	00d87833          	and	a6,a6,a3
    6de8:	0145d493          	srli	s1,a1,0x14
    6dec:	0146d313          	srli	t1,a3,0x14
    6df0:	00371e13          	slli	t3,a4,0x3
    6df4:	c64e                	sw	s3,12(sp)
    6df6:	01d55713          	srli	a4,a0,0x1d
    6dfa:	080e                	slli	a6,a6,0x3
    6dfc:	01d65793          	srli	a5,a2,0x1d
    6e00:	7ff4f493          	andi	s1,s1,2047
    6e04:	7ff37313          	andi	t1,t1,2047
    6e08:	ce06                	sw	ra,28(sp)
    6e0a:	cc22                	sw	s0,24(sp)
    6e0c:	c84a                	sw	s2,16(sp)
    6e0e:	01f5d993          	srli	s3,a1,0x1f
    6e12:	01f6de93          	srli	t4,a3,0x1f
    6e16:	01c76733          	or	a4,a4,t3
    6e1a:	00351f13          	slli	t5,a0,0x3
    6e1e:	0107e833          	or	a6,a5,a6
    6e22:	00361f93          	slli	t6,a2,0x3
    6e26:	40648e33          	sub	t3,s1,t1
    6e2a:	19d98063          	beq	s3,t4,6faa <__adddf3+0x1d4>
    6e2e:	13c05663          	blez	t3,6f5a <__adddf3+0x184>
    6e32:	1c030463          	beqz	t1,6ffa <__adddf3+0x224>
    6e36:	008006b7          	lui	a3,0x800
    6e3a:	7ff00793          	li	a5,2047
    6e3e:	00d86833          	or	a6,a6,a3
    6e42:	36f48f63          	beq	s1,a5,71c0 <__adddf3+0x3ea>
    6e46:	03800793          	li	a5,56
    6e4a:	35c7c063          	blt	a5,t3,718a <__adddf3+0x3b4>
    6e4e:	47fd                	li	a5,31
    6e50:	47c7cd63          	blt	a5,t3,72ca <__adddf3+0x4f4>
    6e54:	02000513          	li	a0,32
    6e58:	41c50533          	sub	a0,a0,t3
    6e5c:	01cfd7b3          	srl	a5,t6,t3
    6e60:	00a816b3          	sll	a3,a6,a0
    6e64:	00af9933          	sll	s2,t6,a0
    6e68:	8edd                	or	a3,a3,a5
    6e6a:	01203933          	snez	s2,s2
    6e6e:	01c857b3          	srl	a5,a6,t3
    6e72:	0126e933          	or	s2,a3,s2
    6e76:	8f1d                	sub	a4,a4,a5
    6e78:	412f0933          	sub	s2,t5,s2
    6e7c:	012f37b3          	sltu	a5,t5,s2
    6e80:	40f70633          	sub	a2,a4,a5
    6e84:	00861793          	slli	a5,a2,0x8
    6e88:	2407d463          	bgez	a5,70d0 <__adddf3+0x2fa>
    6e8c:	00800737          	lui	a4,0x800
    6e90:	177d                	addi	a4,a4,-1
    6e92:	00e67433          	and	s0,a2,a4
    6e96:	2c040c63          	beqz	s0,716e <__adddf3+0x398>
    6e9a:	8522                	mv	a0,s0
    6e9c:	843fc0ef          	jal	ra,36de <__clzsi2>
    6ea0:	ff850713          	addi	a4,a0,-8
    6ea4:	02000793          	li	a5,32
    6ea8:	8f99                	sub	a5,a5,a4
    6eaa:	00f957b3          	srl	a5,s2,a5
    6eae:	00e41633          	sll	a2,s0,a4
    6eb2:	8fd1                	or	a5,a5,a2
    6eb4:	00e91933          	sll	s2,s2,a4
    6eb8:	2a974163          	blt	a4,s1,715a <__adddf3+0x384>
    6ebc:	40970533          	sub	a0,a4,s1
    6ec0:	00150613          	addi	a2,a0,1
    6ec4:	477d                	li	a4,31
    6ec6:	38c74d63          	blt	a4,a2,7260 <__adddf3+0x48a>
    6eca:	02000713          	li	a4,32
    6ece:	8f11                	sub	a4,a4,a2
    6ed0:	00c956b3          	srl	a3,s2,a2
    6ed4:	00e91933          	sll	s2,s2,a4
    6ed8:	00e79733          	sll	a4,a5,a4
    6edc:	8f55                	or	a4,a4,a3
    6ede:	01203933          	snez	s2,s2
    6ee2:	01276933          	or	s2,a4,s2
    6ee6:	00c7d633          	srl	a2,a5,a2
    6eea:	4481                	li	s1,0
    6eec:	00797793          	andi	a5,s2,7
    6ef0:	cf81                	beqz	a5,6f08 <__adddf3+0x132>
    6ef2:	00f97713          	andi	a4,s2,15
    6ef6:	4791                	li	a5,4
    6ef8:	00f70863          	beq	a4,a5,6f08 <__adddf3+0x132>
    6efc:	00490713          	addi	a4,s2,4
    6f00:	01273933          	sltu	s2,a4,s2
    6f04:	964a                	add	a2,a2,s2
    6f06:	893a                	mv	s2,a4
    6f08:	00861793          	slli	a5,a2,0x8
    6f0c:	1c07d663          	bgez	a5,70d8 <__adddf3+0x302>
    6f10:	00148513          	addi	a0,s1,1
    6f14:	7ff00793          	li	a5,2047
    6f18:	85ce                	mv	a1,s3
    6f1a:	20f50463          	beq	a0,a5,7122 <__adddf3+0x34c>
    6f1e:	ff8007b7          	lui	a5,0xff800
    6f22:	17fd                	addi	a5,a5,-1
    6f24:	8ff1                	and	a5,a5,a2
    6f26:	01d79893          	slli	a7,a5,0x1d
    6f2a:	00395913          	srli	s2,s2,0x3
    6f2e:	07a6                	slli	a5,a5,0x9
    6f30:	0128e8b3          	or	a7,a7,s2
    6f34:	83b1                	srli	a5,a5,0xc
    6f36:	7ff57513          	andi	a0,a0,2047
    6f3a:	00c79693          	slli	a3,a5,0xc
    6f3e:	0552                	slli	a0,a0,0x14
    6f40:	40f2                	lw	ra,28(sp)
    6f42:	4462                	lw	s0,24(sp)
    6f44:	82b1                	srli	a3,a3,0xc
    6f46:	05fe                	slli	a1,a1,0x1f
    6f48:	8ec9                	or	a3,a3,a0
    6f4a:	8ecd                	or	a3,a3,a1
    6f4c:	44d2                	lw	s1,20(sp)
    6f4e:	4942                	lw	s2,16(sp)
    6f50:	49b2                	lw	s3,12(sp)
    6f52:	8546                	mv	a0,a7
    6f54:	85b6                	mv	a1,a3
    6f56:	6105                	addi	sp,sp,32
    6f58:	8082                	ret
    6f5a:	0a0e1e63          	bnez	t3,7016 <__adddf3+0x240>
    6f5e:	00148313          	addi	t1,s1,1
    6f62:	7fe37313          	andi	t1,t1,2046
    6f66:	22031763          	bnez	t1,7194 <__adddf3+0x3be>
    6f6a:	01e767b3          	or	a5,a4,t5
    6f6e:	01f868b3          	or	a7,a6,t6
    6f72:	1a049d63          	bnez	s1,712c <__adddf3+0x356>
    6f76:	40078763          	beqz	a5,7384 <__adddf3+0x5ae>
    6f7a:	44088663          	beqz	a7,73c6 <__adddf3+0x5f0>
    6f7e:	41ff0933          	sub	s2,t5,t6
    6f82:	410707b3          	sub	a5,a4,a6
    6f86:	012f3633          	sltu	a2,t5,s2
    6f8a:	40c78633          	sub	a2,a5,a2
    6f8e:	00861793          	slli	a5,a2,0x8
    6f92:	4c07d663          	bgez	a5,745e <__adddf3+0x688>
    6f96:	41ef8933          	sub	s2,t6,t5
    6f9a:	40e807b3          	sub	a5,a6,a4
    6f9e:	012fb633          	sltu	a2,t6,s2
    6fa2:	40c78633          	sub	a2,a5,a2
    6fa6:	89f6                	mv	s3,t4
    6fa8:	b791                	j	6eec <__adddf3+0x116>
    6faa:	0fc05063          	blez	t3,708a <__adddf3+0x2b4>
    6fae:	0c030063          	beqz	t1,706e <__adddf3+0x298>
    6fb2:	008006b7          	lui	a3,0x800
    6fb6:	7ff00793          	li	a5,2047
    6fba:	00d86833          	or	a6,a6,a3
    6fbe:	3af48a63          	beq	s1,a5,7372 <__adddf3+0x59c>
    6fc2:	03800793          	li	a5,56
    6fc6:	13c7cb63          	blt	a5,t3,70fc <__adddf3+0x326>
    6fca:	47fd                	li	a5,31
    6fcc:	35c7df63          	bge	a5,t3,732a <__adddf3+0x554>
    6fd0:	fe0e0913          	addi	s2,t3,-32
    6fd4:	02000793          	li	a5,32
    6fd8:	012856b3          	srl	a3,a6,s2
    6fdc:	00fe0a63          	beq	t3,a5,6ff0 <__adddf3+0x21a>
    6fe0:	04000913          	li	s2,64
    6fe4:	41c90933          	sub	s2,s2,t3
    6fe8:	01281933          	sll	s2,a6,s2
    6fec:	012fefb3          	or	t6,t6,s2
    6ff0:	01f03933          	snez	s2,t6
    6ff4:	00d96933          	or	s2,s2,a3
    6ff8:	a231                	j	7104 <__adddf3+0x32e>
    6ffa:	01f867b3          	or	a5,a6,t6
    6ffe:	1c078a63          	beqz	a5,71d2 <__adddf3+0x3fc>
    7002:	fffe0793          	addi	a5,t3,-1
    7006:	38078c63          	beqz	a5,739e <__adddf3+0x5c8>
    700a:	7ff00693          	li	a3,2047
    700e:	1ade0963          	beq	t3,a3,71c0 <__adddf3+0x3ea>
    7012:	8e3e                	mv	t3,a5
    7014:	bd0d                	j	6e46 <__adddf3+0x70>
    7016:	409305b3          	sub	a1,t1,s1
    701a:	22049163          	bnez	s1,723c <__adddf3+0x466>
    701e:	01e767b3          	or	a5,a4,t5
    7022:	32078763          	beqz	a5,7350 <__adddf3+0x57a>
    7026:	fff58793          	addi	a5,a1,-1
    702a:	44078163          	beqz	a5,746c <__adddf3+0x696>
    702e:	7ff00693          	li	a3,2047
    7032:	20d58c63          	beq	a1,a3,724a <__adddf3+0x474>
    7036:	85be                	mv	a1,a5
    7038:	03800793          	li	a5,56
    703c:	2ab7cc63          	blt	a5,a1,72f4 <__adddf3+0x51e>
    7040:	47fd                	li	a5,31
    7042:	3cb7cf63          	blt	a5,a1,7420 <__adddf3+0x64a>
    7046:	02000793          	li	a5,32
    704a:	8f8d                	sub	a5,a5,a1
    704c:	00f71933          	sll	s2,a4,a5
    7050:	00bf56b3          	srl	a3,t5,a1
    7054:	00ff17b3          	sll	a5,t5,a5
    7058:	00d96933          	or	s2,s2,a3
    705c:	00f037b3          	snez	a5,a5
    7060:	00b75733          	srl	a4,a4,a1
    7064:	00f96933          	or	s2,s2,a5
    7068:	40e80833          	sub	a6,a6,a4
    706c:	ac41                	j	72fc <__adddf3+0x526>
    706e:	01f867b3          	or	a5,a6,t6
    7072:	34078063          	beqz	a5,73b2 <__adddf3+0x5dc>
    7076:	fffe0793          	addi	a5,t3,-1
    707a:	20078a63          	beqz	a5,728e <__adddf3+0x4b8>
    707e:	7ff00693          	li	a3,2047
    7082:	2ede0863          	beq	t3,a3,7372 <__adddf3+0x59c>
    7086:	8e3e                	mv	t3,a5
    7088:	bf2d                	j	6fc2 <__adddf3+0x1ec>
    708a:	140e1e63          	bnez	t3,71e6 <__adddf3+0x410>
    708e:	00148693          	addi	a3,s1,1
    7092:	7fe6f793          	andi	a5,a3,2046
    7096:	34079163          	bnez	a5,73d8 <__adddf3+0x602>
    709a:	01e767b3          	or	a5,a4,t5
    709e:	2c049563          	bnez	s1,7368 <__adddf3+0x592>
    70a2:	3e078063          	beqz	a5,7482 <__adddf3+0x6ac>
    70a6:	01f867b3          	or	a5,a6,t6
    70aa:	30078e63          	beqz	a5,73c6 <__adddf3+0x5f0>
    70ae:	01ff0933          	add	s2,t5,t6
    70b2:	010707b3          	add	a5,a4,a6
    70b6:	01e93f33          	sltu	t5,s2,t5
    70ba:	01e78633          	add	a2,a5,t5
    70be:	00861793          	slli	a5,a2,0x8
    70c2:	0007d763          	bgez	a5,70d0 <__adddf3+0x2fa>
    70c6:	ff8007b7          	lui	a5,0xff800
    70ca:	17fd                	addi	a5,a5,-1
    70cc:	8e7d                	and	a2,a2,a5
    70ce:	4485                	li	s1,1
    70d0:	00797793          	andi	a5,s2,7
    70d4:	e0079fe3          	bnez	a5,6ef2 <__adddf3+0x11c>
    70d8:	01d61793          	slli	a5,a2,0x1d
    70dc:	00395893          	srli	a7,s2,0x3
    70e0:	00f8e8b3          	or	a7,a7,a5
    70e4:	00365793          	srli	a5,a2,0x3
    70e8:	7ff00713          	li	a4,2047
    70ec:	04e48d63          	beq	s1,a4,7146 <__adddf3+0x370>
    70f0:	07b2                	slli	a5,a5,0xc
    70f2:	83b1                	srli	a5,a5,0xc
    70f4:	7ff4f513          	andi	a0,s1,2047
    70f8:	85ce                	mv	a1,s3
    70fa:	b581                	j	6f3a <__adddf3+0x164>
    70fc:	01f86933          	or	s2,a6,t6
    7100:	01203933          	snez	s2,s2
    7104:	997a                	add	s2,s2,t5
    7106:	01e937b3          	sltu	a5,s2,t5
    710a:	00e78633          	add	a2,a5,a4
    710e:	00861793          	slli	a5,a2,0x8
    7112:	fa07dfe3          	bgez	a5,70d0 <__adddf3+0x2fa>
    7116:	0485                	addi	s1,s1,1
    7118:	7ff00793          	li	a5,2047
    711c:	18f49663          	bne	s1,a5,72a8 <__adddf3+0x4d2>
    7120:	85ce                	mv	a1,s3
    7122:	7ff00513          	li	a0,2047
    7126:	4781                	li	a5,0
    7128:	4881                	li	a7,0
    712a:	bd01                	j	6f3a <__adddf3+0x164>
    712c:	ebc1                	bnez	a5,71bc <__adddf3+0x3e6>
    712e:	3a088463          	beqz	a7,74d6 <__adddf3+0x700>
    7132:	00361693          	slli	a3,a2,0x3
    7136:	01d81793          	slli	a5,a6,0x1d
    713a:	828d                	srli	a3,a3,0x3
    713c:	00d7e8b3          	or	a7,a5,a3
    7140:	89f6                	mv	s3,t4
    7142:	00385793          	srli	a5,a6,0x3
    7146:	00f8e7b3          	or	a5,a7,a5
    714a:	dbf9                	beqz	a5,7120 <__adddf3+0x34a>
    714c:	4581                	li	a1,0
    714e:	7ff00513          	li	a0,2047
    7152:	000807b7          	lui	a5,0x80
    7156:	4881                	li	a7,0
    7158:	b3cd                	j	6f3a <__adddf3+0x164>
    715a:	ff800637          	lui	a2,0xff800
    715e:	167d                	addi	a2,a2,-1
    7160:	8e7d                	and	a2,a2,a5
    7162:	00797793          	andi	a5,s2,7
    7166:	8c99                	sub	s1,s1,a4
    7168:	d80795e3          	bnez	a5,6ef2 <__adddf3+0x11c>
    716c:	b7b5                	j	70d8 <__adddf3+0x302>
    716e:	854a                	mv	a0,s2
    7170:	d6efc0ef          	jal	ra,36de <__clzsi2>
    7174:	01850713          	addi	a4,a0,24
    7178:	47fd                	li	a5,31
    717a:	d2e7d5e3          	bge	a5,a4,6ea4 <__adddf3+0xce>
    717e:	ff850613          	addi	a2,a0,-8
    7182:	00c917b3          	sll	a5,s2,a2
    7186:	4901                	li	s2,0
    7188:	bb05                	j	6eb8 <__adddf3+0xe2>
    718a:	01f86933          	or	s2,a6,t6
    718e:	01203933          	snez	s2,s2
    7192:	b1dd                	j	6e78 <__adddf3+0xa2>
    7194:	41ff0933          	sub	s2,t5,t6
    7198:	41070633          	sub	a2,a4,a6
    719c:	012f3433          	sltu	s0,t5,s2
    71a0:	40860433          	sub	s0,a2,s0
    71a4:	00841793          	slli	a5,s0,0x8
    71a8:	2407cd63          	bltz	a5,7402 <__adddf3+0x62c>
    71ac:	008968b3          	or	a7,s2,s0
    71b0:	ce0893e3          	bnez	a7,6e96 <__adddf3+0xc0>
    71b4:	4781                	li	a5,0
    71b6:	4981                	li	s3,0
    71b8:	4481                	li	s1,0
    71ba:	bf1d                	j	70f0 <__adddf3+0x31a>
    71bc:	f80898e3          	bnez	a7,714c <__adddf3+0x376>
    71c0:	050e                	slli	a0,a0,0x3
    71c2:	01d71793          	slli	a5,a4,0x1d
    71c6:	810d                	srli	a0,a0,0x3
    71c8:	00a7e8b3          	or	a7,a5,a0
    71cc:	00375793          	srli	a5,a4,0x3
    71d0:	bf9d                	j	7146 <__adddf3+0x370>
    71d2:	050e                	slli	a0,a0,0x3
    71d4:	01d71793          	slli	a5,a4,0x1d
    71d8:	810d                	srli	a0,a0,0x3
    71da:	00a7e8b3          	or	a7,a5,a0
    71de:	84f2                	mv	s1,t3
    71e0:	00375793          	srli	a5,a4,0x3
    71e4:	b711                	j	70e8 <__adddf3+0x312>
    71e6:	40930533          	sub	a0,t1,s1
    71ea:	12048263          	beqz	s1,730e <__adddf3+0x538>
    71ee:	008006b7          	lui	a3,0x800
    71f2:	7ff00793          	li	a5,2047
    71f6:	8f55                	or	a4,a4,a3
    71f8:	2ef30d63          	beq	t1,a5,74f2 <__adddf3+0x71c>
    71fc:	03800793          	li	a5,56
    7200:	20a7cb63          	blt	a5,a0,7416 <__adddf3+0x640>
    7204:	47fd                	li	a5,31
    7206:	2aa7c363          	blt	a5,a0,74ac <__adddf3+0x6d6>
    720a:	02000793          	li	a5,32
    720e:	8f89                	sub	a5,a5,a0
    7210:	00f71933          	sll	s2,a4,a5
    7214:	00af56b3          	srl	a3,t5,a0
    7218:	00ff17b3          	sll	a5,t5,a5
    721c:	00d96933          	or	s2,s2,a3
    7220:	00f037b3          	snez	a5,a5
    7224:	00a75733          	srl	a4,a4,a0
    7228:	00f96933          	or	s2,s2,a5
    722c:	983a                	add	a6,a6,a4
    722e:	997e                	add	s2,s2,t6
    7230:	01f937b3          	sltu	a5,s2,t6
    7234:	01078633          	add	a2,a5,a6
    7238:	849a                	mv	s1,t1
    723a:	bdd1                	j	710e <__adddf3+0x338>
    723c:	008006b7          	lui	a3,0x800
    7240:	7ff00793          	li	a5,2047
    7244:	8f55                	or	a4,a4,a3
    7246:	def319e3          	bne	t1,a5,7038 <__adddf3+0x262>
    724a:	00361793          	slli	a5,a2,0x3
    724e:	838d                	srli	a5,a5,0x3
    7250:	01d81893          	slli	a7,a6,0x1d
    7254:	0117e8b3          	or	a7,a5,a7
    7258:	89f6                	mv	s3,t4
    725a:	00385793          	srli	a5,a6,0x3
    725e:	b5e5                	j	7146 <__adddf3+0x370>
    7260:	fe150713          	addi	a4,a0,-31
    7264:	02000693          	li	a3,32
    7268:	00e7d733          	srl	a4,a5,a4
    726c:	00d60a63          	beq	a2,a3,7280 <__adddf3+0x4aa>
    7270:	04000693          	li	a3,64
    7274:	40c68633          	sub	a2,a3,a2
    7278:	00c79633          	sll	a2,a5,a2
    727c:	00c96933          	or	s2,s2,a2
    7280:	01203933          	snez	s2,s2
    7284:	00e96933          	or	s2,s2,a4
    7288:	4601                	li	a2,0
    728a:	4481                	li	s1,0
    728c:	b591                	j	70d0 <__adddf3+0x2fa>
    728e:	01ff0933          	add	s2,t5,t6
    7292:	010707b3          	add	a5,a4,a6
    7296:	01e93633          	sltu	a2,s2,t5
    729a:	963e                	add	a2,a2,a5
    729c:	00861793          	slli	a5,a2,0x8
    72a0:	4485                	li	s1,1
    72a2:	e207d7e3          	bgez	a5,70d0 <__adddf3+0x2fa>
    72a6:	4489                	li	s1,2
    72a8:	ff8007b7          	lui	a5,0xff800
    72ac:	17fd                	addi	a5,a5,-1
    72ae:	8ff1                	and	a5,a5,a2
    72b0:	00195713          	srli	a4,s2,0x1
    72b4:	00197913          	andi	s2,s2,1
    72b8:	01276933          	or	s2,a4,s2
    72bc:	01f79893          	slli	a7,a5,0x1f
    72c0:	0128e933          	or	s2,a7,s2
    72c4:	0017d613          	srli	a2,a5,0x1
    72c8:	b115                	j	6eec <__adddf3+0x116>
    72ca:	fe0e0913          	addi	s2,t3,-32
    72ce:	02000793          	li	a5,32
    72d2:	012856b3          	srl	a3,a6,s2
    72d6:	00fe0a63          	beq	t3,a5,72ea <__adddf3+0x514>
    72da:	04000913          	li	s2,64
    72de:	41c90933          	sub	s2,s2,t3
    72e2:	01281933          	sll	s2,a6,s2
    72e6:	012fefb3          	or	t6,t6,s2
    72ea:	01f03933          	snez	s2,t6
    72ee:	00d96933          	or	s2,s2,a3
    72f2:	b659                	j	6e78 <__adddf3+0xa2>
    72f4:	01e76933          	or	s2,a4,t5
    72f8:	01203933          	snez	s2,s2
    72fc:	412f8933          	sub	s2,t6,s2
    7300:	012fb7b3          	sltu	a5,t6,s2
    7304:	40f80633          	sub	a2,a6,a5
    7308:	849a                	mv	s1,t1
    730a:	89f6                	mv	s3,t4
    730c:	bea5                	j	6e84 <__adddf3+0xae>
    730e:	01e767b3          	or	a5,a4,t5
    7312:	18078263          	beqz	a5,7496 <__adddf3+0x6c0>
    7316:	fff50793          	addi	a5,a0,-1
    731a:	1c078463          	beqz	a5,74e2 <__adddf3+0x70c>
    731e:	7ff00693          	li	a3,2047
    7322:	12d50463          	beq	a0,a3,744a <__adddf3+0x674>
    7326:	853e                	mv	a0,a5
    7328:	bdd1                	j	71fc <__adddf3+0x426>
    732a:	02000793          	li	a5,32
    732e:	41c787b3          	sub	a5,a5,t3
    7332:	00f816b3          	sll	a3,a6,a5
    7336:	00ff9933          	sll	s2,t6,a5
    733a:	01cfd633          	srl	a2,t6,t3
    733e:	8ed1                	or	a3,a3,a2
    7340:	01203933          	snez	s2,s2
    7344:	01c857b3          	srl	a5,a6,t3
    7348:	0126e933          	or	s2,a3,s2
    734c:	973e                	add	a4,a4,a5
    734e:	bb5d                	j	7104 <__adddf3+0x32e>
    7350:	00361793          	slli	a5,a2,0x3
    7354:	838d                	srli	a5,a5,0x3
    7356:	01d81893          	slli	a7,a6,0x1d
    735a:	0117e8b3          	or	a7,a5,a7
    735e:	84ae                	mv	s1,a1
    7360:	00385793          	srli	a5,a6,0x3
    7364:	89f6                	mv	s3,t4
    7366:	b349                	j	70e8 <__adddf3+0x312>
    7368:	c3ed                	beqz	a5,744a <__adddf3+0x674>
    736a:	01f86933          	or	s2,a6,t6
    736e:	dc091fe3          	bnez	s2,714c <__adddf3+0x376>
    7372:	050e                	slli	a0,a0,0x3
    7374:	01d71793          	slli	a5,a4,0x1d
    7378:	810d                	srli	a0,a0,0x3
    737a:	00f568b3          	or	a7,a0,a5
    737e:	00375793          	srli	a5,a4,0x3
    7382:	b3d1                	j	7146 <__adddf3+0x370>
    7384:	0e088163          	beqz	a7,7466 <__adddf3+0x690>
    7388:	00361693          	slli	a3,a2,0x3
    738c:	01d81793          	slli	a5,a6,0x1d
    7390:	828d                	srli	a3,a3,0x3
    7392:	00d7e8b3          	or	a7,a5,a3
    7396:	89f6                	mv	s3,t4
    7398:	00385793          	srli	a5,a6,0x3
    739c:	bb91                	j	70f0 <__adddf3+0x31a>
    739e:	41ff0933          	sub	s2,t5,t6
    73a2:	410707b3          	sub	a5,a4,a6
    73a6:	012f3f33          	sltu	t5,t5,s2
    73aa:	41e78633          	sub	a2,a5,t5
    73ae:	4485                	li	s1,1
    73b0:	bcd1                	j	6e84 <__adddf3+0xae>
    73b2:	050e                	slli	a0,a0,0x3
    73b4:	01d71793          	slli	a5,a4,0x1d
    73b8:	810d                	srli	a0,a0,0x3
    73ba:	00f568b3          	or	a7,a0,a5
    73be:	84f2                	mv	s1,t3
    73c0:	00375793          	srli	a5,a4,0x3
    73c4:	b315                	j	70e8 <__adddf3+0x312>
    73c6:	050e                	slli	a0,a0,0x3
    73c8:	01d71793          	slli	a5,a4,0x1d
    73cc:	810d                	srli	a0,a0,0x3
    73ce:	00a7e8b3          	or	a7,a5,a0
    73d2:	00375793          	srli	a5,a4,0x3
    73d6:	bb29                	j	70f0 <__adddf3+0x31a>
    73d8:	7ff00793          	li	a5,2047
    73dc:	d4f682e3          	beq	a3,a5,7120 <__adddf3+0x34a>
    73e0:	01ff0933          	add	s2,t5,t6
    73e4:	01e93633          	sltu	a2,s2,t5
    73e8:	010707b3          	add	a5,a4,a6
    73ec:	97b2                	add	a5,a5,a2
    73ee:	01f79893          	slli	a7,a5,0x1f
    73f2:	00195913          	srli	s2,s2,0x1
    73f6:	0128e933          	or	s2,a7,s2
    73fa:	0017d613          	srli	a2,a5,0x1
    73fe:	84b6                	mv	s1,a3
    7400:	b9c1                	j	70d0 <__adddf3+0x2fa>
    7402:	41ef8933          	sub	s2,t6,t5
    7406:	40e80733          	sub	a4,a6,a4
    740a:	012fb633          	sltu	a2,t6,s2
    740e:	40c70433          	sub	s0,a4,a2
    7412:	89f6                	mv	s3,t4
    7414:	b449                	j	6e96 <__adddf3+0xc0>
    7416:	01e76933          	or	s2,a4,t5
    741a:	01203933          	snez	s2,s2
    741e:	bd01                	j	722e <__adddf3+0x458>
    7420:	fe058793          	addi	a5,a1,-32
    7424:	02000693          	li	a3,32
    7428:	00f757b3          	srl	a5,a4,a5
    742c:	00d58a63          	beq	a1,a3,7440 <__adddf3+0x66a>
    7430:	04000693          	li	a3,64
    7434:	40b685b3          	sub	a1,a3,a1
    7438:	00b71733          	sll	a4,a4,a1
    743c:	00ef6f33          	or	t5,t5,a4
    7440:	01e03933          	snez	s2,t5
    7444:	00f96933          	or	s2,s2,a5
    7448:	bd55                	j	72fc <__adddf3+0x526>
    744a:	00361793          	slli	a5,a2,0x3
    744e:	838d                	srli	a5,a5,0x3
    7450:	01d81893          	slli	a7,a6,0x1d
    7454:	0117e8b3          	or	a7,a5,a7
    7458:	00385793          	srli	a5,a6,0x3
    745c:	b1ed                	j	7146 <__adddf3+0x370>
    745e:	00c968b3          	or	a7,s2,a2
    7462:	c60897e3          	bnez	a7,70d0 <__adddf3+0x2fa>
    7466:	4781                	li	a5,0
    7468:	4981                	li	s3,0
    746a:	b159                	j	70f0 <__adddf3+0x31a>
    746c:	41ef8933          	sub	s2,t6,t5
    7470:	40e807b3          	sub	a5,a6,a4
    7474:	012fb633          	sltu	a2,t6,s2
    7478:	40c78633          	sub	a2,a5,a2
    747c:	89f6                	mv	s3,t4
    747e:	4485                	li	s1,1
    7480:	b411                	j	6e84 <__adddf3+0xae>
    7482:	00361693          	slli	a3,a2,0x3
    7486:	01d81793          	slli	a5,a6,0x1d
    748a:	828d                	srli	a3,a3,0x3
    748c:	00d7e8b3          	or	a7,a5,a3
    7490:	00385793          	srli	a5,a6,0x3
    7494:	b9b1                	j	70f0 <__adddf3+0x31a>
    7496:	00361693          	slli	a3,a2,0x3
    749a:	01d81793          	slli	a5,a6,0x1d
    749e:	828d                	srli	a3,a3,0x3
    74a0:	00d7e8b3          	or	a7,a5,a3
    74a4:	84aa                	mv	s1,a0
    74a6:	00385793          	srli	a5,a6,0x3
    74aa:	b93d                	j	70e8 <__adddf3+0x312>
    74ac:	fe050793          	addi	a5,a0,-32
    74b0:	02000693          	li	a3,32
    74b4:	00f757b3          	srl	a5,a4,a5
    74b8:	00d50a63          	beq	a0,a3,74cc <__adddf3+0x6f6>
    74bc:	04000693          	li	a3,64
    74c0:	40a68533          	sub	a0,a3,a0
    74c4:	00a71733          	sll	a4,a4,a0
    74c8:	00ef6f33          	or	t5,t5,a4
    74cc:	01e03933          	snez	s2,t5
    74d0:	00f96933          	or	s2,s2,a5
    74d4:	bba9                	j	722e <__adddf3+0x458>
    74d6:	4581                	li	a1,0
    74d8:	7ff00513          	li	a0,2047
    74dc:	000807b7          	lui	a5,0x80
    74e0:	bca9                	j	6f3a <__adddf3+0x164>
    74e2:	01ff0933          	add	s2,t5,t6
    74e6:	010707b3          	add	a5,a4,a6
    74ea:	01f93633          	sltu	a2,s2,t6
    74ee:	963e                	add	a2,a2,a5
    74f0:	b375                	j	729c <__adddf3+0x4c6>
    74f2:	00361693          	slli	a3,a2,0x3
    74f6:	01d81793          	slli	a5,a6,0x1d
    74fa:	828d                	srli	a3,a3,0x3
    74fc:	00d7e8b3          	or	a7,a5,a3
    7500:	00385793          	srli	a5,a6,0x3
    7504:	b189                	j	7146 <__adddf3+0x370>

00007506 <__divdf3>:
    7506:	7139                	addi	sp,sp,-64
    7508:	0145d793          	srli	a5,a1,0x14
    750c:	dc22                	sw	s0,56(sp)
    750e:	d84a                	sw	s2,48(sp)
    7510:	d256                	sw	s5,36(sp)
    7512:	892a                	mv	s2,a0
    7514:	00c59413          	slli	s0,a1,0xc
    7518:	de06                	sw	ra,60(sp)
    751a:	da26                	sw	s1,52(sp)
    751c:	d64e                	sw	s3,44(sp)
    751e:	d452                	sw	s4,40(sp)
    7520:	d05a                	sw	s6,32(sp)
    7522:	ce5e                	sw	s7,28(sp)
    7524:	7ff7f513          	andi	a0,a5,2047
    7528:	8031                	srli	s0,s0,0xc
    752a:	01f5da93          	srli	s5,a1,0x1f
    752e:	10050b63          	beqz	a0,7644 <__divdf3+0x13e>
    7532:	7ff00793          	li	a5,2047
    7536:	14f50b63          	beq	a0,a5,768c <__divdf3+0x186>
    753a:	01d95a13          	srli	s4,s2,0x1d
    753e:	040e                	slli	s0,s0,0x3
    7540:	008a6433          	or	s0,s4,s0
    7544:	00800a37          	lui	s4,0x800
    7548:	01446a33          	or	s4,s0,s4
    754c:	00391b13          	slli	s6,s2,0x3
    7550:	c0150493          	addi	s1,a0,-1023
    7554:	4401                	li	s0,0
    7556:	4b81                	li	s7,0
    7558:	0146d813          	srli	a6,a3,0x14
    755c:	00c69913          	slli	s2,a3,0xc
    7560:	7ff87813          	andi	a6,a6,2047
    7564:	88b2                	mv	a7,a2
    7566:	00c95913          	srli	s2,s2,0xc
    756a:	01f6d993          	srli	s3,a3,0x1f
    756e:	08080e63          	beqz	a6,760a <__divdf3+0x104>
    7572:	7ff00793          	li	a5,2047
    7576:	04f80063          	beq	a6,a5,75b6 <__divdf3+0xb0>
    757a:	01d65713          	srli	a4,a2,0x1d
    757e:	090e                	slli	s2,s2,0x3
    7580:	01276933          	or	s2,a4,s2
    7584:	c0180813          	addi	a6,a6,-1023 # ffc01 <_data_lma+0xf64dd>
    7588:	008007b7          	lui	a5,0x800
    758c:	00f96733          	or	a4,s2,a5
    7590:	00361893          	slli	a7,a2,0x3
    7594:	410484b3          	sub	s1,s1,a6
    7598:	4581                	li	a1,0
    759a:	47bd                	li	a5,15
    759c:	013ac833          	xor	a6,s5,s3
    75a0:	1a87e463          	bltu	a5,s0,7748 <__divdf3+0x242>
    75a4:	00002797          	auipc	a5,0x2
    75a8:	10078793          	addi	a5,a5,256 # 96a4 <_ctype_+0x104>
    75ac:	040a                	slli	s0,s0,0x2
    75ae:	943e                	add	s0,s0,a5
    75b0:	4010                	lw	a2,0(s0)
    75b2:	963e                	add	a2,a2,a5
    75b4:	8602                	jr	a2
    75b6:	00c96733          	or	a4,s2,a2
    75ba:	80148493          	addi	s1,s1,-2047
    75be:	10071263          	bnez	a4,76c2 <__divdf3+0x1bc>
    75c2:	00246413          	ori	s0,s0,2
    75c6:	4881                	li	a7,0
    75c8:	4589                	li	a1,2
    75ca:	bfc1                	j	759a <__divdf3+0x94>
    75cc:	7ff00613          	li	a2,2047
    75d0:	4781                	li	a5,0
    75d2:	4701                	li	a4,0
    75d4:	07b2                	slli	a5,a5,0xc
    75d6:	50f2                	lw	ra,60(sp)
    75d8:	5462                	lw	s0,56(sp)
    75da:	0652                	slli	a2,a2,0x14
    75dc:	83b1                	srli	a5,a5,0xc
    75de:	087e                	slli	a6,a6,0x1f
    75e0:	8fd1                	or	a5,a5,a2
    75e2:	0107e7b3          	or	a5,a5,a6
    75e6:	54d2                	lw	s1,52(sp)
    75e8:	5942                	lw	s2,48(sp)
    75ea:	59b2                	lw	s3,44(sp)
    75ec:	5a22                	lw	s4,40(sp)
    75ee:	5a92                	lw	s5,36(sp)
    75f0:	5b02                	lw	s6,32(sp)
    75f2:	4bf2                	lw	s7,28(sp)
    75f4:	853a                	mv	a0,a4
    75f6:	85be                	mv	a1,a5
    75f8:	6121                	addi	sp,sp,64
    75fa:	8082                	ret
    75fc:	4801                	li	a6,0
    75fe:	7ff00613          	li	a2,2047
    7602:	000807b7          	lui	a5,0x80
    7606:	4701                	li	a4,0
    7608:	b7f1                	j	75d4 <__divdf3+0xce>
    760a:	00c96733          	or	a4,s2,a2
    760e:	c74d                	beqz	a4,76b8 <__divdf3+0x1b2>
    7610:	30090863          	beqz	s2,7920 <__divdf3+0x41a>
    7614:	854a                	mv	a0,s2
    7616:	c432                	sw	a2,8(sp)
    7618:	8c6fc0ef          	jal	ra,36de <__clzsi2>
    761c:	4622                	lw	a2,8(sp)
    761e:	ff550713          	addi	a4,a0,-11
    7622:	47f5                	li	a5,29
    7624:	ff850693          	addi	a3,a0,-8
    7628:	8f99                	sub	a5,a5,a4
    762a:	00d91933          	sll	s2,s2,a3
    762e:	00f657b3          	srl	a5,a2,a5
    7632:	0127e733          	or	a4,a5,s2
    7636:	00d618b3          	sll	a7,a2,a3
    763a:	9526                	add	a0,a0,s1
    763c:	3f350493          	addi	s1,a0,1011
    7640:	4581                	li	a1,0
    7642:	bfa1                	j	759a <__divdf3+0x94>
    7644:	01246a33          	or	s4,s0,s2
    7648:	060a0363          	beqz	s4,76ae <__divdf3+0x1a8>
    764c:	c636                	sw	a3,12(sp)
    764e:	c432                	sw	a2,8(sp)
    7650:	2a040663          	beqz	s0,78fc <__divdf3+0x3f6>
    7654:	8522                	mv	a0,s0
    7656:	888fc0ef          	jal	ra,36de <__clzsi2>
    765a:	4622                	lw	a2,8(sp)
    765c:	46b2                	lw	a3,12(sp)
    765e:	84aa                	mv	s1,a0
    7660:	ff550713          	addi	a4,a0,-11
    7664:	4a75                	li	s4,29
    7666:	ff848b13          	addi	s6,s1,-8
    766a:	40ea0a33          	sub	s4,s4,a4
    766e:	01641433          	sll	s0,s0,s6
    7672:	01495a33          	srl	s4,s2,s4
    7676:	008a6a33          	or	s4,s4,s0
    767a:	01691b33          	sll	s6,s2,s6
    767e:	c0d00513          	li	a0,-1011
    7682:	409504b3          	sub	s1,a0,s1
    7686:	4401                	li	s0,0
    7688:	4b81                	li	s7,0
    768a:	b5f9                	j	7558 <__divdf3+0x52>
    768c:	01246a33          	or	s4,s0,s2
    7690:	000a1863          	bnez	s4,76a0 <__divdf3+0x19a>
    7694:	4421                	li	s0,8
    7696:	4b01                	li	s6,0
    7698:	7ff00493          	li	s1,2047
    769c:	4b89                	li	s7,2
    769e:	bd6d                	j	7558 <__divdf3+0x52>
    76a0:	8a22                	mv	s4,s0
    76a2:	8b4a                	mv	s6,s2
    76a4:	4431                	li	s0,12
    76a6:	7ff00493          	li	s1,2047
    76aa:	4b8d                	li	s7,3
    76ac:	b575                	j	7558 <__divdf3+0x52>
    76ae:	4411                	li	s0,4
    76b0:	4b01                	li	s6,0
    76b2:	4481                	li	s1,0
    76b4:	4b85                	li	s7,1
    76b6:	b54d                	j	7558 <__divdf3+0x52>
    76b8:	00146413          	ori	s0,s0,1
    76bc:	4881                	li	a7,0
    76be:	4585                	li	a1,1
    76c0:	bde9                	j	759a <__divdf3+0x94>
    76c2:	00346413          	ori	s0,s0,3
    76c6:	874a                	mv	a4,s2
    76c8:	458d                	li	a1,3
    76ca:	bdc1                	j	759a <__divdf3+0x94>
    76cc:	2e050a63          	beqz	a0,79c0 <__divdf3+0x4ba>
    76d0:	4785                	li	a5,1
    76d2:	8f89                	sub	a5,a5,a0
    76d4:	03800693          	li	a3,56
    76d8:	32f6dd63          	bge	a3,a5,7a12 <__divdf3+0x50c>
    76dc:	4601                	li	a2,0
    76de:	4781                	li	a5,0
    76e0:	4701                	li	a4,0
    76e2:	bdcd                	j	75d4 <__divdf3+0xce>
    76e4:	86ce                	mv	a3,s3
    76e6:	4789                	li	a5,2
    76e8:	3af58d63          	beq	a1,a5,7aa2 <__divdf3+0x59c>
    76ec:	478d                	li	a5,3
    76ee:	f0f587e3          	beq	a1,a5,75fc <__divdf3+0xf6>
    76f2:	4785                	li	a5,1
    76f4:	8836                	mv	a6,a3
    76f6:	fef583e3          	beq	a1,a5,76dc <__divdf3+0x1d6>
    76fa:	3ff48513          	addi	a0,s1,1023
    76fe:	fca057e3          	blez	a0,76cc <__divdf3+0x1c6>
    7702:	0078f793          	andi	a5,a7,7
    7706:	28079663          	bnez	a5,7992 <__divdf3+0x48c>
    770a:	0038d693          	srli	a3,a7,0x3
    770e:	00771793          	slli	a5,a4,0x7
    7712:	0007d863          	bgez	a5,7722 <__divdf3+0x21c>
    7716:	ff0007b7          	lui	a5,0xff000
    771a:	17fd                	addi	a5,a5,-1
    771c:	8f7d                	and	a4,a4,a5
    771e:	40048513          	addi	a0,s1,1024
    7722:	7fe00793          	li	a5,2046
    7726:	eaa7c3e3          	blt	a5,a0,75cc <__divdf3+0xc6>
    772a:	01d71613          	slli	a2,a4,0x1d
    772e:	00971793          	slli	a5,a4,0x9
    7732:	83b1                	srli	a5,a5,0xc
    7734:	00d66733          	or	a4,a2,a3
    7738:	7ff57613          	andi	a2,a0,2047
    773c:	bd61                	j	75d4 <__divdf3+0xce>
    773e:	86d6                	mv	a3,s5
    7740:	8752                	mv	a4,s4
    7742:	88da                	mv	a7,s6
    7744:	85de                	mv	a1,s7
    7746:	b745                	j	76e6 <__divdf3+0x1e0>
    7748:	23476163          	bltu	a4,s4,796a <__divdf3+0x464>
    774c:	20ea0d63          	beq	s4,a4,7966 <__divdf3+0x460>
    7750:	86da                	mv	a3,s6
    7752:	14fd                	addi	s1,s1,-1
    7754:	8452                	mv	s0,s4
    7756:	4b01                	li	s6,0
    7758:	00871793          	slli	a5,a4,0x8
    775c:	0188d313          	srli	t1,a7,0x18
    7760:	00f36333          	or	t1,t1,a5
    7764:	01035e93          	srli	t4,t1,0x10
    7768:	03d457b3          	divu	a5,s0,t4
    776c:	01031f13          	slli	t5,t1,0x10
    7770:	010f5f13          	srli	t5,t5,0x10
    7774:	0106d593          	srli	a1,a3,0x10
    7778:	00889e13          	slli	t3,a7,0x8
    777c:	03d47433          	remu	s0,s0,t4
    7780:	02ff0733          	mul	a4,t5,a5
    7784:	0442                	slli	s0,s0,0x10
    7786:	8dc1                	or	a1,a1,s0
    7788:	00e5fb63          	bgeu	a1,a4,779e <__divdf3+0x298>
    778c:	959a                	add	a1,a1,t1
    778e:	fff78613          	addi	a2,a5,-1 # feffffff <_eusrstack+0xdeffafff>
    7792:	2665ee63          	bltu	a1,t1,7a0e <__divdf3+0x508>
    7796:	26e5fc63          	bgeu	a1,a4,7a0e <__divdf3+0x508>
    779a:	17f9                	addi	a5,a5,-2
    779c:	959a                	add	a1,a1,t1
    779e:	8d99                	sub	a1,a1,a4
    77a0:	03d5d733          	divu	a4,a1,t4
    77a4:	06c2                	slli	a3,a3,0x10
    77a6:	82c1                	srli	a3,a3,0x10
    77a8:	03d5f5b3          	remu	a1,a1,t4
    77ac:	02ef0633          	mul	a2,t5,a4
    77b0:	05c2                	slli	a1,a1,0x10
    77b2:	8dd5                	or	a1,a1,a3
    77b4:	00c5fb63          	bgeu	a1,a2,77ca <__divdf3+0x2c4>
    77b8:	959a                	add	a1,a1,t1
    77ba:	fff70693          	addi	a3,a4,-1 # 7fffff <_data_lma+0x7f68db>
    77be:	2465e663          	bltu	a1,t1,7a0a <__divdf3+0x504>
    77c2:	24c5f463          	bgeu	a1,a2,7a0a <__divdf3+0x504>
    77c6:	1779                	addi	a4,a4,-2
    77c8:	959a                	add	a1,a1,t1
    77ca:	07c2                	slli	a5,a5,0x10
    77cc:	6441                	lui	s0,0x10
    77ce:	8f5d                	or	a4,a4,a5
    77d0:	fff40793          	addi	a5,s0,-1 # ffff <_data_lma+0x68db>
    77d4:	00f77533          	and	a0,a4,a5
    77d8:	01075893          	srli	a7,a4,0x10
    77dc:	010e5f93          	srli	t6,t3,0x10
    77e0:	00fe77b3          	and	a5,t3,a5
    77e4:	02f502b3          	mul	t0,a0,a5
    77e8:	40c586b3          	sub	a3,a1,a2
    77ec:	02f883b3          	mul	t2,a7,a5
    77f0:	0102d593          	srli	a1,t0,0x10
    77f4:	02af8633          	mul	a2,t6,a0
    77f8:	961e                	add	a2,a2,t2
    77fa:	962e                	add	a2,a2,a1
    77fc:	03f88533          	mul	a0,a7,t6
    7800:	00767363          	bgeu	a2,t2,7806 <__divdf3+0x300>
    7804:	9522                	add	a0,a0,s0
    7806:	68c1                	lui	a7,0x10
    7808:	18fd                	addi	a7,a7,-1
    780a:	01065593          	srli	a1,a2,0x10
    780e:	01167633          	and	a2,a2,a7
    7812:	0642                	slli	a2,a2,0x10
    7814:	0112f8b3          	and	a7,t0,a7
    7818:	95aa                	add	a1,a1,a0
    781a:	9646                	add	a2,a2,a7
    781c:	12b6e663          	bltu	a3,a1,7948 <__divdf3+0x442>
    7820:	12b68263          	beq	a3,a1,7944 <__divdf3+0x43e>
    7824:	40cb0633          	sub	a2,s6,a2
    7828:	8e8d                	sub	a3,a3,a1
    782a:	00cb3b33          	sltu	s6,s6,a2
    782e:	41668b33          	sub	s6,a3,s6
    7832:	3ff48513          	addi	a0,s1,1023
    7836:	17630c63          	beq	t1,s6,79ae <__divdf3+0x4a8>
    783a:	03db58b3          	divu	a7,s6,t4
    783e:	01065593          	srli	a1,a2,0x10
    7842:	03db7b33          	remu	s6,s6,t4
    7846:	031f06b3          	mul	a3,t5,a7
    784a:	0b42                	slli	s6,s6,0x10
    784c:	0165eb33          	or	s6,a1,s6
    7850:	00db7b63          	bgeu	s6,a3,7866 <__divdf3+0x360>
    7854:	9b1a                	add	s6,s6,t1
    7856:	fff88593          	addi	a1,a7,-1 # ffff <_data_lma+0x68db>
    785a:	206b6d63          	bltu	s6,t1,7a74 <__divdf3+0x56e>
    785e:	20db7b63          	bgeu	s6,a3,7a74 <__divdf3+0x56e>
    7862:	18f9                	addi	a7,a7,-2
    7864:	9b1a                	add	s6,s6,t1
    7866:	40db0b33          	sub	s6,s6,a3
    786a:	03db56b3          	divu	a3,s6,t4
    786e:	0642                	slli	a2,a2,0x10
    7870:	8241                	srli	a2,a2,0x10
    7872:	03db7b33          	remu	s6,s6,t4
    7876:	02df0f33          	mul	t5,t5,a3
    787a:	0b42                	slli	s6,s6,0x10
    787c:	01666633          	or	a2,a2,s6
    7880:	01e67b63          	bgeu	a2,t5,7896 <__divdf3+0x390>
    7884:	961a                	add	a2,a2,t1
    7886:	fff68593          	addi	a1,a3,-1 # 7fffff <_data_lma+0x7f68db>
    788a:	1e666763          	bltu	a2,t1,7a78 <__divdf3+0x572>
    788e:	1fe67563          	bgeu	a2,t5,7a78 <__divdf3+0x572>
    7892:	16f9                	addi	a3,a3,-2
    7894:	961a                	add	a2,a2,t1
    7896:	08c2                	slli	a7,a7,0x10
    7898:	00d8e8b3          	or	a7,a7,a3
    789c:	01089593          	slli	a1,a7,0x10
    78a0:	0108d293          	srli	t0,a7,0x10
    78a4:	81c1                	srli	a1,a1,0x10
    78a6:	02f58eb3          	mul	t4,a1,a5
    78aa:	41e60633          	sub	a2,a2,t5
    78ae:	02bf85b3          	mul	a1,t6,a1
    78b2:	010ed693          	srli	a3,t4,0x10
    78b6:	02f287b3          	mul	a5,t0,a5
    78ba:	95be                	add	a1,a1,a5
    78bc:	96ae                	add	a3,a3,a1
    78be:	025f8fb3          	mul	t6,t6,t0
    78c2:	00f6f463          	bgeu	a3,a5,78ca <__divdf3+0x3c4>
    78c6:	67c1                	lui	a5,0x10
    78c8:	9fbe                	add	t6,t6,a5
    78ca:	65c1                	lui	a1,0x10
    78cc:	15fd                	addi	a1,a1,-1
    78ce:	0106d793          	srli	a5,a3,0x10
    78d2:	8eed                	and	a3,a3,a1
    78d4:	06c2                	slli	a3,a3,0x10
    78d6:	00befeb3          	and	t4,t4,a1
    78da:	9fbe                	add	t6,t6,a5
    78dc:	96f6                	add	a3,a3,t4
    78de:	09f67f63          	bgeu	a2,t6,797c <__divdf3+0x476>
    78e2:	961a                	add	a2,a2,t1
    78e4:	fff88793          	addi	a5,a7,-1
    78e8:	1a666963          	bltu	a2,t1,7a9a <__divdf3+0x594>
    78ec:	19f66863          	bltu	a2,t6,7a7c <__divdf3+0x576>
    78f0:	1bf60f63          	beq	a2,t6,7aae <__divdf3+0x5a8>
    78f4:	88be                	mv	a7,a5
    78f6:	0018e893          	ori	a7,a7,1
    78fa:	b511                	j	76fe <__divdf3+0x1f8>
    78fc:	854a                	mv	a0,s2
    78fe:	de1fb0ef          	jal	ra,36de <__clzsi2>
    7902:	01550713          	addi	a4,a0,21
    7906:	45f1                	li	a1,28
    7908:	02050493          	addi	s1,a0,32
    790c:	4622                	lw	a2,8(sp)
    790e:	46b2                	lw	a3,12(sp)
    7910:	d4e5dae3          	bge	a1,a4,7664 <__divdf3+0x15e>
    7914:	ff850413          	addi	s0,a0,-8
    7918:	00891a33          	sll	s4,s2,s0
    791c:	4b01                	li	s6,0
    791e:	b385                	j	767e <__divdf3+0x178>
    7920:	8532                	mv	a0,a2
    7922:	c432                	sw	a2,8(sp)
    7924:	dbbfb0ef          	jal	ra,36de <__clzsi2>
    7928:	01550713          	addi	a4,a0,21
    792c:	46f1                	li	a3,28
    792e:	87aa                	mv	a5,a0
    7930:	4622                	lw	a2,8(sp)
    7932:	02050513          	addi	a0,a0,32
    7936:	cee6d6e3          	bge	a3,a4,7622 <__divdf3+0x11c>
    793a:	17e1                	addi	a5,a5,-8
    793c:	00f61733          	sll	a4,a2,a5
    7940:	4881                	li	a7,0
    7942:	b9e5                	j	763a <__divdf3+0x134>
    7944:	eecb70e3          	bgeu	s6,a2,7824 <__divdf3+0x31e>
    7948:	9b72                	add	s6,s6,t3
    794a:	01cb3533          	sltu	a0,s6,t3
    794e:	951a                	add	a0,a0,t1
    7950:	96aa                	add	a3,a3,a0
    7952:	fff70513          	addi	a0,a4,-1
    7956:	02d37863          	bgeu	t1,a3,7986 <__divdf3+0x480>
    795a:	10b6e663          	bltu	a3,a1,7a66 <__divdf3+0x560>
    795e:	10d58263          	beq	a1,a3,7a62 <__divdf3+0x55c>
    7962:	872a                	mv	a4,a0
    7964:	b5c1                	j	7824 <__divdf3+0x31e>
    7966:	df1b65e3          	bltu	s6,a7,7750 <__divdf3+0x24a>
    796a:	001b5593          	srli	a1,s6,0x1
    796e:	01fa1693          	slli	a3,s4,0x1f
    7972:	001a5413          	srli	s0,s4,0x1
    7976:	8ecd                	or	a3,a3,a1
    7978:	0b7e                	slli	s6,s6,0x1f
    797a:	bbf9                	j	7758 <__divdf3+0x252>
    797c:	f7f61de3          	bne	a2,t6,78f6 <__divdf3+0x3f0>
    7980:	d6068fe3          	beqz	a3,76fe <__divdf3+0x1f8>
    7984:	bfb9                	j	78e2 <__divdf3+0x3dc>
    7986:	fcd31ee3          	bne	t1,a3,7962 <__divdf3+0x45c>
    798a:	fdcb78e3          	bgeu	s6,t3,795a <__divdf3+0x454>
    798e:	872a                	mv	a4,a0
    7990:	bd51                	j	7824 <__divdf3+0x31e>
    7992:	00f8f793          	andi	a5,a7,15
    7996:	4691                	li	a3,4
    7998:	d6d789e3          	beq	a5,a3,770a <__divdf3+0x204>
    799c:	ffc8b793          	sltiu	a5,a7,-4
    79a0:	00488693          	addi	a3,a7,4
    79a4:	0017c793          	xori	a5,a5,1
    79a8:	828d                	srli	a3,a3,0x3
    79aa:	973e                	add	a4,a4,a5
    79ac:	b38d                	j	770e <__divdf3+0x208>
    79ae:	4681                	li	a3,0
    79b0:	4785                	li	a5,1
    79b2:	fea04ce3          	bgtz	a0,79aa <__divdf3+0x4a4>
    79b6:	58fd                	li	a7,-1
    79b8:	d0051ce3          	bnez	a0,76d0 <__divdf3+0x1ca>
    79bc:	c0100493          	li	s1,-1023
    79c0:	4785                	li	a5,1
    79c2:	41e48513          	addi	a0,s1,1054
    79c6:	00a716b3          	sll	a3,a4,a0
    79ca:	00f8d633          	srl	a2,a7,a5
    79ce:	00a89533          	sll	a0,a7,a0
    79d2:	8ed1                	or	a3,a3,a2
    79d4:	00a03533          	snez	a0,a0
    79d8:	8ec9                	or	a3,a3,a0
    79da:	0076f613          	andi	a2,a3,7
    79de:	00f75733          	srl	a4,a4,a5
    79e2:	ce01                	beqz	a2,79fa <__divdf3+0x4f4>
    79e4:	00f6f793          	andi	a5,a3,15
    79e8:	4611                	li	a2,4
    79ea:	00c78863          	beq	a5,a2,79fa <__divdf3+0x4f4>
    79ee:	00468793          	addi	a5,a3,4
    79f2:	00d7b6b3          	sltu	a3,a5,a3
    79f6:	9736                	add	a4,a4,a3
    79f8:	86be                	mv	a3,a5
    79fa:	00871793          	slli	a5,a4,0x8
    79fe:	0407d863          	bgez	a5,7a4e <__divdf3+0x548>
    7a02:	4605                	li	a2,1
    7a04:	4781                	li	a5,0
    7a06:	4701                	li	a4,0
    7a08:	b6f1                	j	75d4 <__divdf3+0xce>
    7a0a:	8736                	mv	a4,a3
    7a0c:	bb7d                	j	77ca <__divdf3+0x2c4>
    7a0e:	87b2                	mv	a5,a2
    7a10:	b379                	j	779e <__divdf3+0x298>
    7a12:	46fd                	li	a3,31
    7a14:	faf6d7e3          	bge	a3,a5,79c2 <__divdf3+0x4bc>
    7a18:	5605                	li	a2,-31
    7a1a:	8e09                	sub	a2,a2,a0
    7a1c:	02000693          	li	a3,32
    7a20:	00c75633          	srl	a2,a4,a2
    7a24:	00d78863          	beq	a5,a3,7a34 <__divdf3+0x52e>
    7a28:	43e48793          	addi	a5,s1,1086
    7a2c:	00f717b3          	sll	a5,a4,a5
    7a30:	00f8e8b3          	or	a7,a7,a5
    7a34:	011036b3          	snez	a3,a7
    7a38:	8ed1                	or	a3,a3,a2
    7a3a:	0076f613          	andi	a2,a3,7
    7a3e:	4781                	li	a5,0
    7a40:	ce01                	beqz	a2,7a58 <__divdf3+0x552>
    7a42:	00f6f793          	andi	a5,a3,15
    7a46:	4611                	li	a2,4
    7a48:	4701                	li	a4,0
    7a4a:	fac792e3          	bne	a5,a2,79ee <__divdf3+0x4e8>
    7a4e:	00971793          	slli	a5,a4,0x9
    7a52:	01d71613          	slli	a2,a4,0x1d
    7a56:	83b1                	srli	a5,a5,0xc
    7a58:	0036d713          	srli	a4,a3,0x3
    7a5c:	8f51                	or	a4,a4,a2
    7a5e:	4601                	li	a2,0
    7a60:	be95                	j	75d4 <__divdf3+0xce>
    7a62:	f0cb70e3          	bgeu	s6,a2,7962 <__divdf3+0x45c>
    7a66:	9b72                	add	s6,s6,t3
    7a68:	01cb3533          	sltu	a0,s6,t3
    7a6c:	951a                	add	a0,a0,t1
    7a6e:	1779                	addi	a4,a4,-2
    7a70:	96aa                	add	a3,a3,a0
    7a72:	bb4d                	j	7824 <__divdf3+0x31e>
    7a74:	88ae                	mv	a7,a1
    7a76:	bbc5                	j	7866 <__divdf3+0x360>
    7a78:	86ae                	mv	a3,a1
    7a7a:	bd31                	j	7896 <__divdf3+0x390>
    7a7c:	001e1793          	slli	a5,t3,0x1
    7a80:	01c7be33          	sltu	t3,a5,t3
    7a84:	9372                	add	t1,t1,t3
    7a86:	961a                	add	a2,a2,t1
    7a88:	18f9                	addi	a7,a7,-2
    7a8a:	8e3e                	mv	t3,a5
    7a8c:	e7f615e3          	bne	a2,t6,78f6 <__divdf3+0x3f0>
    7a90:	c6de07e3          	beq	t3,a3,76fe <__divdf3+0x1f8>
    7a94:	0018e893          	ori	a7,a7,1
    7a98:	b19d                	j	76fe <__divdf3+0x1f8>
    7a9a:	88be                	mv	a7,a5
    7a9c:	fff60ae3          	beq	a2,t6,7a90 <__divdf3+0x58a>
    7aa0:	bd99                	j	78f6 <__divdf3+0x3f0>
    7aa2:	8836                	mv	a6,a3
    7aa4:	7ff00613          	li	a2,2047
    7aa8:	4781                	li	a5,0
    7aaa:	4701                	li	a4,0
    7aac:	b625                	j	75d4 <__divdf3+0xce>
    7aae:	fcde67e3          	bltu	t3,a3,7a7c <__divdf3+0x576>
    7ab2:	88be                	mv	a7,a5
    7ab4:	fede10e3          	bne	t3,a3,7a94 <__divdf3+0x58e>
    7ab8:	b199                	j	76fe <__divdf3+0x1f8>

00007aba <__eqdf2>:
    7aba:	0145d713          	srli	a4,a1,0x14
    7abe:	001007b7          	lui	a5,0x100
    7ac2:	17fd                	addi	a5,a5,-1
    7ac4:	0146d813          	srli	a6,a3,0x14
    7ac8:	7ff77713          	andi	a4,a4,2047
    7acc:	7ff00893          	li	a7,2047
    7ad0:	00b7fe33          	and	t3,a5,a1
    7ad4:	8eaa                	mv	t4,a0
    7ad6:	8ff5                	and	a5,a5,a3
    7ad8:	81fd                	srli	a1,a1,0x1f
    7ada:	8f32                	mv	t5,a2
    7adc:	7ff87813          	andi	a6,a6,2047
    7ae0:	82fd                	srli	a3,a3,0x1f
    7ae2:	01170b63          	beq	a4,a7,7af8 <__eqdf2+0x3e>
    7ae6:	4305                	li	t1,1
    7ae8:	01180663          	beq	a6,a7,7af4 <__eqdf2+0x3a>
    7aec:	01071463          	bne	a4,a6,7af4 <__eqdf2+0x3a>
    7af0:	00fe0d63          	beq	t3,a5,7b0a <__eqdf2+0x50>
    7af4:	851a                	mv	a0,t1
    7af6:	8082                	ret
    7af8:	00ae68b3          	or	a7,t3,a0
    7afc:	4305                	li	t1,1
    7afe:	fe089be3          	bnez	a7,7af4 <__eqdf2+0x3a>
    7b02:	fee819e3          	bne	a6,a4,7af4 <__eqdf2+0x3a>
    7b06:	8fd1                	or	a5,a5,a2
    7b08:	f7f5                	bnez	a5,7af4 <__eqdf2+0x3a>
    7b0a:	4305                	li	t1,1
    7b0c:	ffee94e3          	bne	t4,t5,7af4 <__eqdf2+0x3a>
    7b10:	4301                	li	t1,0
    7b12:	fed581e3          	beq	a1,a3,7af4 <__eqdf2+0x3a>
    7b16:	4305                	li	t1,1
    7b18:	ff71                	bnez	a4,7af4 <__eqdf2+0x3a>
    7b1a:	00ae6533          	or	a0,t3,a0
    7b1e:	00a03333          	snez	t1,a0
    7b22:	bfc9                	j	7af4 <__eqdf2+0x3a>

00007b24 <__gedf2>:
    7b24:	0145d713          	srli	a4,a1,0x14
    7b28:	001007b7          	lui	a5,0x100
    7b2c:	17fd                	addi	a5,a5,-1
    7b2e:	0146d813          	srli	a6,a3,0x14
    7b32:	7ff77713          	andi	a4,a4,2047
    7b36:	7ff00893          	li	a7,2047
    7b3a:	00b7f333          	and	t1,a5,a1
    7b3e:	8e2a                	mv	t3,a0
    7b40:	8ff5                	and	a5,a5,a3
    7b42:	81fd                	srli	a1,a1,0x1f
    7b44:	8eb2                	mv	t4,a2
    7b46:	7ff87813          	andi	a6,a6,2047
    7b4a:	82fd                	srli	a3,a3,0x1f
    7b4c:	03170863          	beq	a4,a7,7b7c <__gedf2+0x58>
    7b50:	03180063          	beq	a6,a7,7b70 <__gedf2+0x4c>
    7b54:	eb0d                	bnez	a4,7b86 <__gedf2+0x62>
    7b56:	00a368b3          	or	a7,t1,a0
    7b5a:	00081463          	bnez	a6,7b62 <__gedf2+0x3e>
    7b5e:	8e5d                	or	a2,a2,a5
    7b60:	ca29                	beqz	a2,7bb2 <__gedf2+0x8e>
    7b62:	04088563          	beqz	a7,7bac <__gedf2+0x88>
    7b66:	02d58863          	beq	a1,a3,7b96 <__gedf2+0x72>
    7b6a:	4505                	li	a0,1
    7b6c:	ed95                	bnez	a1,7ba8 <__gedf2+0x84>
    7b6e:	8082                	ret
    7b70:	00c7e8b3          	or	a7,a5,a2
    7b74:	fe0880e3          	beqz	a7,7b54 <__gedf2+0x30>
    7b78:	5579                	li	a0,-2
    7b7a:	8082                	ret
    7b7c:	00a36533          	or	a0,t1,a0
    7b80:	fd65                	bnez	a0,7b78 <__gedf2+0x54>
    7b82:	02e80c63          	beq	a6,a4,7bba <__gedf2+0x96>
    7b86:	00081463          	bnez	a6,7b8e <__gedf2+0x6a>
    7b8a:	8e5d                	or	a2,a2,a5
    7b8c:	de79                	beqz	a2,7b6a <__gedf2+0x46>
    7b8e:	fcd59ee3          	bne	a1,a3,7b6a <__gedf2+0x46>
    7b92:	fce84ce3          	blt	a6,a4,7b6a <__gedf2+0x46>
    7b96:	01074863          	blt	a4,a6,7ba6 <__gedf2+0x82>
    7b9a:	fc67e8e3          	bltu	a5,t1,7b6a <__gedf2+0x46>
    7b9e:	02f30363          	beq	t1,a5,7bc4 <__gedf2+0xa0>
    7ba2:	00f37f63          	bgeu	t1,a5,7bc0 <__gedf2+0x9c>
    7ba6:	e581                	bnez	a1,7bae <__gedf2+0x8a>
    7ba8:	557d                	li	a0,-1
    7baa:	8082                	ret
    7bac:	def5                	beqz	a3,7ba8 <__gedf2+0x84>
    7bae:	4505                	li	a0,1
    7bb0:	8082                	ret
    7bb2:	4501                	li	a0,0
    7bb4:	fa089be3          	bnez	a7,7b6a <__gedf2+0x46>
    7bb8:	8082                	ret
    7bba:	8e5d                	or	a2,a2,a5
    7bbc:	da69                	beqz	a2,7b8e <__gedf2+0x6a>
    7bbe:	bf6d                	j	7b78 <__gedf2+0x54>
    7bc0:	4501                	li	a0,0
    7bc2:	8082                	ret
    7bc4:	fbcee3e3          	bltu	t4,t3,7b6a <__gedf2+0x46>
    7bc8:	4501                	li	a0,0
    7bca:	fbde72e3          	bgeu	t3,t4,7b6e <__gedf2+0x4a>
    7bce:	f1e5                	bnez	a1,7bae <__gedf2+0x8a>
    7bd0:	bfe1                	j	7ba8 <__gedf2+0x84>

00007bd2 <__ledf2>:
    7bd2:	0145d713          	srli	a4,a1,0x14
    7bd6:	001007b7          	lui	a5,0x100
    7bda:	17fd                	addi	a5,a5,-1
    7bdc:	0146d813          	srli	a6,a3,0x14
    7be0:	7ff77713          	andi	a4,a4,2047
    7be4:	7ff00893          	li	a7,2047
    7be8:	00b7fe33          	and	t3,a5,a1
    7bec:	8eaa                	mv	t4,a0
    7bee:	8ff5                	and	a5,a5,a3
    7bf0:	81fd                	srli	a1,a1,0x1f
    7bf2:	8f32                	mv	t5,a2
    7bf4:	7ff87813          	andi	a6,a6,2047
    7bf8:	82fd                	srli	a3,a3,0x1f
    7bfa:	03170e63          	beq	a4,a7,7c36 <__ledf2+0x64>
    7bfe:	01180d63          	beq	a6,a7,7c18 <__ledf2+0x46>
    7c02:	e329                	bnez	a4,7c44 <__ledf2+0x72>
    7c04:	00ae68b3          	or	a7,t3,a0
    7c08:	00081f63          	bnez	a6,7c26 <__ledf2+0x54>
    7c0c:	8e5d                	or	a2,a2,a5
    7c0e:	ee01                	bnez	a2,7c26 <__ledf2+0x54>
    7c10:	4301                	li	t1,0
    7c12:	04088c63          	beqz	a7,7c6a <__ledf2+0x98>
    7c16:	a821                	j	7c2e <__ledf2+0x5c>
    7c18:	00c7e8b3          	or	a7,a5,a2
    7c1c:	4309                	li	t1,2
    7c1e:	04089663          	bnez	a7,7c6a <__ledf2+0x98>
    7c22:	d36d                	beqz	a4,7c04 <__ledf2+0x32>
    7c24:	a005                	j	7c44 <__ledf2+0x72>
    7c26:	04088463          	beqz	a7,7c6e <__ledf2+0x9c>
    7c2a:	02d58563          	beq	a1,a3,7c54 <__ledf2+0x82>
    7c2e:	4305                	li	t1,1
    7c30:	cd8d                	beqz	a1,7c6a <__ledf2+0x98>
    7c32:	537d                	li	t1,-1
    7c34:	a81d                	j	7c6a <__ledf2+0x98>
    7c36:	00ae68b3          	or	a7,t3,a0
    7c3a:	4309                	li	t1,2
    7c3c:	02089763          	bnez	a7,7c6a <__ledf2+0x98>
    7c40:	02e80a63          	beq	a6,a4,7c74 <__ledf2+0xa2>
    7c44:	00081463          	bnez	a6,7c4c <__ledf2+0x7a>
    7c48:	8e5d                	or	a2,a2,a5
    7c4a:	d275                	beqz	a2,7c2e <__ledf2+0x5c>
    7c4c:	fed591e3          	bne	a1,a3,7c2e <__ledf2+0x5c>
    7c50:	fce84fe3          	blt	a6,a4,7c2e <__ledf2+0x5c>
    7c54:	01074963          	blt	a4,a6,7c66 <__ledf2+0x94>
    7c58:	fdc7ebe3          	bltu	a5,t3,7c2e <__ledf2+0x5c>
    7c5c:	00fe0f63          	beq	t3,a5,7c7a <__ledf2+0xa8>
    7c60:	4301                	li	t1,0
    7c62:	00fe7463          	bgeu	t3,a5,7c6a <__ledf2+0x98>
    7c66:	d5f1                	beqz	a1,7c32 <__ledf2+0x60>
    7c68:	4305                	li	t1,1
    7c6a:	851a                	mv	a0,t1
    7c6c:	8082                	ret
    7c6e:	feed                	bnez	a3,7c68 <__ledf2+0x96>
    7c70:	537d                	li	t1,-1
    7c72:	bfe5                	j	7c6a <__ledf2+0x98>
    7c74:	8e5d                	or	a2,a2,a5
    7c76:	da79                	beqz	a2,7c4c <__ledf2+0x7a>
    7c78:	bfcd                	j	7c6a <__ledf2+0x98>
    7c7a:	fbdf6ae3          	bltu	t5,t4,7c2e <__ledf2+0x5c>
    7c7e:	4301                	li	t1,0
    7c80:	ffeef5e3          	bgeu	t4,t5,7c6a <__ledf2+0x98>
    7c84:	f1f5                	bnez	a1,7c68 <__ledf2+0x96>
    7c86:	b775                	j	7c32 <__ledf2+0x60>

00007c88 <__muldf3>:
    7c88:	7139                	addi	sp,sp,-64
    7c8a:	d84a                	sw	s2,48(sp)
    7c8c:	0145d913          	srli	s2,a1,0x14
    7c90:	d64e                	sw	s3,44(sp)
    7c92:	d452                	sw	s4,40(sp)
    7c94:	d256                	sw	s5,36(sp)
    7c96:	00c59993          	slli	s3,a1,0xc
    7c9a:	de06                	sw	ra,60(sp)
    7c9c:	dc22                	sw	s0,56(sp)
    7c9e:	da26                	sw	s1,52(sp)
    7ca0:	d05a                	sw	s6,32(sp)
    7ca2:	ce5e                	sw	s7,28(sp)
    7ca4:	7ff97913          	andi	s2,s2,2047
    7ca8:	8a2a                	mv	s4,a0
    7caa:	00c9d993          	srli	s3,s3,0xc
    7cae:	01f5da93          	srli	s5,a1,0x1f
    7cb2:	0e090d63          	beqz	s2,7dac <__muldf3+0x124>
    7cb6:	7ff00793          	li	a5,2047
    7cba:	18f90663          	beq	s2,a5,7e46 <__muldf3+0x1be>
    7cbe:	01d55413          	srli	s0,a0,0x1d
    7cc2:	098e                	slli	s3,s3,0x3
    7cc4:	013469b3          	or	s3,s0,s3
    7cc8:	00800437          	lui	s0,0x800
    7ccc:	0089e433          	or	s0,s3,s0
    7cd0:	00351493          	slli	s1,a0,0x3
    7cd4:	c0190913          	addi	s2,s2,-1023
    7cd8:	4981                	li	s3,0
    7cda:	4b81                	li	s7,0
    7cdc:	0146d713          	srli	a4,a3,0x14
    7ce0:	00c69a13          	slli	s4,a3,0xc
    7ce4:	7ff77713          	andi	a4,a4,2047
    7ce8:	85b2                	mv	a1,a2
    7cea:	00ca5a13          	srli	s4,s4,0xc
    7cee:	01f6db13          	srli	s6,a3,0x1f
    7cf2:	10070b63          	beqz	a4,7e08 <__muldf3+0x180>
    7cf6:	7ff00793          	li	a5,2047
    7cfa:	04f70363          	beq	a4,a5,7d40 <__muldf3+0xb8>
    7cfe:	01d65793          	srli	a5,a2,0x1d
    7d02:	0a0e                	slli	s4,s4,0x3
    7d04:	0147ea33          	or	s4,a5,s4
    7d08:	c0170713          	addi	a4,a4,-1023
    7d0c:	008007b7          	lui	a5,0x800
    7d10:	00fa67b3          	or	a5,s4,a5
    7d14:	00361593          	slli	a1,a2,0x3
    7d18:	993a                	add	s2,s2,a4
    7d1a:	4881                	li	a7,0
    7d1c:	016ac733          	xor	a4,s5,s6
    7d20:	46bd                	li	a3,15
    7d22:	853a                	mv	a0,a4
    7d24:	00190813          	addi	a6,s2,1
    7d28:	1736e863          	bltu	a3,s3,7e98 <__muldf3+0x210>
    7d2c:	00002617          	auipc	a2,0x2
    7d30:	9b860613          	addi	a2,a2,-1608 # 96e4 <_ctype_+0x144>
    7d34:	098a                	slli	s3,s3,0x2
    7d36:	99b2                	add	s3,s3,a2
    7d38:	0009a683          	lw	a3,0(s3)
    7d3c:	96b2                	add	a3,a3,a2
    7d3e:	8682                	jr	a3
    7d40:	00ca67b3          	or	a5,s4,a2
    7d44:	7ff90913          	addi	s2,s2,2047
    7d48:	12079963          	bnez	a5,7e7a <__muldf3+0x1f2>
    7d4c:	0029e993          	ori	s3,s3,2
    7d50:	4581                	li	a1,0
    7d52:	4889                	li	a7,2
    7d54:	b7e1                	j	7d1c <__muldf3+0x94>
    7d56:	4701                	li	a4,0
    7d58:	7ff00793          	li	a5,2047
    7d5c:	00080437          	lui	s0,0x80
    7d60:	4481                	li	s1,0
    7d62:	0432                	slli	s0,s0,0xc
    7d64:	07d2                	slli	a5,a5,0x14
    7d66:	8031                	srli	s0,s0,0xc
    7d68:	077e                	slli	a4,a4,0x1f
    7d6a:	8c5d                	or	s0,s0,a5
    7d6c:	8c59                	or	s0,s0,a4
    7d6e:	85a2                	mv	a1,s0
    7d70:	50f2                	lw	ra,60(sp)
    7d72:	5462                	lw	s0,56(sp)
    7d74:	8526                	mv	a0,s1
    7d76:	5942                	lw	s2,48(sp)
    7d78:	54d2                	lw	s1,52(sp)
    7d7a:	59b2                	lw	s3,44(sp)
    7d7c:	5a22                	lw	s4,40(sp)
    7d7e:	5a92                	lw	s5,36(sp)
    7d80:	5b02                	lw	s6,32(sp)
    7d82:	4bf2                	lw	s7,28(sp)
    7d84:	6121                	addi	sp,sp,64
    7d86:	8082                	ret
    7d88:	855a                	mv	a0,s6
    7d8a:	843e                	mv	s0,a5
    7d8c:	84ae                	mv	s1,a1
    7d8e:	8bc6                	mv	s7,a7
    7d90:	4789                	li	a5,2
    7d92:	0efb8d63          	beq	s7,a5,7e8c <__muldf3+0x204>
    7d96:	478d                	li	a5,3
    7d98:	fafb8fe3          	beq	s7,a5,7d56 <__muldf3+0xce>
    7d9c:	4785                	li	a5,1
    7d9e:	872a                	mv	a4,a0
    7da0:	38fb9e63          	bne	s7,a5,813c <__muldf3+0x4b4>
    7da4:	4781                	li	a5,0
    7da6:	4401                	li	s0,0
    7da8:	4481                	li	s1,0
    7daa:	bf65                	j	7d62 <__muldf3+0xda>
    7dac:	00a9e433          	or	s0,s3,a0
    7db0:	c061                	beqz	s0,7e70 <__muldf3+0x1e8>
    7db2:	c636                	sw	a3,12(sp)
    7db4:	c432                	sw	a2,8(sp)
    7db6:	2a098c63          	beqz	s3,806e <__muldf3+0x3e6>
    7dba:	854e                	mv	a0,s3
    7dbc:	923fb0ef          	jal	ra,36de <__clzsi2>
    7dc0:	4622                	lw	a2,8(sp)
    7dc2:	46b2                	lw	a3,12(sp)
    7dc4:	87aa                	mv	a5,a0
    7dc6:	ff550713          	addi	a4,a0,-11
    7dca:	4475                	li	s0,29
    7dcc:	ff878493          	addi	s1,a5,-8 # 7ffff8 <_data_lma+0x7f68d4>
    7dd0:	8c19                	sub	s0,s0,a4
    7dd2:	009999b3          	sll	s3,s3,s1
    7dd6:	008a5433          	srl	s0,s4,s0
    7dda:	01346433          	or	s0,s0,s3
    7dde:	009a14b3          	sll	s1,s4,s1
    7de2:	0146d713          	srli	a4,a3,0x14
    7de6:	c0d00913          	li	s2,-1011
    7dea:	00c69a13          	slli	s4,a3,0xc
    7dee:	7ff77713          	andi	a4,a4,2047
    7df2:	40f90933          	sub	s2,s2,a5
    7df6:	4981                	li	s3,0
    7df8:	4b81                	li	s7,0
    7dfa:	85b2                	mv	a1,a2
    7dfc:	00ca5a13          	srli	s4,s4,0xc
    7e00:	01f6db13          	srli	s6,a3,0x1f
    7e04:	ee0719e3          	bnez	a4,7cf6 <__muldf3+0x6e>
    7e08:	00ca67b3          	or	a5,s4,a2
    7e0c:	c7b1                	beqz	a5,7e58 <__muldf3+0x1d0>
    7e0e:	220a0f63          	beqz	s4,804c <__muldf3+0x3c4>
    7e12:	8552                	mv	a0,s4
    7e14:	c432                	sw	a2,8(sp)
    7e16:	8c9fb0ef          	jal	ra,36de <__clzsi2>
    7e1a:	4622                	lw	a2,8(sp)
    7e1c:	872a                	mv	a4,a0
    7e1e:	ff550693          	addi	a3,a0,-11
    7e22:	47f5                	li	a5,29
    7e24:	ff870593          	addi	a1,a4,-8
    7e28:	8f95                	sub	a5,a5,a3
    7e2a:	00ba1a33          	sll	s4,s4,a1
    7e2e:	00f657b3          	srl	a5,a2,a5
    7e32:	0147e7b3          	or	a5,a5,s4
    7e36:	00b615b3          	sll	a1,a2,a1
    7e3a:	40e90933          	sub	s2,s2,a4
    7e3e:	c0d90913          	addi	s2,s2,-1011
    7e42:	4881                	li	a7,0
    7e44:	bde1                	j	7d1c <__muldf3+0x94>
    7e46:	00a9e433          	or	s0,s3,a0
    7e4a:	ec01                	bnez	s0,7e62 <__muldf3+0x1da>
    7e4c:	49a1                	li	s3,8
    7e4e:	4481                	li	s1,0
    7e50:	7ff00913          	li	s2,2047
    7e54:	4b89                	li	s7,2
    7e56:	b559                	j	7cdc <__muldf3+0x54>
    7e58:	0019e993          	ori	s3,s3,1
    7e5c:	4581                	li	a1,0
    7e5e:	4885                	li	a7,1
    7e60:	bd75                	j	7d1c <__muldf3+0x94>
    7e62:	844e                	mv	s0,s3
    7e64:	84aa                	mv	s1,a0
    7e66:	49b1                	li	s3,12
    7e68:	7ff00913          	li	s2,2047
    7e6c:	4b8d                	li	s7,3
    7e6e:	b5bd                	j	7cdc <__muldf3+0x54>
    7e70:	4991                	li	s3,4
    7e72:	4481                	li	s1,0
    7e74:	4901                	li	s2,0
    7e76:	4b85                	li	s7,1
    7e78:	b595                	j	7cdc <__muldf3+0x54>
    7e7a:	0039e993          	ori	s3,s3,3
    7e7e:	87d2                	mv	a5,s4
    7e80:	488d                	li	a7,3
    7e82:	bd69                	j	7d1c <__muldf3+0x94>
    7e84:	4789                	li	a5,2
    7e86:	8556                	mv	a0,s5
    7e88:	f0fb97e3          	bne	s7,a5,7d96 <__muldf3+0x10e>
    7e8c:	872a                	mv	a4,a0
    7e8e:	7ff00793          	li	a5,2047
    7e92:	4401                	li	s0,0
    7e94:	4481                	li	s1,0
    7e96:	b5f1                	j	7d62 <__muldf3+0xda>
    7e98:	6ec1                	lui	t4,0x10
    7e9a:	fffe8613          	addi	a2,t4,-1 # ffff <_data_lma+0x68db>
    7e9e:	0104d693          	srli	a3,s1,0x10
    7ea2:	0105de13          	srli	t3,a1,0x10
    7ea6:	8cf1                	and	s1,s1,a2
    7ea8:	8df1                	and	a1,a1,a2
    7eaa:	02958633          	mul	a2,a1,s1
    7eae:	02b68333          	mul	t1,a3,a1
    7eb2:	01065893          	srli	a7,a2,0x10
    7eb6:	029e0533          	mul	a0,t3,s1
    7eba:	951a                	add	a0,a0,t1
    7ebc:	98aa                	add	a7,a7,a0
    7ebe:	03c682b3          	mul	t0,a3,t3
    7ec2:	0068f363          	bgeu	a7,t1,7ec8 <__muldf3+0x240>
    7ec6:	92f6                	add	t0,t0,t4
    7ec8:	6fc1                	lui	t6,0x10
    7eca:	ffff8313          	addi	t1,t6,-1 # ffff <_data_lma+0x68db>
    7ece:	0067f533          	and	a0,a5,t1
    7ed2:	0107d393          	srli	t2,a5,0x10
    7ed6:	0068f7b3          	and	a5,a7,t1
    7eda:	07c2                	slli	a5,a5,0x10
    7edc:	00667333          	and	t1,a2,t1
    7ee0:	933e                	add	t1,t1,a5
    7ee2:	02950633          	mul	a2,a0,s1
    7ee6:	0108d893          	srli	a7,a7,0x10
    7eea:	02a687b3          	mul	a5,a3,a0
    7eee:	01065f13          	srli	t5,a2,0x10
    7ef2:	029384b3          	mul	s1,t2,s1
    7ef6:	94be                	add	s1,s1,a5
    7ef8:	94fa                	add	s1,s1,t5
    7efa:	02768eb3          	mul	t4,a3,t2
    7efe:	00f4f363          	bgeu	s1,a5,7f04 <__muldf3+0x27c>
    7f02:	9efe                	add	t4,t4,t6
    7f04:	6a41                	lui	s4,0x10
    7f06:	fffa0793          	addi	a5,s4,-1 # ffff <_data_lma+0x68db>
    7f0a:	01045f93          	srli	t6,s0,0x10
    7f0e:	00f476b3          	and	a3,s0,a5
    7f12:	00f4f9b3          	and	s3,s1,a5
    7f16:	8e7d                	and	a2,a2,a5
    7f18:	80c1                	srli	s1,s1,0x10
    7f1a:	02d58433          	mul	s0,a1,a3
    7f1e:	09c2                	slli	s3,s3,0x10
    7f20:	01d48f33          	add	t5,s1,t4
    7f24:	99b2                	add	s3,s3,a2
    7f26:	98ce                	add	a7,a7,s3
    7f28:	02de07b3          	mul	a5,t3,a3
    7f2c:	01045e93          	srli	t4,s0,0x10
    7f30:	02bf85b3          	mul	a1,t6,a1
    7f34:	97ae                	add	a5,a5,a1
    7f36:	9ebe                	add	t4,t4,a5
    7f38:	03fe0e33          	mul	t3,t3,t6
    7f3c:	00bef363          	bgeu	t4,a1,7f42 <__muldf3+0x2ba>
    7f40:	9e52                	add	t3,t3,s4
    7f42:	67c1                	lui	a5,0x10
    7f44:	fff78593          	addi	a1,a5,-1 # ffff <_data_lma+0x68db>
    7f48:	00bef633          	and	a2,t4,a1
    7f4c:	8c6d                	and	s0,s0,a1
    7f4e:	0642                	slli	a2,a2,0x10
    7f50:	9622                	add	a2,a2,s0
    7f52:	010ede93          	srli	t4,t4,0x10
    7f56:	02d505b3          	mul	a1,a0,a3
    7f5a:	9e76                	add	t3,t3,t4
    7f5c:	02af8533          	mul	a0,t6,a0
    7f60:	0105d413          	srli	s0,a1,0x10
    7f64:	02d386b3          	mul	a3,t2,a3
    7f68:	96aa                	add	a3,a3,a0
    7f6a:	96a2                	add	a3,a3,s0
    7f6c:	03f38fb3          	mul	t6,t2,t6
    7f70:	00a6f363          	bgeu	a3,a0,7f76 <__muldf3+0x2ee>
    7f74:	9fbe                	add	t6,t6,a5
    7f76:	6541                	lui	a0,0x10
    7f78:	157d                	addi	a0,a0,-1
    7f7a:	00a6f7b3          	and	a5,a3,a0
    7f7e:	07c2                	slli	a5,a5,0x10
    7f80:	8d6d                	and	a0,a0,a1
    7f82:	97aa                	add	a5,a5,a0
    7f84:	005885b3          	add	a1,a7,t0
    7f88:	0135b9b3          	sltu	s3,a1,s3
    7f8c:	97fa                	add	a5,a5,t5
    7f8e:	95b2                	add	a1,a1,a2
    7f90:	01378433          	add	s0,a5,s3
    7f94:	00c5b633          	sltu	a2,a1,a2
    7f98:	01c40eb3          	add	t4,s0,t3
    7f9c:	00ce8533          	add	a0,t4,a2
    7fa0:	01343433          	sltu	s0,s0,s3
    7fa4:	01e7b7b3          	sltu	a5,a5,t5
    7fa8:	8fc1                	or	a5,a5,s0
    7faa:	01cebe33          	sltu	t3,t4,t3
    7fae:	0106d413          	srli	s0,a3,0x10
    7fb2:	00c53633          	sltu	a2,a0,a2
    7fb6:	943e                	add	s0,s0,a5
    7fb8:	00ce6633          	or	a2,t3,a2
    7fbc:	00959493          	slli	s1,a1,0x9
    7fc0:	9432                	add	s0,s0,a2
    7fc2:	947e                	add	s0,s0,t6
    7fc4:	0064e4b3          	or	s1,s1,t1
    7fc8:	0426                	slli	s0,s0,0x9
    7fca:	01755693          	srli	a3,a0,0x17
    7fce:	009034b3          	snez	s1,s1
    7fd2:	81dd                	srli	a1,a1,0x17
    7fd4:	00951793          	slli	a5,a0,0x9
    7fd8:	8ccd                	or	s1,s1,a1
    7fda:	8c55                	or	s0,s0,a3
    7fdc:	8cdd                	or	s1,s1,a5
    7fde:	00741793          	slli	a5,s0,0x7
    7fe2:	0007db63          	bgez	a5,7ff8 <__muldf3+0x370>
    7fe6:	0014d793          	srli	a5,s1,0x1
    7fea:	8885                	andi	s1,s1,1
    7fec:	01f41693          	slli	a3,s0,0x1f
    7ff0:	8cdd                	or	s1,s1,a5
    7ff2:	8cd5                	or	s1,s1,a3
    7ff4:	8005                	srli	s0,s0,0x1
    7ff6:	8942                	mv	s2,a6
    7ff8:	3ff90793          	addi	a5,s2,1023
    7ffc:	08f05963          	blez	a5,808e <__muldf3+0x406>
    8000:	0074f693          	andi	a3,s1,7
    8004:	ce81                	beqz	a3,801c <__muldf3+0x394>
    8006:	00f4f693          	andi	a3,s1,15
    800a:	4611                	li	a2,4
    800c:	00c68863          	beq	a3,a2,801c <__muldf3+0x394>
    8010:	00448693          	addi	a3,s1,4
    8014:	0096b4b3          	sltu	s1,a3,s1
    8018:	9426                	add	s0,s0,s1
    801a:	84b6                	mv	s1,a3
    801c:	00741693          	slli	a3,s0,0x7
    8020:	0006d863          	bgez	a3,8030 <__muldf3+0x3a8>
    8024:	ff0007b7          	lui	a5,0xff000
    8028:	17fd                	addi	a5,a5,-1
    802a:	8c7d                	and	s0,s0,a5
    802c:	40090793          	addi	a5,s2,1024
    8030:	7fe00693          	li	a3,2046
    8034:	0ef6cf63          	blt	a3,a5,8132 <__muldf3+0x4aa>
    8038:	0034d693          	srli	a3,s1,0x3
    803c:	01d41493          	slli	s1,s0,0x1d
    8040:	0426                	slli	s0,s0,0x9
    8042:	8cd5                	or	s1,s1,a3
    8044:	8031                	srli	s0,s0,0xc
    8046:	7ff7f793          	andi	a5,a5,2047
    804a:	bb21                	j	7d62 <__muldf3+0xda>
    804c:	8532                	mv	a0,a2
    804e:	c432                	sw	a2,8(sp)
    8050:	e8efb0ef          	jal	ra,36de <__clzsi2>
    8054:	01550693          	addi	a3,a0,21 # 10015 <_data_lma+0x68f1>
    8058:	47f1                	li	a5,28
    805a:	02050713          	addi	a4,a0,32
    805e:	4622                	lw	a2,8(sp)
    8060:	dcd7d1e3          	bge	a5,a3,7e22 <__muldf3+0x19a>
    8064:	1561                	addi	a0,a0,-8
    8066:	00a617b3          	sll	a5,a2,a0
    806a:	4581                	li	a1,0
    806c:	b3f9                	j	7e3a <__muldf3+0x1b2>
    806e:	e70fb0ef          	jal	ra,36de <__clzsi2>
    8072:	01550713          	addi	a4,a0,21
    8076:	45f1                	li	a1,28
    8078:	02050793          	addi	a5,a0,32
    807c:	4622                	lw	a2,8(sp)
    807e:	46b2                	lw	a3,12(sp)
    8080:	d4e5d5e3          	bge	a1,a4,7dca <__muldf3+0x142>
    8084:	1561                	addi	a0,a0,-8
    8086:	00aa1433          	sll	s0,s4,a0
    808a:	4481                	li	s1,0
    808c:	bb99                	j	7de2 <__muldf3+0x15a>
    808e:	4685                	li	a3,1
    8090:	8e9d                	sub	a3,a3,a5
    8092:	e7b1                	bnez	a5,80de <__muldf3+0x456>
    8094:	41e90913          	addi	s2,s2,1054
    8098:	012497b3          	sll	a5,s1,s2
    809c:	00d4d4b3          	srl	s1,s1,a3
    80a0:	01241933          	sll	s2,s0,s2
    80a4:	00f037b3          	snez	a5,a5
    80a8:	009964b3          	or	s1,s2,s1
    80ac:	8cdd                	or	s1,s1,a5
    80ae:	0074f793          	andi	a5,s1,7
    80b2:	00d456b3          	srl	a3,s0,a3
    80b6:	cf81                	beqz	a5,80ce <__muldf3+0x446>
    80b8:	00f4f793          	andi	a5,s1,15
    80bc:	4611                	li	a2,4
    80be:	00c78863          	beq	a5,a2,80ce <__muldf3+0x446>
    80c2:	00448793          	addi	a5,s1,4
    80c6:	0097b4b3          	sltu	s1,a5,s1
    80ca:	96a6                	add	a3,a3,s1
    80cc:	84be                	mv	s1,a5
    80ce:	00869793          	slli	a5,a3,0x8
    80d2:	0407d863          	bgez	a5,8122 <__muldf3+0x49a>
    80d6:	4785                	li	a5,1
    80d8:	4401                	li	s0,0
    80da:	4481                	li	s1,0
    80dc:	b159                	j	7d62 <__muldf3+0xda>
    80de:	03800613          	li	a2,56
    80e2:	ccd641e3          	blt	a2,a3,7da4 <__muldf3+0x11c>
    80e6:	467d                	li	a2,31
    80e8:	fad656e3          	bge	a2,a3,8094 <__muldf3+0x40c>
    80ec:	5605                	li	a2,-31
    80ee:	40f607b3          	sub	a5,a2,a5
    80f2:	02000593          	li	a1,32
    80f6:	00f45633          	srl	a2,s0,a5
    80fa:	00b68763          	beq	a3,a1,8108 <__muldf3+0x480>
    80fe:	43e90913          	addi	s2,s2,1086
    8102:	012417b3          	sll	a5,s0,s2
    8106:	8cdd                	or	s1,s1,a5
    8108:	009034b3          	snez	s1,s1
    810c:	8cd1                	or	s1,s1,a2
    810e:	0074f693          	andi	a3,s1,7
    8112:	4401                	li	s0,0
    8114:	ca99                	beqz	a3,812a <__muldf3+0x4a2>
    8116:	00f4f793          	andi	a5,s1,15
    811a:	4611                	li	a2,4
    811c:	4681                	li	a3,0
    811e:	fac792e3          	bne	a5,a2,80c2 <__muldf3+0x43a>
    8122:	00969413          	slli	s0,a3,0x9
    8126:	8031                	srli	s0,s0,0xc
    8128:	06f6                	slli	a3,a3,0x1d
    812a:	808d                	srli	s1,s1,0x3
    812c:	8cd5                	or	s1,s1,a3
    812e:	4781                	li	a5,0
    8130:	b90d                	j	7d62 <__muldf3+0xda>
    8132:	7ff00793          	li	a5,2047
    8136:	4401                	li	s0,0
    8138:	4481                	li	s1,0
    813a:	b125                	j	7d62 <__muldf3+0xda>
    813c:	8942                	mv	s2,a6
    813e:	bd6d                	j	7ff8 <__muldf3+0x370>

00008140 <__subdf3>:
    8140:	00100737          	lui	a4,0x100
    8144:	177d                	addi	a4,a4,-1
    8146:	1101                	addi	sp,sp,-32
    8148:	00b77333          	and	t1,a4,a1
    814c:	0146d893          	srli	a7,a3,0x14
    8150:	8f75                	and	a4,a4,a3
    8152:	01d65e93          	srli	t4,a2,0x1d
    8156:	cc22                	sw	s0,24(sp)
    8158:	ca26                	sw	s1,20(sp)
    815a:	030e                	slli	t1,t1,0x3
    815c:	0145d493          	srli	s1,a1,0x14
    8160:	01d55793          	srli	a5,a0,0x1d
    8164:	070e                	slli	a4,a4,0x3
    8166:	ce06                	sw	ra,28(sp)
    8168:	c84a                	sw	s2,16(sp)
    816a:	c64e                	sw	s3,12(sp)
    816c:	7ff8f893          	andi	a7,a7,2047
    8170:	7ff00e13          	li	t3,2047
    8174:	00eee733          	or	a4,t4,a4
    8178:	7ff4f493          	andi	s1,s1,2047
    817c:	01f5d413          	srli	s0,a1,0x1f
    8180:	0067e333          	or	t1,a5,t1
    8184:	00351f13          	slli	t5,a0,0x3
    8188:	82fd                	srli	a3,a3,0x1f
    818a:	00361e93          	slli	t4,a2,0x3
    818e:	19c88063          	beq	a7,t3,830e <__subdf3+0x1ce>
    8192:	0016c693          	xori	a3,a3,1
    8196:	411485b3          	sub	a1,s1,a7
    819a:	12d40563          	beq	s0,a3,82c4 <__subdf3+0x184>
    819e:	18b05163          	blez	a1,8320 <__subdf3+0x1e0>
    81a2:	1a088b63          	beqz	a7,8358 <__subdf3+0x218>
    81a6:	008007b7          	lui	a5,0x800
    81aa:	8f5d                	or	a4,a4,a5
    81ac:	59c48163          	beq	s1,t3,872e <__subdf3+0x5ee>
    81b0:	03800793          	li	a5,56
    81b4:	34b7c463          	blt	a5,a1,84fc <__subdf3+0x3bc>
    81b8:	47fd                	li	a5,31
    81ba:	48b7c563          	blt	a5,a1,8644 <__subdf3+0x504>
    81be:	02000793          	li	a5,32
    81c2:	8f8d                	sub	a5,a5,a1
    81c4:	00bed9b3          	srl	s3,t4,a1
    81c8:	00f71833          	sll	a6,a4,a5
    81cc:	00fe9eb3          	sll	t4,t4,a5
    81d0:	01386833          	or	a6,a6,s3
    81d4:	00b75733          	srl	a4,a4,a1
    81d8:	01d039b3          	snez	s3,t4
    81dc:	01386833          	or	a6,a6,s3
    81e0:	40e30333          	sub	t1,t1,a4
    81e4:	410f09b3          	sub	s3,t5,a6
    81e8:	013f37b3          	sltu	a5,t5,s3
    81ec:	40f30633          	sub	a2,t1,a5
    81f0:	00861793          	slli	a5,a2,0x8
    81f4:	2407d363          	bgez	a5,843a <__subdf3+0x2fa>
    81f8:	00800937          	lui	s2,0x800
    81fc:	197d                	addi	s2,s2,-1
    81fe:	01267933          	and	s2,a2,s2
    8202:	2c090f63          	beqz	s2,84e0 <__subdf3+0x3a0>
    8206:	854a                	mv	a0,s2
    8208:	cd6fb0ef          	jal	ra,36de <__clzsi2>
    820c:	ff850713          	addi	a4,a0,-8
    8210:	02000793          	li	a5,32
    8214:	8f99                	sub	a5,a5,a4
    8216:	00f9d7b3          	srl	a5,s3,a5
    821a:	00e91633          	sll	a2,s2,a4
    821e:	8fd1                	or	a5,a5,a2
    8220:	00e999b3          	sll	s3,s3,a4
    8224:	2a974463          	blt	a4,s1,84cc <__subdf3+0x38c>
    8228:	8f05                	sub	a4,a4,s1
    822a:	00170613          	addi	a2,a4,1 # 100001 <_data_lma+0xf68dd>
    822e:	46fd                	li	a3,31
    8230:	3ac6c563          	blt	a3,a2,85da <__subdf3+0x49a>
    8234:	02000713          	li	a4,32
    8238:	8f11                	sub	a4,a4,a2
    823a:	00c9d6b3          	srl	a3,s3,a2
    823e:	00e99833          	sll	a6,s3,a4
    8242:	00e79733          	sll	a4,a5,a4
    8246:	8f55                	or	a4,a4,a3
    8248:	01003833          	snez	a6,a6
    824c:	010769b3          	or	s3,a4,a6
    8250:	00c7d633          	srl	a2,a5,a2
    8254:	4481                	li	s1,0
    8256:	0079f793          	andi	a5,s3,7
    825a:	cf81                	beqz	a5,8272 <__subdf3+0x132>
    825c:	00f9f693          	andi	a3,s3,15
    8260:	4791                	li	a5,4
    8262:	00f68863          	beq	a3,a5,8272 <__subdf3+0x132>
    8266:	00498693          	addi	a3,s3,4
    826a:	0136b833          	sltu	a6,a3,s3
    826e:	9642                	add	a2,a2,a6
    8270:	89b6                	mv	s3,a3
    8272:	00861793          	slli	a5,a2,0x8
    8276:	1c07d663          	bgez	a5,8442 <__subdf3+0x302>
    827a:	00148713          	addi	a4,s1,1
    827e:	7ff00793          	li	a5,2047
    8282:	8805                	andi	s0,s0,1
    8284:	20f70663          	beq	a4,a5,8490 <__subdf3+0x350>
    8288:	ff8007b7          	lui	a5,0xff800
    828c:	17fd                	addi	a5,a5,-1
    828e:	8ff1                	and	a5,a5,a2
    8290:	01d79813          	slli	a6,a5,0x1d
    8294:	0039d993          	srli	s3,s3,0x3
    8298:	07a6                	slli	a5,a5,0x9
    829a:	01386833          	or	a6,a6,s3
    829e:	83b1                	srli	a5,a5,0xc
    82a0:	7ff77713          	andi	a4,a4,2047
    82a4:	00c79693          	slli	a3,a5,0xc
    82a8:	0752                	slli	a4,a4,0x14
    82aa:	82b1                	srli	a3,a3,0xc
    82ac:	047e                	slli	s0,s0,0x1f
    82ae:	8ed9                	or	a3,a3,a4
    82b0:	8ec1                	or	a3,a3,s0
    82b2:	40f2                	lw	ra,28(sp)
    82b4:	4462                	lw	s0,24(sp)
    82b6:	44d2                	lw	s1,20(sp)
    82b8:	4942                	lw	s2,16(sp)
    82ba:	49b2                	lw	s3,12(sp)
    82bc:	8542                	mv	a0,a6
    82be:	85b6                	mv	a1,a3
    82c0:	6105                	addi	sp,sp,32
    82c2:	8082                	ret
    82c4:	0ab05663          	blez	a1,8370 <__subdf3+0x230>
    82c8:	12088a63          	beqz	a7,83fc <__subdf3+0x2bc>
    82cc:	008007b7          	lui	a5,0x800
    82d0:	8f5d                	or	a4,a4,a5
    82d2:	2dc48763          	beq	s1,t3,85a0 <__subdf3+0x460>
    82d6:	03800793          	li	a5,56
    82da:	18b7c763          	blt	a5,a1,8468 <__subdf3+0x328>
    82de:	47fd                	li	a5,31
    82e0:	3cb7d263          	bge	a5,a1,86a4 <__subdf3+0x564>
    82e4:	fe058813          	addi	a6,a1,-32 # ffe0 <_data_lma+0x68bc>
    82e8:	02000793          	li	a5,32
    82ec:	010759b3          	srl	s3,a4,a6
    82f0:	00f58a63          	beq	a1,a5,8304 <__subdf3+0x1c4>
    82f4:	04000793          	li	a5,64
    82f8:	40b785b3          	sub	a1,a5,a1
    82fc:	00b71733          	sll	a4,a4,a1
    8300:	00eeeeb3          	or	t4,t4,a4
    8304:	01d03833          	snez	a6,t4
    8308:	01386833          	or	a6,a6,s3
    830c:	a295                	j	8470 <__subdf3+0x330>
    830e:	01d767b3          	or	a5,a4,t4
    8312:	80148593          	addi	a1,s1,-2047
    8316:	e399                	bnez	a5,831c <__subdf3+0x1dc>
    8318:	0016c693          	xori	a3,a3,1
    831c:	04d40a63          	beq	s0,a3,8370 <__subdf3+0x230>
    8320:	e1d1                	bnez	a1,83a4 <__subdf3+0x264>
    8322:	00148793          	addi	a5,s1,1
    8326:	7fe7f793          	andi	a5,a5,2046
    832a:	1e079963          	bnez	a5,851c <__subdf3+0x3dc>
    832e:	01e367b3          	or	a5,t1,t5
    8332:	01d76833          	or	a6,a4,t4
    8336:	16049263          	bnez	s1,849a <__subdf3+0x35a>
    833a:	3c078263          	beqz	a5,86fe <__subdf3+0x5be>
    833e:	42081663          	bnez	a6,876a <__subdf3+0x62a>
    8342:	00351813          	slli	a6,a0,0x3
    8346:	01d31693          	slli	a3,t1,0x1d
    834a:	00385813          	srli	a6,a6,0x3
    834e:	0106e833          	or	a6,a3,a6
    8352:	00335793          	srli	a5,t1,0x3
    8356:	a219                	j	845c <__subdf3+0x31c>
    8358:	01d767b3          	or	a5,a4,t4
    835c:	1a078563          	beqz	a5,8506 <__subdf3+0x3c6>
    8360:	fff58793          	addi	a5,a1,-1
    8364:	3a078b63          	beqz	a5,871a <__subdf3+0x5da>
    8368:	23c58c63          	beq	a1,t3,85a0 <__subdf3+0x460>
    836c:	85be                	mv	a1,a5
    836e:	b589                	j	81b0 <__subdf3+0x70>
    8370:	1c059963          	bnez	a1,8542 <__subdf3+0x402>
    8374:	00148693          	addi	a3,s1,1
    8378:	7fe6f793          	andi	a5,a3,2046
    837c:	efc1                	bnez	a5,8414 <__subdf3+0x2d4>
    837e:	01e367b3          	or	a5,t1,t5
    8382:	36049063          	bnez	s1,86e2 <__subdf3+0x5a2>
    8386:	44078d63          	beqz	a5,87e0 <__subdf3+0x6a0>
    838a:	01d767b3          	or	a5,a4,t4
    838e:	46079463          	bnez	a5,87f6 <__subdf3+0x6b6>
    8392:	050e                	slli	a0,a0,0x3
    8394:	01d31813          	slli	a6,t1,0x1d
    8398:	810d                	srli	a0,a0,0x3
    839a:	00a86833          	or	a6,a6,a0
    839e:	00335793          	srli	a5,t1,0x3
    83a2:	a86d                	j	845c <__subdf3+0x31c>
    83a4:	409885b3          	sub	a1,a7,s1
    83a8:	20049763          	bnez	s1,85b6 <__subdf3+0x476>
    83ac:	01e367b3          	or	a5,t1,t5
    83b0:	30078d63          	beqz	a5,86ca <__subdf3+0x58a>
    83b4:	fff58793          	addi	a5,a1,-1
    83b8:	40078963          	beqz	a5,87ca <__subdf3+0x68a>
    83bc:	7ff00513          	li	a0,2047
    83c0:	20a58363          	beq	a1,a0,85c6 <__subdf3+0x486>
    83c4:	85be                	mv	a1,a5
    83c6:	03800793          	li	a5,56
    83ca:	2ab7c263          	blt	a5,a1,866e <__subdf3+0x52e>
    83ce:	47fd                	li	a5,31
    83d0:	3cb7c863          	blt	a5,a1,87a0 <__subdf3+0x660>
    83d4:	02000793          	li	a5,32
    83d8:	8f8d                	sub	a5,a5,a1
    83da:	00f31833          	sll	a6,t1,a5
    83de:	00bf5633          	srl	a2,t5,a1
    83e2:	00ff17b3          	sll	a5,t5,a5
    83e6:	00c86833          	or	a6,a6,a2
    83ea:	00f039b3          	snez	s3,a5
    83ee:	00b35333          	srl	t1,t1,a1
    83f2:	01386833          	or	a6,a6,s3
    83f6:	40670733          	sub	a4,a4,t1
    83fa:	acb5                	j	8676 <__subdf3+0x536>
    83fc:	01d767b3          	or	a5,a4,t4
    8400:	10078363          	beqz	a5,8506 <__subdf3+0x3c6>
    8404:	fff58793          	addi	a5,a1,-1
    8408:	1e078f63          	beqz	a5,8606 <__subdf3+0x4c6>
    840c:	2fc58063          	beq	a1,t3,86ec <__subdf3+0x5ac>
    8410:	85be                	mv	a1,a5
    8412:	b5d1                	j	82d6 <__subdf3+0x196>
    8414:	7ff00793          	li	a5,2047
    8418:	06f68b63          	beq	a3,a5,848e <__subdf3+0x34e>
    841c:	9efa                	add	t4,t4,t5
    841e:	01eeb633          	sltu	a2,t4,t5
    8422:	00e307b3          	add	a5,t1,a4
    8426:	97b2                	add	a5,a5,a2
    8428:	01f79813          	slli	a6,a5,0x1f
    842c:	001ede93          	srli	t4,t4,0x1
    8430:	01d869b3          	or	s3,a6,t4
    8434:	0017d613          	srli	a2,a5,0x1
    8438:	84b6                	mv	s1,a3
    843a:	0079f793          	andi	a5,s3,7
    843e:	e0079fe3          	bnez	a5,825c <__subdf3+0x11c>
    8442:	01d61793          	slli	a5,a2,0x1d
    8446:	0039d813          	srli	a6,s3,0x3
    844a:	00f86833          	or	a6,a6,a5
    844e:	85a6                	mv	a1,s1
    8450:	00365793          	srli	a5,a2,0x3
    8454:	7ff00713          	li	a4,2047
    8458:	06e58063          	beq	a1,a4,84b8 <__subdf3+0x378>
    845c:	07b2                	slli	a5,a5,0xc
    845e:	83b1                	srli	a5,a5,0xc
    8460:	7ff5f713          	andi	a4,a1,2047
    8464:	8805                	andi	s0,s0,1
    8466:	bd3d                	j	82a4 <__subdf3+0x164>
    8468:	01d76733          	or	a4,a4,t4
    846c:	00e03833          	snez	a6,a4
    8470:	01e809b3          	add	s3,a6,t5
    8474:	01e9b7b3          	sltu	a5,s3,t5
    8478:	00678633          	add	a2,a5,t1
    847c:	00861793          	slli	a5,a2,0x8
    8480:	fa07dde3          	bgez	a5,843a <__subdf3+0x2fa>
    8484:	0485                	addi	s1,s1,1
    8486:	7ff00793          	li	a5,2047
    848a:	18f49c63          	bne	s1,a5,8622 <__subdf3+0x4e2>
    848e:	8805                	andi	s0,s0,1
    8490:	7ff00713          	li	a4,2047
    8494:	4781                	li	a5,0
    8496:	4801                	li	a6,0
    8498:	b531                	j	82a4 <__subdf3+0x164>
    849a:	10079163          	bnez	a5,859c <__subdf3+0x45c>
    849e:	3c080163          	beqz	a6,8860 <__subdf3+0x720>
    84a2:	00361813          	slli	a6,a2,0x3
    84a6:	01d71793          	slli	a5,a4,0x1d
    84aa:	00385813          	srli	a6,a6,0x3
    84ae:	00f86833          	or	a6,a6,a5
    84b2:	8436                	mv	s0,a3
    84b4:	00375793          	srli	a5,a4,0x3
    84b8:	00f867b3          	or	a5,a6,a5
    84bc:	dbe9                	beqz	a5,848e <__subdf3+0x34e>
    84be:	4401                	li	s0,0
    84c0:	7ff00713          	li	a4,2047
    84c4:	000807b7          	lui	a5,0x80
    84c8:	4801                	li	a6,0
    84ca:	bbe9                	j	82a4 <__subdf3+0x164>
    84cc:	ff800637          	lui	a2,0xff800
    84d0:	167d                	addi	a2,a2,-1
    84d2:	8e7d                	and	a2,a2,a5
    84d4:	0079f793          	andi	a5,s3,7
    84d8:	8c99                	sub	s1,s1,a4
    84da:	d80791e3          	bnez	a5,825c <__subdf3+0x11c>
    84de:	b795                	j	8442 <__subdf3+0x302>
    84e0:	854e                	mv	a0,s3
    84e2:	9fcfb0ef          	jal	ra,36de <__clzsi2>
    84e6:	01850713          	addi	a4,a0,24
    84ea:	47fd                	li	a5,31
    84ec:	d2e7d2e3          	bge	a5,a4,8210 <__subdf3+0xd0>
    84f0:	ff850613          	addi	a2,a0,-8
    84f4:	00c997b3          	sll	a5,s3,a2
    84f8:	4981                	li	s3,0
    84fa:	b32d                	j	8224 <__subdf3+0xe4>
    84fc:	01d76833          	or	a6,a4,t4
    8500:	01003833          	snez	a6,a6
    8504:	b1c5                	j	81e4 <__subdf3+0xa4>
    8506:	00351813          	slli	a6,a0,0x3
    850a:	01d31793          	slli	a5,t1,0x1d
    850e:	00385813          	srli	a6,a6,0x3
    8512:	00f86833          	or	a6,a6,a5
    8516:	00335793          	srli	a5,t1,0x3
    851a:	bf2d                	j	8454 <__subdf3+0x314>
    851c:	41df09b3          	sub	s3,t5,t4
    8520:	40e30933          	sub	s2,t1,a4
    8524:	013f3633          	sltu	a2,t5,s3
    8528:	40c90933          	sub	s2,s2,a2
    852c:	00891793          	slli	a5,s2,0x8
    8530:	2007ca63          	bltz	a5,8744 <__subdf3+0x604>
    8534:	0129e833          	or	a6,s3,s2
    8538:	cc0815e3          	bnez	a6,8202 <__subdf3+0xc2>
    853c:	4781                	li	a5,0
    853e:	4401                	li	s0,0
    8540:	bf31                	j	845c <__subdf3+0x31c>
    8542:	409885b3          	sub	a1,a7,s1
    8546:	14048163          	beqz	s1,8688 <__subdf3+0x548>
    854a:	008006b7          	lui	a3,0x800
    854e:	7ff00793          	li	a5,2047
    8552:	00d36333          	or	t1,t1,a3
    8556:	20f88163          	beq	a7,a5,8758 <__subdf3+0x618>
    855a:	03800793          	li	a5,56
    855e:	22b7cc63          	blt	a5,a1,8796 <__subdf3+0x656>
    8562:	47fd                	li	a5,31
    8564:	2cb7c963          	blt	a5,a1,8836 <__subdf3+0x6f6>
    8568:	02000793          	li	a5,32
    856c:	8f8d                	sub	a5,a5,a1
    856e:	00f31833          	sll	a6,t1,a5
    8572:	00bf56b3          	srl	a3,t5,a1
    8576:	00ff17b3          	sll	a5,t5,a5
    857a:	00d86833          	or	a6,a6,a3
    857e:	00f039b3          	snez	s3,a5
    8582:	00b35333          	srl	t1,t1,a1
    8586:	01386833          	or	a6,a6,s3
    858a:	971a                	add	a4,a4,t1
    858c:	01d809b3          	add	s3,a6,t4
    8590:	01d9b7b3          	sltu	a5,s3,t4
    8594:	00e78633          	add	a2,a5,a4
    8598:	84c6                	mv	s1,a7
    859a:	b5cd                	j	847c <__subdf3+0x33c>
    859c:	f20811e3          	bnez	a6,84be <__subdf3+0x37e>
    85a0:	00351813          	slli	a6,a0,0x3
    85a4:	01d31793          	slli	a5,t1,0x1d
    85a8:	00385813          	srli	a6,a6,0x3
    85ac:	00f86833          	or	a6,a6,a5
    85b0:	00335793          	srli	a5,t1,0x3
    85b4:	b711                	j	84b8 <__subdf3+0x378>
    85b6:	00800537          	lui	a0,0x800
    85ba:	7ff00793          	li	a5,2047
    85be:	00a36333          	or	t1,t1,a0
    85c2:	e0f892e3          	bne	a7,a5,83c6 <__subdf3+0x286>
    85c6:	060e                	slli	a2,a2,0x3
    85c8:	01d71813          	slli	a6,a4,0x1d
    85cc:	820d                	srli	a2,a2,0x3
    85ce:	00c86833          	or	a6,a6,a2
    85d2:	00375793          	srli	a5,a4,0x3
    85d6:	8436                	mv	s0,a3
    85d8:	b5c5                	j	84b8 <__subdf3+0x378>
    85da:	1705                	addi	a4,a4,-31
    85dc:	02000693          	li	a3,32
    85e0:	00e7d733          	srl	a4,a5,a4
    85e4:	00d60a63          	beq	a2,a3,85f8 <__subdf3+0x4b8>
    85e8:	04000693          	li	a3,64
    85ec:	40c68633          	sub	a2,a3,a2
    85f0:	00c79633          	sll	a2,a5,a2
    85f4:	00c9e9b3          	or	s3,s3,a2
    85f8:	01303833          	snez	a6,s3
    85fc:	00e869b3          	or	s3,a6,a4
    8600:	4601                	li	a2,0
    8602:	4481                	li	s1,0
    8604:	bd1d                	j	843a <__subdf3+0x2fa>
    8606:	01df09b3          	add	s3,t5,t4
    860a:	00e307b3          	add	a5,t1,a4
    860e:	01e9bf33          	sltu	t5,s3,t5
    8612:	01e78633          	add	a2,a5,t5
    8616:	00861793          	slli	a5,a2,0x8
    861a:	4485                	li	s1,1
    861c:	e007dfe3          	bgez	a5,843a <__subdf3+0x2fa>
    8620:	4489                	li	s1,2
    8622:	ff8007b7          	lui	a5,0xff800
    8626:	17fd                	addi	a5,a5,-1
    8628:	8ff1                	and	a5,a5,a2
    862a:	0019d713          	srli	a4,s3,0x1
    862e:	0019f813          	andi	a6,s3,1
    8632:	01076833          	or	a6,a4,a6
    8636:	01f79993          	slli	s3,a5,0x1f
    863a:	0109e9b3          	or	s3,s3,a6
    863e:	0017d613          	srli	a2,a5,0x1
    8642:	b911                	j	8256 <__subdf3+0x116>
    8644:	fe058813          	addi	a6,a1,-32
    8648:	02000793          	li	a5,32
    864c:	010759b3          	srl	s3,a4,a6
    8650:	00f58a63          	beq	a1,a5,8664 <__subdf3+0x524>
    8654:	04000793          	li	a5,64
    8658:	40b785b3          	sub	a1,a5,a1
    865c:	00b71733          	sll	a4,a4,a1
    8660:	00eeeeb3          	or	t4,t4,a4
    8664:	01d03833          	snez	a6,t4
    8668:	01386833          	or	a6,a6,s3
    866c:	bea5                	j	81e4 <__subdf3+0xa4>
    866e:	01e36333          	or	t1,t1,t5
    8672:	00603833          	snez	a6,t1
    8676:	410e89b3          	sub	s3,t4,a6
    867a:	013eb7b3          	sltu	a5,t4,s3
    867e:	40f70633          	sub	a2,a4,a5
    8682:	84c6                	mv	s1,a7
    8684:	8436                	mv	s0,a3
    8686:	b6ad                	j	81f0 <__subdf3+0xb0>
    8688:	01e367b3          	or	a5,t1,t5
    868c:	18078763          	beqz	a5,881a <__subdf3+0x6da>
    8690:	fff58793          	addi	a5,a1,-1
    8694:	1c078c63          	beqz	a5,886c <__subdf3+0x72c>
    8698:	7ff00693          	li	a3,2047
    869c:	0ad58e63          	beq	a1,a3,8758 <__subdf3+0x618>
    86a0:	85be                	mv	a1,a5
    86a2:	bd65                	j	855a <__subdf3+0x41a>
    86a4:	02000793          	li	a5,32
    86a8:	8f8d                	sub	a5,a5,a1
    86aa:	00bed9b3          	srl	s3,t4,a1
    86ae:	00f71833          	sll	a6,a4,a5
    86b2:	00fe9eb3          	sll	t4,t4,a5
    86b6:	01386833          	or	a6,a6,s3
    86ba:	00b75733          	srl	a4,a4,a1
    86be:	01d039b3          	snez	s3,t4
    86c2:	01386833          	or	a6,a6,s3
    86c6:	933a                	add	t1,t1,a4
    86c8:	b365                	j	8470 <__subdf3+0x330>
    86ca:	00361813          	slli	a6,a2,0x3
    86ce:	01d71793          	slli	a5,a4,0x1d
    86d2:	00385813          	srli	a6,a6,0x3
    86d6:	0107e833          	or	a6,a5,a6
    86da:	8436                	mv	s0,a3
    86dc:	00375793          	srli	a5,a4,0x3
    86e0:	bb95                	j	8454 <__subdf3+0x314>
    86e2:	cbbd                	beqz	a5,8758 <__subdf3+0x618>
    86e4:	01d76733          	or	a4,a4,t4
    86e8:	dc071be3          	bnez	a4,84be <__subdf3+0x37e>
    86ec:	050e                	slli	a0,a0,0x3
    86ee:	01d31813          	slli	a6,t1,0x1d
    86f2:	810d                	srli	a0,a0,0x3
    86f4:	00a86833          	or	a6,a6,a0
    86f8:	00335793          	srli	a5,t1,0x3
    86fc:	bb75                	j	84b8 <__subdf3+0x378>
    86fe:	e2080fe3          	beqz	a6,853c <__subdf3+0x3fc>
    8702:	00361813          	slli	a6,a2,0x3
    8706:	01d71793          	slli	a5,a4,0x1d
    870a:	00385813          	srli	a6,a6,0x3
    870e:	00f86833          	or	a6,a6,a5
    8712:	8436                	mv	s0,a3
    8714:	00375793          	srli	a5,a4,0x3
    8718:	b391                	j	845c <__subdf3+0x31c>
    871a:	41df09b3          	sub	s3,t5,t4
    871e:	40e307b3          	sub	a5,t1,a4
    8722:	013f3f33          	sltu	t5,t5,s3
    8726:	41e78633          	sub	a2,a5,t5
    872a:	4485                	li	s1,1
    872c:	b4d1                	j	81f0 <__subdf3+0xb0>
    872e:	00351813          	slli	a6,a0,0x3
    8732:	01d31693          	slli	a3,t1,0x1d
    8736:	00385813          	srli	a6,a6,0x3
    873a:	0106e833          	or	a6,a3,a6
    873e:	00335793          	srli	a5,t1,0x3
    8742:	bb9d                	j	84b8 <__subdf3+0x378>
    8744:	41ee89b3          	sub	s3,t4,t5
    8748:	40670633          	sub	a2,a4,t1
    874c:	013eb933          	sltu	s2,t4,s3
    8750:	41260933          	sub	s2,a2,s2
    8754:	8436                	mv	s0,a3
    8756:	b475                	j	8202 <__subdf3+0xc2>
    8758:	060e                	slli	a2,a2,0x3
    875a:	01d71813          	slli	a6,a4,0x1d
    875e:	820d                	srli	a2,a2,0x3
    8760:	00c86833          	or	a6,a6,a2
    8764:	00375793          	srli	a5,a4,0x3
    8768:	bb81                	j	84b8 <__subdf3+0x378>
    876a:	41df09b3          	sub	s3,t5,t4
    876e:	40e307b3          	sub	a5,t1,a4
    8772:	013f3633          	sltu	a2,t5,s3
    8776:	40c78633          	sub	a2,a5,a2
    877a:	00861793          	slli	a5,a2,0x8
    877e:	0a07d763          	bgez	a5,882c <__subdf3+0x6ec>
    8782:	41ee89b3          	sub	s3,t4,t5
    8786:	406707b3          	sub	a5,a4,t1
    878a:	013ebeb3          	sltu	t4,t4,s3
    878e:	41d78633          	sub	a2,a5,t4
    8792:	8436                	mv	s0,a3
    8794:	b4c9                	j	8256 <__subdf3+0x116>
    8796:	01e36333          	or	t1,t1,t5
    879a:	00603833          	snez	a6,t1
    879e:	b3fd                	j	858c <__subdf3+0x44c>
    87a0:	fe058813          	addi	a6,a1,-32
    87a4:	02000793          	li	a5,32
    87a8:	010359b3          	srl	s3,t1,a6
    87ac:	00f58a63          	beq	a1,a5,87c0 <__subdf3+0x680>
    87b0:	04000793          	li	a5,64
    87b4:	40b785b3          	sub	a1,a5,a1
    87b8:	00b31333          	sll	t1,t1,a1
    87bc:	006f6f33          	or	t5,t5,t1
    87c0:	01e03833          	snez	a6,t5
    87c4:	01386833          	or	a6,a6,s3
    87c8:	b57d                	j	8676 <__subdf3+0x536>
    87ca:	41ee89b3          	sub	s3,t4,t5
    87ce:	406707b3          	sub	a5,a4,t1
    87d2:	013ebeb3          	sltu	t4,t4,s3
    87d6:	41d78633          	sub	a2,a5,t4
    87da:	8436                	mv	s0,a3
    87dc:	4485                	li	s1,1
    87de:	bc09                	j	81f0 <__subdf3+0xb0>
    87e0:	00361813          	slli	a6,a2,0x3
    87e4:	01d71793          	slli	a5,a4,0x1d
    87e8:	00385813          	srli	a6,a6,0x3
    87ec:	00f86833          	or	a6,a6,a5
    87f0:	00375793          	srli	a5,a4,0x3
    87f4:	b1a5                	j	845c <__subdf3+0x31c>
    87f6:	01df09b3          	add	s3,t5,t4
    87fa:	00e307b3          	add	a5,t1,a4
    87fe:	01e9bf33          	sltu	t5,s3,t5
    8802:	01e78633          	add	a2,a5,t5
    8806:	00861793          	slli	a5,a2,0x8
    880a:	c207d8e3          	bgez	a5,843a <__subdf3+0x2fa>
    880e:	ff8007b7          	lui	a5,0xff800
    8812:	17fd                	addi	a5,a5,-1
    8814:	8e7d                	and	a2,a2,a5
    8816:	4485                	li	s1,1
    8818:	b10d                	j	843a <__subdf3+0x2fa>
    881a:	060e                	slli	a2,a2,0x3
    881c:	01d71813          	slli	a6,a4,0x1d
    8820:	820d                	srli	a2,a2,0x3
    8822:	00c86833          	or	a6,a6,a2
    8826:	00375793          	srli	a5,a4,0x3
    882a:	b12d                	j	8454 <__subdf3+0x314>
    882c:	00c9e833          	or	a6,s3,a2
    8830:	d00806e3          	beqz	a6,853c <__subdf3+0x3fc>
    8834:	b119                	j	843a <__subdf3+0x2fa>
    8836:	fe058813          	addi	a6,a1,-32
    883a:	02000793          	li	a5,32
    883e:	010359b3          	srl	s3,t1,a6
    8842:	00f58a63          	beq	a1,a5,8856 <__subdf3+0x716>
    8846:	04000793          	li	a5,64
    884a:	40b785b3          	sub	a1,a5,a1
    884e:	00b31333          	sll	t1,t1,a1
    8852:	006f6f33          	or	t5,t5,t1
    8856:	01e03833          	snez	a6,t5
    885a:	01386833          	or	a6,a6,s3
    885e:	b33d                	j	858c <__subdf3+0x44c>
    8860:	4401                	li	s0,0
    8862:	7ff00713          	li	a4,2047
    8866:	000807b7          	lui	a5,0x80
    886a:	bc2d                	j	82a4 <__subdf3+0x164>
    886c:	01df09b3          	add	s3,t5,t4
    8870:	00e307b3          	add	a5,t1,a4
    8874:	01d9beb3          	sltu	t4,s3,t4
    8878:	01d78633          	add	a2,a5,t4
    887c:	bb69                	j	8616 <__subdf3+0x4d6>

0000887e <__fixdfsi>:
    887e:	0145d793          	srli	a5,a1,0x14
    8882:	001006b7          	lui	a3,0x100
    8886:	fff68713          	addi	a4,a3,-1 # fffff <_data_lma+0xf68db>
    888a:	7ff7f793          	andi	a5,a5,2047
    888e:	3fe00613          	li	a2,1022
    8892:	8f6d                	and	a4,a4,a1
    8894:	81fd                	srli	a1,a1,0x1f
    8896:	00f65c63          	bge	a2,a5,88ae <__fixdfsi+0x30>
    889a:	41d00613          	li	a2,1053
    889e:	00f65a63          	bge	a2,a5,88b2 <__fixdfsi+0x34>
    88a2:	80000537          	lui	a0,0x80000
    88a6:	fff54513          	not	a0,a0
    88aa:	952e                	add	a0,a0,a1
    88ac:	8082                	ret
    88ae:	4501                	li	a0,0
    88b0:	8082                	ret
    88b2:	43300613          	li	a2,1075
    88b6:	8e1d                	sub	a2,a2,a5
    88b8:	487d                	li	a6,31
    88ba:	8f55                	or	a4,a4,a3
    88bc:	00c85d63          	bge	a6,a2,88d6 <__fixdfsi+0x58>
    88c0:	41300693          	li	a3,1043
    88c4:	40f687b3          	sub	a5,a3,a5
    88c8:	00f757b3          	srl	a5,a4,a5
    88cc:	40f00533          	neg	a0,a5
    88d0:	f1e5                	bnez	a1,88b0 <__fixdfsi+0x32>
    88d2:	853e                	mv	a0,a5
    88d4:	8082                	ret
    88d6:	bed78793          	addi	a5,a5,-1043 # 7fbed <_data_lma+0x764c9>
    88da:	00f717b3          	sll	a5,a4,a5
    88de:	00c55533          	srl	a0,a0,a2
    88e2:	8fc9                	or	a5,a5,a0
    88e4:	b7e5                	j	88cc <__fixdfsi+0x4e>

000088e6 <__fixunsdfsi>:
    88e6:	0145d793          	srli	a5,a1,0x14
    88ea:	001006b7          	lui	a3,0x100
    88ee:	fff68713          	addi	a4,a3,-1 # fffff <_data_lma+0xf68db>
    88f2:	7ff7f793          	andi	a5,a5,2047
    88f6:	3fe00613          	li	a2,1022
    88fa:	882a                	mv	a6,a0
    88fc:	8f6d                	and	a4,a4,a1
    88fe:	4501                	li	a0,0
    8900:	81fd                	srli	a1,a1,0x1f
    8902:	00f65463          	bge	a2,a5,890a <__fixunsdfsi+0x24>
    8906:	c199                	beqz	a1,890c <__fixunsdfsi+0x26>
    8908:	8082                	ret
    890a:	8082                	ret
    890c:	41e00613          	li	a2,1054
    8910:	557d                	li	a0,-1
    8912:	fef64be3          	blt	a2,a5,8908 <__fixunsdfsi+0x22>
    8916:	43300513          	li	a0,1075
    891a:	8d1d                	sub	a0,a0,a5
    891c:	467d                	li	a2,31
    891e:	8f55                	or	a4,a4,a3
    8920:	00a64a63          	blt	a2,a0,8934 <__fixunsdfsi+0x4e>
    8924:	bed78793          	addi	a5,a5,-1043
    8928:	00f71733          	sll	a4,a4,a5
    892c:	00a85533          	srl	a0,a6,a0
    8930:	8d59                	or	a0,a0,a4
    8932:	8082                	ret
    8934:	41300513          	li	a0,1043
    8938:	40f507b3          	sub	a5,a0,a5
    893c:	00f75533          	srl	a0,a4,a5
    8940:	8082                	ret

00008942 <__floatsidf>:
    8942:	1141                	addi	sp,sp,-16
    8944:	c606                	sw	ra,12(sp)
    8946:	c422                	sw	s0,8(sp)
    8948:	c226                	sw	s1,4(sp)
    894a:	cd0d                	beqz	a0,8984 <__floatsidf+0x42>
    894c:	41f55793          	srai	a5,a0,0x1f
    8950:	00a7c4b3          	xor	s1,a5,a0
    8954:	8c9d                	sub	s1,s1,a5
    8956:	842a                	mv	s0,a0
    8958:	8526                	mv	a0,s1
    895a:	d85fa0ef          	jal	ra,36de <__clzsi2>
    895e:	41e00693          	li	a3,1054
    8962:	8e89                	sub	a3,a3,a0
    8964:	47a9                	li	a5,10
    8966:	807d                	srli	s0,s0,0x1f
    8968:	7ff6f693          	andi	a3,a3,2047
    896c:	02a7cd63          	blt	a5,a0,89a6 <__floatsidf+0x64>
    8970:	472d                	li	a4,11
    8972:	8f09                	sub	a4,a4,a0
    8974:	00e4d7b3          	srl	a5,s1,a4
    8978:	0555                	addi	a0,a0,21
    897a:	07b2                	slli	a5,a5,0xc
    897c:	00a494b3          	sll	s1,s1,a0
    8980:	83b1                	srli	a5,a5,0xc
    8982:	a029                	j	898c <__floatsidf+0x4a>
    8984:	4401                	li	s0,0
    8986:	4681                	li	a3,0
    8988:	4781                	li	a5,0
    898a:	4481                	li	s1,0
    898c:	07b2                	slli	a5,a5,0xc
    898e:	06d2                	slli	a3,a3,0x14
    8990:	83b1                	srli	a5,a5,0xc
    8992:	047e                	slli	s0,s0,0x1f
    8994:	8fd5                	or	a5,a5,a3
    8996:	8fc1                	or	a5,a5,s0
    8998:	40b2                	lw	ra,12(sp)
    899a:	4422                	lw	s0,8(sp)
    899c:	8526                	mv	a0,s1
    899e:	85be                	mv	a1,a5
    89a0:	4492                	lw	s1,4(sp)
    89a2:	0141                	addi	sp,sp,16
    89a4:	8082                	ret
    89a6:	1555                	addi	a0,a0,-11
    89a8:	00a497b3          	sll	a5,s1,a0
    89ac:	07b2                	slli	a5,a5,0xc
    89ae:	83b1                	srli	a5,a5,0xc
    89b0:	4481                	li	s1,0
    89b2:	bfe9                	j	898c <__floatsidf+0x4a>

000089b4 <__floatunsidf>:
    89b4:	cd1d                	beqz	a0,89f2 <__floatunsidf+0x3e>
    89b6:	1141                	addi	sp,sp,-16
    89b8:	c422                	sw	s0,8(sp)
    89ba:	c606                	sw	ra,12(sp)
    89bc:	842a                	mv	s0,a0
    89be:	d21fa0ef          	jal	ra,36de <__clzsi2>
    89c2:	41e00693          	li	a3,1054
    89c6:	8e89                	sub	a3,a3,a0
    89c8:	47a9                	li	a5,10
    89ca:	7ff6f693          	andi	a3,a3,2047
    89ce:	02a7dc63          	bge	a5,a0,8a06 <__floatunsidf+0x52>
    89d2:	1555                	addi	a0,a0,-11
    89d4:	00a417b3          	sll	a5,s0,a0
    89d8:	07b2                	slli	a5,a5,0xc
    89da:	83b1                	srli	a5,a5,0xc
    89dc:	4701                	li	a4,0
    89de:	40b2                	lw	ra,12(sp)
    89e0:	4422                	lw	s0,8(sp)
    89e2:	07b2                	slli	a5,a5,0xc
    89e4:	06d2                	slli	a3,a3,0x14
    89e6:	83b1                	srli	a5,a5,0xc
    89e8:	8fd5                	or	a5,a5,a3
    89ea:	853a                	mv	a0,a4
    89ec:	85be                	mv	a1,a5
    89ee:	0141                	addi	sp,sp,16
    89f0:	8082                	ret
    89f2:	4781                	li	a5,0
    89f4:	4681                	li	a3,0
    89f6:	07b2                	slli	a5,a5,0xc
    89f8:	06d2                	slli	a3,a3,0x14
    89fa:	83b1                	srli	a5,a5,0xc
    89fc:	4701                	li	a4,0
    89fe:	8fd5                	or	a5,a5,a3
    8a00:	853a                	mv	a0,a4
    8a02:	85be                	mv	a1,a5
    8a04:	8082                	ret
    8a06:	472d                	li	a4,11
    8a08:	8f09                	sub	a4,a4,a0
    8a0a:	00e457b3          	srl	a5,s0,a4
    8a0e:	07b2                	slli	a5,a5,0xc
    8a10:	01550713          	addi	a4,a0,21 # 80000015 <_eusrstack+0x5fffb015>
    8a14:	00e41733          	sll	a4,s0,a4
    8a18:	83b1                	srli	a5,a5,0xc
    8a1a:	b7d1                	j	89de <__floatunsidf+0x2a>

00008a1c <_close>:
    8a1c:	05800793          	li	a5,88
    8a20:	c4f1a623          	sw	a5,-948(gp) # 2000063c <errno>
    8a24:	557d                	li	a0,-1
    8a26:	8082                	ret

00008a28 <_fstat>:
    8a28:	05800793          	li	a5,88
    8a2c:	c4f1a623          	sw	a5,-948(gp) # 2000063c <errno>
    8a30:	557d                	li	a0,-1
    8a32:	8082                	ret

00008a34 <_isatty>:
    8a34:	05800793          	li	a5,88
    8a38:	c4f1a623          	sw	a5,-948(gp) # 2000063c <errno>
    8a3c:	4501                	li	a0,0
    8a3e:	8082                	ret

00008a40 <_lseek>:
    8a40:	05800793          	li	a5,88
    8a44:	c4f1a623          	sw	a5,-948(gp) # 2000063c <errno>
    8a48:	557d                	li	a0,-1
    8a4a:	8082                	ret

00008a4c <_read>:
    8a4c:	05800793          	li	a5,88
    8a50:	c4f1a623          	sw	a5,-948(gp) # 2000063c <errno>
    8a54:	557d                	li	a0,-1
    8a56:	8082                	ret
    8a58:	7325                	lui	t1,0xfffe9
    8a5a:	000a                	c.slli	zero,0x2
    8a5c:	7065                	c.lui	zero,0xffff9
    8a5e:	3a68636f          	jal	t1,8ee04 <_data_lma+0x856e0>
    8a62:	7525                	lui	a0,0xfffe9
    8a64:	6420                	flw	fs0,72(s0)
    8a66:	7461                	lui	s0,0xffff8
    8a68:	3a65                	jal	8420 <__subdf3+0x2e0>
    8a6a:	3025                	jal	8292 <__subdf3+0x152>
    8a6c:	7532                	flw	fa0,44(sp)
    8a6e:	252e                	lhu	a1,10(a0)
    8a70:	3230                	lbu	a2,3(a2)
    8a72:	2e75                	jal	8e2e <font8x8+0xa6>
    8a74:	3025                	jal	829c <__subdf3+0x15c>
    8a76:	7532                	flw	fa0,44(sp)
    8a78:	7420                	flw	fs0,104(s0)
    8a7a:	6d69                	lui	s10,0x1a
    8a7c:	3a65                	jal	8434 <__subdf3+0x2f4>
    8a7e:	3025                	jal	82a6 <__subdf3+0x166>
    8a80:	7532                	flw	fa0,44(sp)
    8a82:	253a                	lhu	a4,10(a0)
    8a84:	3230                	lbu	a2,3(a2)
    8a86:	3a75                	jal	8442 <__subdf3+0x302>
    8a88:	3025                	jal	82b0 <__subdf3+0x170>
    8a8a:	7532                	flw	fa0,44(sp)
    8a8c:	0000                	unimp
    8a8e:	0000                	unimp
    8a90:	6c20                	flw	fs0,88(s0)
    8a92:	7461                	lui	s0,0xffff8
    8a94:	253a                	lhu	a4,10(a0)
    8a96:	2e75                	jal	8e52 <font8x8+0xca>
    8a98:	7525                	lui	a0,0xfffe9
    8a9a:	0000                	unimp
    8a9c:	6c20                	flw	fs0,88(s0)
    8a9e:	253a6e6f          	jal	t3,af4f0 <_data_lma+0xa5dcc>
    8aa2:	2e75                	jal	8e5e <font8x8+0xd6>
    8aa4:	7525                	lui	a0,0xfffe9
    8aa6:	7320                	flw	fs0,96(a4)
    8aa8:	7461                	lui	s0,0xffff8
    8aaa:	253a                	lhu	a4,10(a0)
    8aac:	0064                	addi	s1,sp,12
    8aae:	0000                	unimp
    8ab0:	6120                	flw	fs0,64(a0)
    8ab2:	746c                	flw	fa1,108(s0)
    8ab4:	253a                	lhu	a4,10(a0)
    8ab6:	2e75                	jal	8e72 <font8x8+0xea>
    8ab8:	3025                	jal	82e0 <__subdf3+0x1a0>
    8aba:	7531                	lui	a0,0xfffec
    8abc:	0000                	unimp
    8abe:	0000                	unimp
    8ac0:	7320                	flw	fs0,96(a4)
    8ac2:	6470                	flw	fa2,76(s0)
    8ac4:	253a                	lhu	a4,10(a0)
    8ac6:	2e75                	jal	8e82 <font8x8+0xfa>
    8ac8:	3025                	jal	82f0 <__subdf3+0x1b0>
    8aca:	7532                	flw	fa0,44(sp)
    8acc:	0000                	unimp
    8ace:	0000                	unimp
    8ad0:	6420                	flw	fs0,72(s0)
    8ad2:	7269                	lui	tp,0xffffa
    8ad4:	253a                	lhu	a4,10(a0)
    8ad6:	2e75                	jal	8e92 <font8x8+0x10a>
    8ad8:	3025                	jal	8300 <__subdf3+0x1c0>
    8ada:	7532                	flw	fa0,44(sp)
    8adc:	0000                	unimp
    8ade:	0000                	unimp
    8ae0:	0000                	unimp
    8ae2:	42c8                	lw	a0,4(a3)
    8ae4:	0000                	unimp
    8ae6:	4270                	lw	a2,68(a2)
    8ae8:	4724                	lw	s1,72(a4)
    8aea:	474e                	lw	a4,208(sp)
    8aec:	00004147          	fmsub.s	ft2,ft0,ft0,ft0,rmm
    8af0:	4724                	lw	s1,72(a4)
    8af2:	524e                	lw	tp,240(sp)
    8af4:	434d                	li	t1,19
    8af6:	0000                	unimp
    8af8:	1650                	addi	a2,sp,804
    8afa:	0000                	unimp
    8afc:	171e                	slli	a4,a4,0x27
    8afe:	0000                	unimp
    8b00:	17fe                	slli	a5,a5,0x3f
    8b02:	0000                	unimp
    8b04:	1810                	addi	a2,sp,48
    8b06:	0000                	unimp
    8b08:	15ee                	slli	a1,a1,0x3b
    8b0a:	0000                	unimp
    8b0c:	15ee                	slli	a1,a1,0x3b
    8b0e:	0000                	unimp
    8b10:	1818                	addi	a4,sp,48
    8b12:	0000                	unimp
    8b14:	1852                	slli	a6,a6,0x34
    8b16:	0000                	unimp
    8b18:	183a                	slli	a6,a6,0x2e
    8b1a:	0000                	unimp
    8b1c:	167e                	slli	a2,a2,0x3f
    8b1e:	0000                	unimp
    8b20:	16ae                	slli	a3,a3,0x2b
    8b22:	0000                	unimp
    8b24:	16f2                	slli	a3,a3,0x3c
    8b26:	0000                	unimp
    8b28:	17da                	slli	a5,a5,0x36
    8b2a:	0000                	unimp
    8b2c:	15dc                	addi	a5,sp,740
    8b2e:	0000                	unimp
    8b30:	7c20                	flw	fs0,120(s0)
    8b32:	0020                	addi	s0,sp,8
    8b34:	5d73255b          	0x5d73255b
    8b38:	0020                	addi	s0,sp,8
    8b3a:	0000                	unimp
    8b3c:	6f76                	flw	ft10,92(sp)
    8b3e:	746c                	flw	fa1,108(s0)
    8b40:	0000                	unimp
    8b42:	0000                	unimp
    8b44:	7372                	flw	ft6,60(sp)
    8b46:	0074                	addi	a3,sp,12
    8b48:	6d72                	flw	fs10,28(sp)
    8b4a:	67670063          	beq	a4,s6,91aa <font8x8+0x422>
    8b4e:	0061                	c.nop	24
    8b50:	636e7973          	csrrci	s2,0x636,28
    8b54:	0000                	unimp
    8b56:	0000                	unimp
    8b58:	00746567          	0x746567
    8b5c:	7065                	c.lui	zero,0xffff9
    8b5e:	0068636f          	jal	t1,8eb64 <_data_lma+0x85440>
    8b62:	0000                	unimp
    8b64:	3025                	jal	838c <__subdf3+0x24c>
    8b66:	7532                	flw	fa0,44(sp)
    8b68:	252e                	lhu	a1,10(a0)
    8b6a:	3230                	lbu	a2,3(a2)
    8b6c:	2e75                	jal	8f28 <font8x8+0x1a0>
    8b6e:	3025                	jal	8396 <__subdf3+0x256>
    8b70:	7532                	flw	fa0,44(sp)
    8b72:	2520                	lbu	s0,10(a0)
    8b74:	3230                	lbu	a2,3(a2)
    8b76:	3a75                	jal	8532 <__subdf3+0x3f2>
    8b78:	3025                	jal	83a0 <__subdf3+0x260>
    8b7a:	7532                	flw	fa0,44(sp)
    8b7c:	253a                	lhu	a4,10(a0)
    8b7e:	3230                	lbu	a2,3(a2)
    8b80:	0075                	c.nop	29
    8b82:	0000                	unimp
    8b84:	3025                	jal	83ac <__subdf3+0x26c>
    8b86:	7532                	flw	fa0,44(sp)
    8b88:	252e                	lhu	a1,10(a0)
    8b8a:	3230                	lbu	a2,3(a2)
    8b8c:	2075                	jal	8c38 <_read+0x1ec>
    8b8e:	3025                	jal	83b6 <__subdf3+0x276>
    8b90:	7532                	flw	fa0,44(sp)
    8b92:	253a                	lhu	a4,10(a0)
    8b94:	3230                	lbu	a2,3(a2)
    8b96:	3a75                	jal	8552 <__subdf3+0x412>
    8b98:	3025                	jal	83c0 <__subdf3+0x280>
    8b9a:	7532                	flw	fa0,44(sp)
    8b9c:	0000                	unimp
    8b9e:	0000                	unimp
    8ba0:	6e55                	lui	t3,0x15
    8ba2:	776f6e6b          	0x776f6e6b
    8ba6:	006e                	c.slli	zero,0x1b
    8ba8:	32334843          	fmadd.d	fa6,ft6,ft3,ft6,rmm
    8bac:	3058                	lbu	a4,5(s0)
    8bae:	38523533          	0x38523533
    8bb2:	3654                	lbu	a3,13(a2)
    8bb4:	0000                	unimp
    8bb6:	0000                	unimp
    8bb8:	32334843          	fmadd.d	fa6,ft6,ft3,ft6,rmm
    8bbc:	3058                	lbu	a4,5(s0)
    8bbe:	38463533          	0x38463533
    8bc2:	3655                	jal	8766 <__subdf3+0x626>
    8bc4:	0000                	unimp
    8bc6:	0000                	unimp
    8bc8:	32334843          	fmadd.d	fa6,ft6,ft3,ft6,rmm
    8bcc:	3058                	lbu	a4,5(s0)
    8bce:	38473533          	0x38473533
    8bd2:	3655                	jal	8776 <__subdf3+0x636>
    8bd4:	0000                	unimp
    8bd6:	0000                	unimp
    8bd8:	32334843          	fmadd.d	fa6,ft6,ft3,ft6,rmm
    8bdc:	3058                	lbu	a4,5(s0)
    8bde:	38473533          	0x38473533
    8be2:	3652                	lhu	a2,44(a2)
    8be4:	0000                	unimp
    8be6:	0000                	unimp
    8be8:	32334843          	fmadd.d	fa6,ft6,ft3,ft6,rmm
    8bec:	3058                	lbu	a4,5(s0)
    8bee:	37463533          	0x37463533
    8bf2:	3650                	lbu	a2,13(a2)
    8bf4:	0000                	unimp
    8bf6:	0000                	unimp
    8bf8:	32334843          	fmadd.d	fa6,ft6,ft3,ft6,rmm
    8bfc:	3058                	lbu	a4,5(s0)
    8bfe:	38463333          	0x38463333
    8c02:	3650                	lbu	a2,13(a2)
    8c04:	0000                	unimp
    8c06:	0000                	unimp
    8c08:	32334843          	fmadd.d	fa6,ft6,ft3,ft6,rmm
    8c0c:	3058                	lbu	a4,5(s0)
    8c0e:	38433533          	0x38433533
    8c12:	3654                	lbu	a3,13(a2)
    8c14:	0000                	unimp
    8c16:	0000                	unimp
    8c18:	2400                	lbu	s0,8(s0)
    8c1a:	4974                	lw	a3,84(a0)
    8c1c:	40533333          	0x40533333
    8c20:	f000                	fsw	fs0,32(s0)
    8c22:	457f                	0x457f
    8c24:	7274                	flw	fa3,100(a2)
    8c26:	6575                	lui	a0,0x1d
    8c28:	0000                	unimp
    8c2a:	0000                	unimp
    8c2c:	6166                	flw	ft2,88(sp)
    8c2e:	736c                	flw	fa1,100(a4)
    8c30:	0065                	c.nop	25
    8c32:	0000                	unimp
    8c34:	7245                	lui	tp,0xffff1
    8c36:	6f72                	flw	ft10,28(sp)
    8c38:	2072                	lhu	a2,6(s0)
    8c3a:	6d6d6f63          	bltu	s10,s6,9318 <__clz_tab+0xd0>
    8c3e:	6e61                	lui	t3,0x18
    8c40:	2064                	lbu	s1,6(s0)
    8c42:	2521                	jal	924a <__clz_tab+0x2>
    8c44:	00000073          	ecall
    8c48:	6552                	flw	fa0,20(sp)
    8c4a:	72617473          	csrrci	s0,0x726,2
    8c4e:	2e74                	lbu	a3,30(a2)
    8c50:	2e2e                	lhu	a1,26(a2)
    8c52:	7325                	lui	t1,0xfffe9
    8c54:	7325                	lui	t1,0xfffe9
    8c56:	0000                	unimp
    8c58:	6e45                	lui	t3,0x11
    8c5a:	6574                	flw	fa3,76(a0)
    8c5c:	2072                	lhu	a2,6(s0)
    8c5e:	6f74                	flw	fa3,92(a4)
    8c60:	7320                	flw	fs0,96(a4)
    8c62:	656c                	flw	fa1,76(a0)
    8c64:	7065                	c.lui	zero,0xffff9
    8c66:	6d20                	flw	fs0,88(a0)
    8c68:	2065646f          	jal	s0,5ee6e <_data_lma+0x5574a>
    8c6c:	7328                	flw	fa0,96(a4)
    8c6e:	656c                	flw	fa1,76(a0)
    8c70:	7065                	c.lui	zero,0xffff9
    8c72:	6d20                	flw	fs0,88(a0)
    8c74:	3a65646f          	jal	s0,5f01a <_data_lma+0x558f6>
    8c78:	7325                	lui	t1,0xfffe9
    8c7a:	0d29                	addi	s10,s10,10
    8c7c:	000a                	c.slli	zero,0x2
    8c7e:	0000                	unimp
    8c80:	7845                	lui	a6,0xffff1
    8c82:	7469                	lui	s0,0xffffa
    8c84:	6620                	flw	fs0,72(a2)
    8c86:	6f72                	flw	ft10,28(sp)
    8c88:	206d                	jal	8d32 <_read+0x2e6>
    8c8a:	65656c73          	csrrsi	s8,0x656,10
    8c8e:	2070                	lbu	a2,6(s0)
    8c90:	6f6d                	lui	t5,0x1b
    8c92:	6564                	flw	fs1,76(a0)
    8c94:	2820                	lbu	s0,18(s0)
    8c96:	65656c73          	csrrsi	s8,0x656,10
    8c9a:	2070                	lbu	a2,6(s0)
    8c9c:	6f6d                	lui	t5,0x1b
    8c9e:	6564                	flw	fs1,76(a0)
    8ca0:	253a                	lhu	a4,10(a0)
    8ca2:	000a2973          	csrrs	s2,ustatus,s4
    8ca6:	0000                	unimp
    8ca8:	6f76                	flw	ft10,92(sp)
    8caa:	746c                	flw	fa1,108(s0)
    8cac:	253a                	lhu	a4,10(a0)
    8cae:	2e75                	jal	906a <font8x8+0x2e2>
    8cb0:	3025                	jal	84d8 <__subdf3+0x398>
    8cb2:	7532                	flw	fa0,44(sp)
    8cb4:	000a                	c.slli	zero,0x2
    8cb6:	0000                	unimp
    8cb8:	6f76                	flw	ft10,92(sp)
    8cba:	746c                	flw	fa1,108(s0)
    8cbc:	253a                	lhu	a4,10(a0)
    8cbe:	2e75                	jal	907a <font8x8+0x2f2>
    8cc0:	3025                	jal	84e8 <__subdf3+0x3a8>
    8cc2:	7536                	flw	fa0,108(sp)
    8cc4:	000a                	c.slli	zero,0x2
    8cc6:	0000                	unimp
    8cc8:	7045                	c.lui	zero,0xffff1
    8cca:	3d68636f          	jal	t1,8f0a0 <_data_lma+0x8597c>
    8cce:	7525                	lui	a0,0xfffe9
    8cd0:	7325                	lui	t1,0xfffe9
    8cd2:	0000                	unimp
    8cd4:	7325                	lui	t1,0xfffe9
    8cd6:	7325                	lui	t1,0xfffe9
    8cd8:	0000                	unimp
    8cda:	0000                	unimp
    8cdc:	2020                	lbu	s0,2(s0)
    8cde:	616c                	flw	fa1,68(a0)
    8ce0:	3a74                	lbu	a3,23(a2)
    8ce2:	3025                	jal	850a <__subdf3+0x3ca>
    8ce4:	7532                	flw	fa0,44(sp)
    8ce6:	252e                	lhu	a1,10(a0)
    8ce8:	3430                	lbu	a2,11(s0)
    8cea:	0a75                	addi	s4,s4,29
    8cec:	0000                	unimp
    8cee:	0000                	unimp
    8cf0:	6c20                	flw	fs0,88(s0)
    8cf2:	3a676e6f          	jal	t3,7f098 <_data_lma+0x75974>
    8cf6:	3025                	jal	851e <__subdf3+0x3de>
    8cf8:	7532                	flw	fa0,44(sp)
    8cfa:	252e                	lhu	a1,10(a0)
    8cfc:	3430                	lbu	a2,11(s0)
    8cfe:	0a75                	addi	s4,s4,29
    8d00:	0000                	unimp
    8d02:	0000                	unimp
    8d04:	7320                	flw	fs0,96(a4)
    8d06:	7461                	lui	s0,0xffff8
    8d08:	253a                	lhu	a4,10(a0)
    8d0a:	2064                	lbu	s1,6(s0)
    8d0c:	6c61                	lui	s8,0x18
    8d0e:	3a74                	lbu	a3,23(a2)
    8d10:	7525                	lui	a0,0xfffe9
    8d12:	0000                	unimp
    8d14:	45737067          	0x45737067
    8d18:	7476                	flw	fs0,124(sp)
    8d1a:	0000                	unimp
    8d1c:	2121                	jal	9124 <font8x8+0x39c>
    8d1e:	2021                	jal	8d26 <_read+0x2da>
    8d20:	6564                	flw	fs1,76(a0)
    8d22:	4576                	lw	a0,92(sp)
    8d24:	7272                	flw	ft4,60(sp)
    8d26:	253d726f          	jal	tp,e0778 <_data_lma+0xd7054>
    8d2a:	2075                	jal	8dd6 <font8x8+0x4e>
    8d2c:	2121                	jal	9134 <font8x8+0x3ac>
    8d2e:	2521                	jal	9336 <__clz_tab+0xee>
    8d30:	00000073          	ecall
    8d34:	6564                	flw	fs1,76(a0)
    8d36:	4576                	lw	a0,92(sp)
    8d38:	7272                	flw	ft4,60(sp)
    8d3a:	253a726f          	jal	tp,b078c <_data_lma+0xa7068>
    8d3e:	0075                	c.nop	29
    8d40:	7325                	lui	t1,0xfffe9
    8d42:	5220                	lw	s0,96(a2)
    8d44:	5349                	li	t1,-14
    8d46:	3a562d43          	fmadd.d	fs10,fa2,ft5,ft7,rdn
    8d4a:	7325                	lui	t1,0xfffe9
    8d4c:	5320                	lw	s0,96(a4)
    8d4e:	7379                	lui	t1,0xffffe
    8d50:	6574                	flw	fa3,76(a0)
    8d52:	436d                	li	t1,27
    8d54:	6b6c                	flw	fa1,84(a4)
    8d56:	253a                	lhu	a4,10(a0)
    8d58:	4875                	li	a6,29
    8d5a:	207a                	lhu	a4,6(s0)
    8d5c:	7045                	c.lui	zero,0xffff1
    8d5e:	3a68636f          	jal	t1,8f104 <_data_lma+0x859e0>
    8d62:	7525                	lui	a0,0xfffe9
    8d64:	7325                	lui	t1,0xfffe9
    8d66:	0000                	unimp
    8d68:	4952                	lw	s2,20(sp)
    8d6a:	562d4353          	0x562d4353
    8d6e:	4320                	lw	s0,64(a4)
    8d70:	3348                	lbu	a0,5(a4)
    8d72:	5832                	lw	a6,44(sp)
    8d74:	3330                	lbu	a2,3(a4)
    8d76:	0035                	c.nop	13
    8d78:	20535047          	fmsub.s	ft0,ft6,ft5,ft4,unknown
    8d7c:	7061                	c.lui	zero,0xffff8
    8d7e:	2070                	lbu	a2,6(s0)
    8d80:	6576                	flw	fa0,92(sp)
    8d82:	2e72                	lhu	a2,30(a2)
    8d84:	3830                	lbu	a2,19(s0)
	...

00008d88 <font8x8>:
	...
    8e80:	0e00 1111 000e 0000 0000 0000 0000 0000     ................
    8e90:	0000 5f06 065f 0000 0300 0003 0303 0000     ...__...........
    8ea0:	7f14 147f 7f7f 0014 2e24 6b6b 123a 0000     ........$.kk:...
    8eb0:	6646 1830 660c 0062 7a30 5d4f 7a37 0048     Ff0..fb.0zO]7zH.
    8ec0:	0704 0003 0000 0000 1c00 633e 0041 0000     ..........>cA...
    8ed0:	4100 3e63 001c 0000 2a08 1c3e 3e1c 082a     .Ac>.....*>..>*.
    8ee0:	0808 3e3e 0808 0000 8000 60e0 0000 0000     ..>>.......`....
    8ef0:	0808 0808 0808 0000 0000 6060 0000 0000     ..........``....
    8f00:	3060 0c18 0306 0001 7f3e 5971 7f4d 003e     `0......>.qYM.>.
    8f10:	4240 7f7f 4040 0000 7362 4959 666f 0000     @B..@@..bsYIof..
    8f20:	6322 4949 367f 0000 1c18 5316 7f7f 0050     "cII.6.....S..P.
    8f30:	6727 4545 397d 0000 7e3c 494b 3079 0000     'gEE}9..<~KIy0..
    8f40:	0303 7971 070f 0000 7f36 4949 367f 0000     ..qy....6.II.6..
    8f50:	4f06 6949 1e3f 0000 0000 6666 0000 0000     .OIi?.....ff....
    8f60:	8000 66e6 0000 0000 1c08 6336 0041 0000     ...f......6cA...
    8f70:	2424 2424 2424 0000 4100 3663 081c 0000     $$$$$$...Ac6....
    8f80:	0302 5951 060f 0000 7f3e 5d41 1f5d 001e     ..QY....>.A]]...
    8f90:	7e7c 1313 7c7e 0000 7f41 497f 7f49 0036     |~..~|..A..II.6.
    8fa0:	3e1c 4163 6341 0022 7f41 417f 3e63 001c     .>cAAc".A..Ac>..
    8fb0:	7f41 497f 415d 0063 7f41 497f 011d 0003     A..I]Ac.A..I....
    8fc0:	3e1c 4163 7351 0072 7f7f 0808 7f7f 0000     .>cAQsr.........
    8fd0:	4100 7f7f 0041 0000 7030 4140 3f7f 0001     .A..A...0p@A.?..
    8fe0:	7f41 087f 771c 0063 7f41 417f 6040 0070     A....wc.A..A@`p.
    8ff0:	7f7f 1c0e 7f0e 007f 7f7f 0c06 7f18 007f     ................
    9000:	3e1c 4163 3e63 001c 7f41 497f 0f09 0006     .>cAc>..A..I....
    9010:	3f1e 7121 5e7f 0000 7f41 097f 7f19 0066     .?!q.^..A.....f.
    9020:	6f26 594d 3273 0000 4103 7f7f 0341 0000     &oMYs2...A..A...
    9030:	7f7f 4040 7f7f 0000 3f1f 6060 1f3f 0000     ..@@.....?``?...
    9040:	7f7f 1830 7f30 007f 6743 183c 673c 0043     ..0.0...Cg<.<gC.
    9050:	4f07 7878 074f 0000 6347 5971 674d 0073     .OxxO...GcqYMgs.
    9060:	7f00 417f 0041 0000 0301 0c06 3018 0060     ...AA........0`.
    9070:	4100 7f41 007f 0000 0c08 0306 0c06 0008     .AA.............
    9080:	8080 8080 8080 8080 0000 0703 0004 0000     ................
    9090:	7420 5454 783c 0040 7f41 483f 7848 0030      tTT<x@.A.?HHx0.
    90a0:	7c38 4444 286c 0000 7830 4948 7f3f 0040     8|DDl(..0xHI?.@.
    90b0:	7c38 5454 185c 0000 7e48 497f 0203 0000     8|TT\...H~.I....
    90c0:	bc98 a4a4 7cf8 0004 7f41 087f 7c04 0078     .....|..A....|x.
    90d0:	4400 7d7d 0040 0000 e060 8080 7dfd 0000     .D}}@...`....}..
    90e0:	7f41 107f 6c38 0044 4100 7f7f 0040 0000     A...8lD..A..@...
    90f0:	7c7c 3818 7c1c 0078 7c7c 0404 787c 0000     ||.8.|x.||..|x..
    9100:	7c38 4444 387c 0000 fc84 a4f8 3c24 0018     8|DD|8......$<..
    9110:	3c18 a424 fcf8 0084 7c44 4c78 1c04 0018     .<$.....D|xL....
    9120:	5c48 5454 2474 0000 0400 7f3e 2444 0000     H\TTt$....>.D$..
    9130:	7c3c 4040 7c3c 0040 3c1c 6060 1c3c 0000     <|@@<|@..<``<...
    9140:	7c3c 3870 7c70 003c 6c44 1038 6c38 0044     <|p8p|<.Dl8.8lD.
    9150:	bc9c a0a0 7cfc 0000 644c 5c74 644c 0000     .....|..Ldt\Ld..
    9160:	0808 773e 4141 0000 0000 7700 0077 0000     ..>wAA.....ww...
    9170:	4141 3e77 0808 0000 0302 0301 0302 0001     AAw>............
    9180:	ffff ffff ffff 00ff 9a00 ffff 9926 ffff     ............&...
    9190:	99fa ffff 992e ffff 99fa ffff 98f4 ffff     ................
    91a0:	99fa ffff 992e ffff 9926 ffff 9926 ffff     ........&...&...
    91b0:	98f4 ffff 992e ffff 9934 ffff 9934 ffff     ........4...4...
    91c0:	9934 ffff 98f4 ffff 98e6 ffff 98e6 ffff     4...............
    91d0:	99ba ffff 9a96 ffff 99ba ffff 98b4 ffff     ................
    91e0:	99ba ffff 9a96 ffff 98e6 ffff 98e6 ffff     ................
    91f0:	98b4 ffff 9a96 ffff 98f4 ffff 98f4 ffff     ................
    9200:	98f4 ffff 98b4 ffff 9c88 ffff 9bd6 ffff     ................
    9210:	9bd6 ffff 9bd4 ffff 9bda ffff 9bda ffff     ................
    9220:	9baa ffff 9bd4 ffff 9bda ffff 9baa ffff     ................
    9230:	9bda ffff 9bd4 ffff 9c76 ffff 9c76 ffff     ........v...v...
    9240:	9c76 ffff 9baa ffff                         v.......

00009248 <__clz_tab>:
    9248:	0100 0202 0303 0303 0404 0404 0404 0404     ................
    9258:	0505 0505 0505 0505 0505 0505 0505 0505     ................
    9268:	0606 0606 0606 0606 0606 0606 0606 0606     ................
    9278:	0606 0606 0606 0606 0606 0606 0606 0606     ................
    9288:	0707 0707 0707 0707 0707 0707 0707 0707     ................
    9298:	0707 0707 0707 0707 0707 0707 0707 0707     ................
    92a8:	0707 0707 0707 0707 0707 0707 0707 0707     ................
    92b8:	0707 0707 0707 0707 0707 0707 0707 0707     ................
    92c8:	0808 0808 0808 0808 0808 0808 0808 0808     ................
    92d8:	0808 0808 0808 0808 0808 0808 0808 0808     ................
    92e8:	0808 0808 0808 0808 0808 0808 0808 0808     ................
    92f8:	0808 0808 0808 0808 0808 0808 0808 0808     ................
    9308:	0808 0808 0808 0808 0808 0808 0808 0808     ................
    9318:	0808 0808 0808 0808 0808 0808 0808 0808     ................
    9328:	0808 0808 0808 0808 0808 0808 0808 0808     ................
    9338:	0808 0808 0808 0808 0808 0808 0808 0808     ................
    9348:	a9a0 ffff a98c ffff a9be ffff a9c4 ffff     ................
    9358:	a9a0 ffff 0000 0000 0000 0000 0000 3fe0     ...............?
    9368:	0000 0000 0000 3ff0 0000 0000 0000 4000     .......?.......@
    9378:	0000 ffc0 ffff 41df 3595 94a0 ffff 3fdf     .......A.5.....?
    9388:	e535 35af 0000 3fe0 3595 94a0 ffff 3fcf     5..5...?.5.....?
    9398:	666e 0000 6e69 7469 0079 0000 6e61 0000     nf..inity...an..

000093a8 <fpi.3395>:
    93a8:	0035 0000 fbce ffff 03cb 0000 0001 0000     5...............
    93b8:	0000 0000                                   ....

000093bc <fpinan.3431>:
    93bc:	0034 0000 fbce ffff 03cb 0000 0001 0000     4...............
    93cc:	0000 0000                                   ....

000093d0 <tinytens>:
    93d0:	89bc 97d8 d2b2 3c9c a733 d5a8 f623 3949     .......<3...#.I9
    93e0:	a73d 44f4 0ffd 32a5 979d cf8c ba08 255b     =..D...2......[%
    93f0:	6f43 64ac 0628 1168                         Co.d(.h.

000093f8 <__sf_fake_stderr>:
	...

00009418 <__sf_fake_stdin>:
	...

00009438 <__sf_fake_stdout>:
	...
    9458:	0043 0000 4f50 4953 0058 0000 002e 0000     C...POSIX.......

00009468 <__mprec_bigtens>:
    9468:	8000 37e0 c379 4341 6e17 b505 b8b5 4693     ...7y.AC.n.....F
    9478:	f9f5 e93f 4f03 4d38 1d32 f930 7748 5a82     ..?..O8M2.0.Hw.Z
    9488:	bf3c 7f73 4fdd 7515                         <.s..O.u

00009490 <__mprec_tens>:
    9490:	0000 0000 0000 3ff0 0000 0000 0000 4024     .......?......$@
    94a0:	0000 0000 0000 4059 0000 0000 4000 408f     ......Y@.....@.@
    94b0:	0000 0000 8800 40c3 0000 0000 6a00 40f8     .......@.....j.@
    94c0:	0000 0000 8480 412e 0000 0000 12d0 4163     .......A......cA
    94d0:	0000 0000 d784 4197 0000 0000 cd65 41cd     .......A....e..A
    94e0:	0000 2000 a05f 4202 0000 e800 4876 4237     ... _..B....vH7B
    94f0:	0000 a200 1a94 426d 0000 e540 309c 42a2     ......mB..@..0.B
    9500:	0000 1e90 bcc4 42d6 0000 2634 6bf5 430c     .......B..4&.k.C
    9510:	8000 37e0 c379 4341 a000 85d8 3457 4376     ...7y.AC....W4vC
    9520:	c800 674e c16d 43ab 3d00 6091 58e4 43e1     ..Ngm..C.=.`.X.C
    9530:	8c40 78b5 af1d 4415 ef50 d6e2 1ae4 444b     @..x...DP.....KD
    9540:	d592 064d f0cf 4480 4af6 c7e1 2d02 44b5     ..M....D.J...-.D
    9550:	9db4 79d9 7843 44ea                         ...yCx.D

00009558 <p05.3319>:
    9558:	0005 0000 0019 0000 007d 0000 2d23 2b30     ........}...#-0+
    9568:	0020 0000 6c68 004c 6665 4567 4746 0000      ...hlL.efgEFG..
    9578:	3130 3332 3534 3736 3938 4241 4443 4645     0123456789ABCDEF
    9588:	0000 0000 3130 3332 3534 3736 3938 6261     ....0123456789ab
    9598:	6463 6665 0000 0000                         cdef....

000095a0 <_ctype_>:
    95a0:	2000 2020 2020 2020 2020 2828 2828 2028     .         ((((( 
    95b0:	2020 2020 2020 2020 2020 2020 2020 2020                     
    95c0:	8820 1010 1010 1010 1010 1010 1010 1010      ...............
    95d0:	0410 0404 0404 0404 0404 1004 1010 1010     ................
    95e0:	1010 4141 4141 4141 0101 0101 0101 0101     ..AAAAAA........
    95f0:	0101 0101 0101 0101 0101 0101 1010 1010     ................
    9600:	1010 4242 4242 4242 0202 0202 0202 0202     ..BBBBBB........
    9610:	0202 0202 0202 0202 0202 0202 1010 1010     ................
    9620:	0020 0000 0000 0000 0000 0000 0000 0000      ...............
	...
    96a4:	e0a4 ffff df28 ffff e038 ffff e040 ffff     ....(...8...@...
    96b4:	e038 ffff df58 ffff e038 ffff e040 ffff     8...X...8...@...
    96c4:	df28 ffff df28 ffff df58 ffff e040 ffff     (...(...X...@...
    96d4:	e09a ffff e09a ffff e09a ffff df58 ffff     ............X...
    96e4:	e7b4 ffff e6a6 ffff e6a6 ffff e6a4 ffff     ................
    96f4:	e6ac ffff e6ac ffff e672 ffff e6a4 ffff     ........r.......
    9704:	e6ac ffff e672 ffff e6ac ffff e6a4 ffff     ....r...........
    9714:	e7a0 ffff e7a0 ffff e7a0 ffff e672 ffff     ............r...
